[
    {
        "db_id": "body_builder",
        "query": "SELECT count(*) FROM body_builder",
        "query_toks": [
            "SELECT",
            "count",
            "(",
            "*",
            ")",
            "FROM",
            "body_builder"
        ],
        "query_toks_no_value": [
            "select",
            "count",
            "(",
            "*",
            ")",
            "from",
            "body_builder"
        ],
        "question": "How many body builders are there?",
        "question_toks": [
            "How",
            "many",
            "body",
            "builders",
            "are",
            "there",
            "?"
        ],
        "sql": {
            "from": {
                "table_units": [
                    [
                        "table_unit",
                        0
                    ]
                ],
                "conds": []
            },
            "select": [
                false,
                [
                    [
                        3,
                        [
                            0,
                            [
                                0,
                                0,
                                false
                            ],
                            null
                        ]
                    ]
                ]
            ],
            "where": [],
            "groupBy": [],
            "having": [],
            "orderBy": [],
            "limit": null,
            "intersect": null,
            "union": null,
            "except": null
        },
        "complexity": "easy",
        "query_len": 7
    },
    {
        "db_id": "body_builder",
        "query": "SELECT avg(Snatch) FROM body_builder",
        "query_toks": [
            "SELECT",
            "avg",
            "(",
            "Snatch",
            ")",
            "FROM",
            "body_builder"
        ],
        "query_toks_no_value": [
            "select",
            "avg",
            "(",
            "snatch",
            ")",
            "from",
            "body_builder"
        ],
        "question": "What is the average snatch score of body builders?",
        "question_toks": [
            "What",
            "is",
            "the",
            "average",
            "snatch",
            "score",
            "of",
            "body",
            "builders",
            "?"
        ],
        "sql": {
            "from": {
                "table_units": [
                    [
                        "table_unit",
                        0
                    ]
                ],
                "conds": []
            },
            "select": [
                false,
                [
                    [
                        5,
                        [
                            0,
                            [
                                0,
                                3,
                                false
                            ],
                            null
                        ]
                    ]
                ]
            ],
            "where": [],
            "groupBy": [],
            "having": [],
            "orderBy": [],
            "limit": null,
            "intersect": null,
            "union": null,
            "except": null
        },
        "complexity": "easy",
        "query_len": 7
    },
    {
        "db_id": "body_builder",
        "query": "SELECT min(snatch) FROM body_builder",
        "query_toks": [
            "SELECT",
            "min",
            "(",
            "snatch",
            ")",
            "FROM",
            "body_builder"
        ],
        "query_toks_no_value": [
            "select",
            "min",
            "(",
            "snatch",
            ")",
            "from",
            "body_builder"
        ],
        "question": "What is the minimum snatch score?",
        "question_toks": [
            "What",
            "is",
            "the",
            "minimum",
            "snatch",
            "score",
            "?"
        ],
        "sql": {
            "from": {
                "table_units": [
                    [
                        "table_unit",
                        0
                    ]
                ],
                "conds": []
            },
            "select": [
                false,
                [
                    [
                        2,
                        [
                            0,
                            [
                                0,
                                3,
                                false
                            ],
                            null
                        ]
                    ]
                ]
            ],
            "where": [],
            "groupBy": [],
            "having": [],
            "orderBy": [],
            "limit": null,
            "intersect": null,
            "union": null,
            "except": null
        },
        "complexity": "easy",
        "query_len": 7
    },
    {
        "db_id": "body_builder",
        "query": "SELECT Birth_Date FROM People ORDER BY Height ASC",
        "query_toks": [
            "SELECT",
            "Birth_Date",
            "FROM",
            "People",
            "ORDER",
            "BY",
            "Height",
            "ASC"
        ],
        "query_toks_no_value": [
            "select",
            "birth_date",
            "from",
            "people",
            "order",
            "by",
            "height",
            "asc"
        ],
        "question": "What are the birthdays of people in ascending order of height?",
        "question_toks": [
            "What",
            "are",
            "the",
            "birthdays",
            "of",
            "people",
            "in",
            "ascending",
            "order",
            "of",
            "height",
            "?"
        ],
        "sql": {
            "from": {
                "table_units": [
                    [
                        "table_unit",
                        1
                    ]
                ],
                "conds": []
            },
            "select": [
                false,
                [
                    [
                        0,
                        [
                            0,
                            [
                                0,
                                10,
                                false
                            ],
                            null
                        ]
                    ]
                ]
            ],
            "where": [],
            "groupBy": [],
            "having": [],
            "orderBy": [
                "asc",
                [
                    [
                        0,
                        [
                            0,
                            8,
                            false
                        ],
                        null
                    ]
                ]
            ],
            "limit": null,
            "intersect": null,
            "union": null,
            "except": null
        },
        "complexity": "easy",
        "query_len": 8
    },
    {
        "db_id": "body_builder",
        "query": "SELECT count(DISTINCT Birth_Place) FROM people",
        "query_toks": [
            "SELECT",
            "count",
            "(",
            "DISTINCT",
            "Birth_Place",
            ")",
            "FROM",
            "people"
        ],
        "query_toks_no_value": [
            "select",
            "count",
            "(",
            "distinct",
            "birth_place",
            ")",
            "from",
            "people"
        ],
        "question": "How many distinct birth places are there?",
        "question_toks": [
            "How",
            "many",
            "distinct",
            "birth",
            "places",
            "are",
            "there",
            "?"
        ],
        "sql": {
            "from": {
                "table_units": [
                    [
                        "table_unit",
                        1
                    ]
                ],
                "conds": []
            },
            "select": [
                false,
                [
                    [
                        3,
                        [
                            0,
                            [
                                0,
                                11,
                                true
                            ],
                            null
                        ]
                    ]
                ]
            ],
            "where": [],
            "groupBy": [],
            "having": [],
            "orderBy": [],
            "limit": null,
            "intersect": null,
            "union": null,
            "except": null
        },
        "complexity": "easy",
        "query_len": 8
    },
    {
        "db_id": "body_builder",
        "query": "SELECT Snatch ,  Clean_Jerk FROM body_builder ORDER BY Snatch ASC",
        "query_toks": [
            "SELECT",
            "Snatch",
            ",",
            "Clean_Jerk",
            "FROM",
            "body_builder",
            "ORDER",
            "BY",
            "Snatch",
            "ASC"
        ],
        "query_toks_no_value": [
            "select",
            "snatch",
            ",",
            "clean_jerk",
            "from",
            "body_builder",
            "order",
            "by",
            "snatch",
            "asc"
        ],
        "question": "List the snatch score and clean jerk score of body builders in ascending order of snatch score.",
        "question_toks": [
            "List",
            "the",
            "snatch",
            "score",
            "and",
            "clean",
            "jerk",
            "score",
            "of",
            "body",
            "builders",
            "in",
            "ascending",
            "order",
            "of",
            "snatch",
            "score",
            "."
        ],
        "sql": {
            "from": {
                "table_units": [
                    [
                        "table_unit",
                        0
                    ]
                ],
                "conds": []
            },
            "select": [
                false,
                [
                    [
                        0,
                        [
                            0,
                            [
                                0,
                                3,
                                false
                            ],
                            null
                        ]
                    ],
                    [
                        0,
                        [
                            0,
                            [
                                0,
                                4,
                                false
                            ],
                            null
                        ]
                    ]
                ]
            ],
            "where": [],
            "groupBy": [],
            "having": [],
            "orderBy": [
                "asc",
                [
                    [
                        0,
                        [
                            0,
                            3,
                            false
                        ],
                        null
                    ]
                ]
            ],
            "limit": null,
            "intersect": null,
            "union": null,
            "except": null
        },
        "complexity": "medium",
        "query_len": 10
    },
    {
        "db_id": "body_builder",
        "query": "SELECT Height ,  Weight FROM people ORDER BY Height DESC",
        "query_toks": [
            "SELECT",
            "Height",
            ",",
            "Weight",
            "FROM",
            "people",
            "ORDER",
            "BY",
            "Height",
            "DESC"
        ],
        "query_toks_no_value": [
            "select",
            "height",
            ",",
            "weight",
            "from",
            "people",
            "order",
            "by",
            "height",
            "desc"
        ],
        "question": "List the height and weight of people in descending order of height.",
        "question_toks": [
            "List",
            "the",
            "height",
            "and",
            "weight",
            "of",
            "people",
            "in",
            "descending",
            "order",
            "of",
            "height",
            "."
        ],
        "sql": {
            "from": {
                "table_units": [
                    [
                        "table_unit",
                        1
                    ]
                ],
                "conds": []
            },
            "select": [
                false,
                [
                    [
                        0,
                        [
                            0,
                            [
                                0,
                                8,
                                false
                            ],
                            null
                        ]
                    ],
                    [
                        0,
                        [
                            0,
                            [
                                0,
                                9,
                                false
                            ],
                            null
                        ]
                    ]
                ]
            ],
            "where": [],
            "groupBy": [],
            "having": [],
            "orderBy": [
                "desc",
                [
                    [
                        0,
                        [
                            0,
                            8,
                            false
                        ],
                        null
                    ]
                ]
            ],
            "limit": null,
            "intersect": null,
            "union": null,
            "except": null
        },
        "complexity": "medium",
        "query_len": 10
    },
    {
        "db_id": "body_builder",
        "query": "SELECT Birth_Place ,  COUNT(*) FROM people GROUP BY Birth_Place",
        "query_toks": [
            "SELECT",
            "Birth_Place",
            ",",
            "COUNT",
            "(",
            "*",
            ")",
            "FROM",
            "people",
            "GROUP",
            "BY",
            "Birth_Place"
        ],
        "query_toks_no_value": [
            "select",
            "birth_place",
            ",",
            "count",
            "(",
            "*",
            ")",
            "from",
            "people",
            "group",
            "by",
            "birth_place"
        ],
        "question": "List each birth place along with the number of people from there.",
        "question_toks": [
            "List",
            "each",
            "birth",
            "place",
            "along",
            "with",
            "the",
            "number",
            "of",
            "people",
            "from",
            "there",
            "."
        ],
        "sql": {
            "from": {
                "table_units": [
                    [
                        "table_unit",
                        1
                    ]
                ],
                "conds": []
            },
            "select": [
                false,
                [
                    [
                        0,
                        [
                            0,
                            [
                                0,
                                11,
                                false
                            ],
                            null
                        ]
                    ],
                    [
                        3,
                        [
                            0,
                            [
                                0,
                                0,
                                false
                            ],
                            null
                        ]
                    ]
                ]
            ],
            "where": [],
            "groupBy": [
                [
                    0,
                    11,
                    false
                ]
            ],
            "having": [],
            "orderBy": [],
            "limit": null,
            "intersect": null,
            "union": null,
            "except": null
        },
        "complexity": "medium",
        "query_len": 12
    },
    {
        "db_id": "body_builder",
        "query": "SELECT T2.Name FROM body_builder AS T1 JOIN people AS T2 ON T1.People_ID  =  T2.People_ID",
        "query_toks": [
            "SELECT",
            "T2.Name",
            "FROM",
            "body_builder",
            "AS",
            "T1",
            "JOIN",
            "people",
            "AS",
            "T2",
            "ON",
            "T1.People_ID",
            "=",
            "T2.People_ID"
        ],
        "query_toks_no_value": [
            "select",
            "t2",
            ".",
            "name",
            "from",
            "body_builder",
            "as",
            "t1",
            "join",
            "people",
            "as",
            "t2",
            "on",
            "t1",
            ".",
            "people_id",
            "=",
            "t2",
            ".",
            "people_id"
        ],
        "question": "What are the names of body builders?",
        "question_toks": [
            "What",
            "are",
            "the",
            "names",
            "of",
            "body",
            "builders",
            "?"
        ],
        "sql": {
            "from": {
                "table_units": [
                    [
                        "table_unit",
                        0
                    ],
                    [
                        "table_unit",
                        1
                    ]
                ],
                "conds": [
                    [
                        false,
                        2,
                        [
                            0,
                            [
                                0,
                                2,
                                false
                            ],
                            null
                        ],
                        [
                            0,
                            6,
                            false
                        ],
                        null
                    ]
                ]
            },
            "select": [
                false,
                [
                    [
                        0,
                        [
                            0,
                            [
                                0,
                                7,
                                false
                            ],
                            null
                        ]
                    ]
                ]
            ],
            "where": [],
            "groupBy": [],
            "having": [],
            "orderBy": [],
            "limit": null,
            "intersect": null,
            "union": null,
            "except": null
        },
        "complexity": "easy",
        "query_len": 14
    },
    {
        "db_id": "body_builder",
        "query": "SELECT Birth_Place FROM people GROUP BY Birth_Place ORDER BY COUNT(*) DESC LIMIT 1",
        "query_toks": [
            "SELECT",
            "Birth_Place",
            "FROM",
            "people",
            "GROUP",
            "BY",
            "Birth_Place",
            "ORDER",
            "BY",
            "COUNT",
            "(",
            "*",
            ")",
            "DESC",
            "LIMIT",
            "1"
        ],
        "query_toks_no_value": [
            "select",
            "birth_place",
            "from",
            "people",
            "group",
            "by",
            "birth_place",
            "order",
            "by",
            "count",
            "(",
            "*",
            ")",
            "desc",
            "limit",
            "value"
        ],
        "question": "What is the most common birth place of people?",
        "question_toks": [
            "What",
            "is",
            "the",
            "most",
            "common",
            "birth",
            "place",
            "of",
            "people",
            "?"
        ],
        "sql": {
            "from": {
                "table_units": [
                    [
                        "table_unit",
                        1
                    ]
                ],
                "conds": []
            },
            "select": [
                false,
                [
                    [
                        0,
                        [
                            0,
                            [
                                0,
                                11,
                                false
                            ],
                            null
                        ]
                    ]
                ]
            ],
            "where": [],
            "groupBy": [
                [
                    0,
                    11,
                    false
                ]
            ],
            "having": [],
            "orderBy": [
                "desc",
                [
                    [
                        0,
                        [
                            3,
                            0,
                            false
                        ],
                        null
                    ]
                ]
            ],
            "limit": 1,
            "intersect": null,
            "union": null,
            "except": null
        },
        "complexity": "hard",
        "query_len": 16
    },
    {
        "db_id": "body_builder",
        "query": "SELECT count(*) FROM people WHERE people_id NOT IN (SELECT People_ID FROM body_builder)",
        "query_toks": [
            "SELECT",
            "count",
            "(",
            "*",
            ")",
            "FROM",
            "people",
            "WHERE",
            "people_id",
            "NOT",
            "IN",
            "(",
            "SELECT",
            "People_ID",
            "FROM",
            "body_builder",
            ")"
        ],
        "query_toks_no_value": [
            "select",
            "count",
            "(",
            "*",
            ")",
            "from",
            "people",
            "where",
            "people_id",
            "not",
            "in",
            "(",
            "select",
            "people_id",
            "from",
            "body_builder",
            ")"
        ],
        "question": "How many persons are not body builders?",
        "question_toks": [
            "How",
            "many",
            "persons",
            "are",
            "not",
            "body",
            "builders",
            "?"
        ],
        "sql": {
            "from": {
                "table_units": [
                    [
                        "table_unit",
                        1
                    ]
                ],
                "conds": []
            },
            "select": [
                false,
                [
                    [
                        3,
                        [
                            0,
                            [
                                0,
                                0,
                                false
                            ],
                            null
                        ]
                    ]
                ]
            ],
            "where": [
                [
                    true,
                    8,
                    [
                        0,
                        [
                            0,
                            6,
                            false
                        ],
                        null
                    ],
                    {
                        "from": {
                            "table_units": [
                                [
                                    "table_unit",
                                    0
                                ]
                            ],
                            "conds": []
                        },
                        "select": [
                            false,
                            [
                                [
                                    0,
                                    [
                                        0,
                                        [
                                            0,
                                            2,
                                            false
                                        ],
                                        null
                                    ]
                                ]
                            ]
                        ],
                        "where": [],
                        "groupBy": [],
                        "having": [],
                        "orderBy": [],
                        "limit": null,
                        "intersect": null,
                        "union": null,
                        "except": null
                    },
                    null
                ]
            ],
            "groupBy": [],
            "having": [],
            "orderBy": [],
            "limit": null,
            "intersect": null,
            "union": null,
            "except": null
        },
        "complexity": "extra",
        "query_len": 17
    },
    {
        "db_id": "body_builder",
        "query": "SELECT T2.Height FROM body_builder AS T1 JOIN people AS T2 ON T1.People_ID  =  T2.People_ID WHERE T1.Total  <  315",
        "query_toks": [
            "SELECT",
            "T2.Height",
            "FROM",
            "body_builder",
            "AS",
            "T1",
            "JOIN",
            "people",
            "AS",
            "T2",
            "ON",
            "T1.People_ID",
            "=",
            "T2.People_ID",
            "WHERE",
            "T1.Total",
            "<",
            "315"
        ],
        "query_toks_no_value": [
            "select",
            "t2",
            ".",
            "height",
            "from",
            "body_builder",
            "as",
            "t1",
            "join",
            "people",
            "as",
            "t2",
            "on",
            "t1",
            ".",
            "people_id",
            "=",
            "t2",
            ".",
            "people_id",
            "where",
            "t1",
            ".",
            "total",
            "<",
            "value"
        ],
        "question": "What are the heights of body builders with total score smaller than 315?",
        "question_toks": [
            "What",
            "are",
            "the",
            "heights",
            "of",
            "body",
            "builders",
            "with",
            "total",
            "score",
            "smaller",
            "than",
            "315",
            "?"
        ],
        "sql": {
            "from": {
                "table_units": [
                    [
                        "table_unit",
                        0
                    ],
                    [
                        "table_unit",
                        1
                    ]
                ],
                "conds": [
                    [
                        false,
                        2,
                        [
                            0,
                            [
                                0,
                                2,
                                false
                            ],
                            null
                        ],
                        [
                            0,
                            6,
                            false
                        ],
                        null
                    ]
                ]
            },
            "select": [
                false,
                [
                    [
                        0,
                        [
                            0,
                            [
                                0,
                                8,
                                false
                            ],
                            null
                        ]
                    ]
                ]
            ],
            "where": [
                [
                    false,
                    4,
                    [
                        0,
                        [
                            0,
                            5,
                            false
                        ],
                        null
                    ],
                    315.0,
                    null
                ]
            ],
            "groupBy": [],
            "having": [],
            "orderBy": [],
            "limit": null,
            "intersect": null,
            "union": null,
            "except": null
        },
        "complexity": "medium",
        "query_len": 18
    },
    {
        "db_id": "body_builder",
        "query": "SELECT T2.Name FROM body_builder AS T1 JOIN people AS T2 ON T1.People_ID  =  T2.People_ID ORDER BY T1.Total DESC",
        "query_toks": [
            "SELECT",
            "T2.Name",
            "FROM",
            "body_builder",
            "AS",
            "T1",
            "JOIN",
            "people",
            "AS",
            "T2",
            "ON",
            "T1.People_ID",
            "=",
            "T2.People_ID",
            "ORDER",
            "BY",
            "T1.Total",
            "DESC"
        ],
        "query_toks_no_value": [
            "select",
            "t2",
            ".",
            "name",
            "from",
            "body_builder",
            "as",
            "t1",
            "join",
            "people",
            "as",
            "t2",
            "on",
            "t1",
            ".",
            "people_id",
            "=",
            "t2",
            ".",
            "people_id",
            "order",
            "by",
            "t1",
            ".",
            "total",
            "desc"
        ],
        "question": "What are the names of body builders in descending order of total scores?",
        "question_toks": [
            "What",
            "are",
            "the",
            "names",
            "of",
            "body",
            "builders",
            "in",
            "descending",
            "order",
            "of",
            "total",
            "scores",
            "?"
        ],
        "sql": {
            "from": {
                "table_units": [
                    [
                        "table_unit",
                        0
                    ],
                    [
                        "table_unit",
                        1
                    ]
                ],
                "conds": [
                    [
                        false,
                        2,
                        [
                            0,
                            [
                                0,
                                2,
                                false
                            ],
                            null
                        ],
                        [
                            0,
                            6,
                            false
                        ],
                        null
                    ]
                ]
            },
            "select": [
                false,
                [
                    [
                        0,
                        [
                            0,
                            [
                                0,
                                7,
                                false
                            ],
                            null
                        ]
                    ]
                ]
            ],
            "where": [],
            "groupBy": [],
            "having": [],
            "orderBy": [
                "desc",
                [
                    [
                        0,
                        [
                            0,
                            5,
                            false
                        ],
                        null
                    ]
                ]
            ],
            "limit": null,
            "intersect": null,
            "union": null,
            "except": null
        },
        "complexity": "medium",
        "query_len": 18
    },
    {
        "db_id": "body_builder",
        "query": "SELECT T2.Name FROM body_builder AS T1 JOIN people AS T2 ON T1.People_ID  =  T2.People_ID ORDER BY T2.Weight DESC LIMIT 1",
        "query_toks": [
            "SELECT",
            "T2.Name",
            "FROM",
            "body_builder",
            "AS",
            "T1",
            "JOIN",
            "people",
            "AS",
            "T2",
            "ON",
            "T1.People_ID",
            "=",
            "T2.People_ID",
            "ORDER",
            "BY",
            "T2.Weight",
            "DESC",
            "LIMIT",
            "1"
        ],
        "query_toks_no_value": [
            "select",
            "t2",
            ".",
            "name",
            "from",
            "body_builder",
            "as",
            "t1",
            "join",
            "people",
            "as",
            "t2",
            "on",
            "t1",
            ".",
            "people_id",
            "=",
            "t2",
            ".",
            "people_id",
            "order",
            "by",
            "t2",
            ".",
            "weight",
            "desc",
            "limit",
            "value"
        ],
        "question": "What is the name of the body builder with the greatest body weight?",
        "question_toks": [
            "What",
            "is",
            "the",
            "name",
            "of",
            "the",
            "body",
            "builder",
            "with",
            "the",
            "greatest",
            "body",
            "weight",
            "?"
        ],
        "sql": {
            "from": {
                "table_units": [
                    [
                        "table_unit",
                        0
                    ],
                    [
                        "table_unit",
                        1
                    ]
                ],
                "conds": [
                    [
                        false,
                        2,
                        [
                            0,
                            [
                                0,
                                2,
                                false
                            ],
                            null
                        ],
                        [
                            0,
                            6,
                            false
                        ],
                        null
                    ]
                ]
            },
            "select": [
                false,
                [
                    [
                        0,
                        [
                            0,
                            [
                                0,
                                7,
                                false
                            ],
                            null
                        ]
                    ]
                ]
            ],
            "where": [],
            "groupBy": [],
            "having": [],
            "orderBy": [
                "desc",
                [
                    [
                        0,
                        [
                            0,
                            9,
                            false
                        ],
                        null
                    ]
                ]
            ],
            "limit": 1,
            "intersect": null,
            "union": null,
            "except": null
        },
        "complexity": "hard",
        "query_len": 20
    },
    {
        "db_id": "body_builder",
        "query": "SELECT T2.Birth_Date ,  T2.Birth_Place FROM body_builder AS T1 JOIN people AS T2 ON T1.People_ID  =  T2.People_ID ORDER BY T1.Total DESC LIMIT 1",
        "query_toks": [
            "SELECT",
            "T2.Birth_Date",
            ",",
            "T2.Birth_Place",
            "FROM",
            "body_builder",
            "AS",
            "T1",
            "JOIN",
            "people",
            "AS",
            "T2",
            "ON",
            "T1.People_ID",
            "=",
            "T2.People_ID",
            "ORDER",
            "BY",
            "T1.Total",
            "DESC",
            "LIMIT",
            "1"
        ],
        "query_toks_no_value": [
            "select",
            "t2",
            ".",
            "birth_date",
            ",",
            "t2",
            ".",
            "birth_place",
            "from",
            "body_builder",
            "as",
            "t1",
            "join",
            "people",
            "as",
            "t2",
            "on",
            "t1",
            ".",
            "people_id",
            "=",
            "t2",
            ".",
            "people_id",
            "order",
            "by",
            "t1",
            ".",
            "total",
            "desc",
            "limit",
            "value"
        ],
        "question": "What are the birth date and birth place of the body builder with the highest total points?",
        "question_toks": [
            "What",
            "are",
            "the",
            "birth",
            "date",
            "and",
            "birth",
            "place",
            "of",
            "the",
            "body",
            "builder",
            "with",
            "the",
            "highest",
            "total",
            "points",
            "?"
        ],
        "sql": {
            "from": {
                "table_units": [
                    [
                        "table_unit",
                        0
                    ],
                    [
                        "table_unit",
                        1
                    ]
                ],
                "conds": [
                    [
                        false,
                        2,
                        [
                            0,
                            [
                                0,
                                2,
                                false
                            ],
                            null
                        ],
                        [
                            0,
                            6,
                            false
                        ],
                        null
                    ]
                ]
            },
            "select": [
                false,
                [
                    [
                        0,
                        [
                            0,
                            [
                                0,
                                10,
                                false
                            ],
                            null
                        ]
                    ],
                    [
                        0,
                        [
                            0,
                            [
                                0,
                                11,
                                false
                            ],
                            null
                        ]
                    ]
                ]
            ],
            "where": [],
            "groupBy": [],
            "having": [],
            "orderBy": [
                "desc",
                [
                    [
                        0,
                        [
                            0,
                            5,
                            false
                        ],
                        null
                    ]
                ]
            ],
            "limit": 1,
            "intersect": null,
            "union": null,
            "except": null
        },
        "complexity": "hard",
        "query_len": 22
    },
    {
        "db_id": "body_builder",
        "query": "SELECT Name ,  birth_place FROM people EXCEPT SELECT T1.Name ,  T1.birth_place FROM people AS T1 JOIN body_builder AS T2 ON T1.people_id  =  T2.people_id",
        "query_toks": [
            "SELECT",
            "Name",
            ",",
            "birth_place",
            "FROM",
            "people",
            "EXCEPT",
            "SELECT",
            "T1.Name",
            ",",
            "T1.birth_place",
            "FROM",
            "people",
            "AS",
            "T1",
            "JOIN",
            "body_builder",
            "AS",
            "T2",
            "ON",
            "T1.people_id",
            "=",
            "T2.people_id"
        ],
        "query_toks_no_value": [
            "select",
            "name",
            ",",
            "birth_place",
            "from",
            "people",
            "except",
            "select",
            "t1",
            ".",
            "name",
            ",",
            "t1",
            ".",
            "birth_place",
            "from",
            "people",
            "as",
            "t1",
            "join",
            "body_builder",
            "as",
            "t2",
            "on",
            "t1",
            ".",
            "people_id",
            "=",
            "t2",
            ".",
            "people_id"
        ],
        "question": "List the names and origins of people who are not body builders.",
        "question_toks": [
            "List",
            "the",
            "names",
            "and",
            "origins",
            "of",
            "people",
            "who",
            "are",
            "not",
            "body",
            "builders",
            "."
        ],
        "sql": {
            "from": {
                "table_units": [
                    [
                        "table_unit",
                        1
                    ]
                ],
                "conds": []
            },
            "select": [
                false,
                [
                    [
                        0,
                        [
                            0,
                            [
                                0,
                                7,
                                false
                            ],
                            null
                        ]
                    ],
                    [
                        0,
                        [
                            0,
                            [
                                0,
                                11,
                                false
                            ],
                            null
                        ]
                    ]
                ]
            ],
            "where": [],
            "groupBy": [],
            "having": [],
            "orderBy": [],
            "limit": null,
            "intersect": null,
            "union": null,
            "except": {
                "from": {
                    "table_units": [
                        [
                            "table_unit",
                            1
                        ],
                        [
                            "table_unit",
                            0
                        ]
                    ],
                    "conds": [
                        [
                            false,
                            2,
                            [
                                0,
                                [
                                    0,
                                    6,
                                    false
                                ],
                                null
                            ],
                            [
                                0,
                                2,
                                false
                            ],
                            null
                        ]
                    ]
                },
                "select": [
                    false,
                    [
                        [
                            0,
                            [
                                0,
                                [
                                    0,
                                    7,
                                    false
                                ],
                                null
                            ]
                        ],
                        [
                            0,
                            [
                                0,
                                [
                                    0,
                                    11,
                                    false
                                ],
                                null
                            ]
                        ]
                    ]
                ],
                "where": [],
                "groupBy": [],
                "having": [],
                "orderBy": [],
                "limit": null,
                "intersect": null,
                "union": null,
                "except": null
            }
        },
        "complexity": "extra",
        "query_len": 23
    },
    {
        "db_id": "body_builder",
        "query": "SELECT T2.weight FROM body_builder AS T1 JOIN people AS T2 ON T1.people_id  =  T2.people_id WHERE T1.snatch  >  140 OR T2.height  >  200;",
        "query_toks": [
            "SELECT",
            "T2.weight",
            "FROM",
            "body_builder",
            "AS",
            "T1",
            "JOIN",
            "people",
            "AS",
            "T2",
            "ON",
            "T1.people_id",
            "=",
            "T2.people_id",
            "WHERE",
            "T1.snatch",
            ">",
            "140",
            "OR",
            "T2.height",
            ">",
            "200",
            ";"
        ],
        "query_toks_no_value": [
            "select",
            "t2",
            ".",
            "weight",
            "from",
            "body_builder",
            "as",
            "t1",
            "join",
            "people",
            "as",
            "t2",
            "on",
            "t1",
            ".",
            "people_id",
            "=",
            "t2",
            ".",
            "people_id",
            "where",
            "t1",
            ".",
            "snatch",
            ">",
            "value",
            "or",
            "t2",
            ".",
            "height",
            ">",
            "value"
        ],
        "question": "List the weight of the body builders who have snatch score higher than 140 or have the height greater than 200.",
        "question_toks": [
            "List",
            "the",
            "weight",
            "of",
            "the",
            "body",
            "builders",
            "who",
            "have",
            "snatch",
            "score",
            "higher",
            "than",
            "140",
            "or",
            "have",
            "the",
            "height",
            "greater",
            "than",
            "200",
            "."
        ],
        "sql": {
            "from": {
                "table_units": [
                    [
                        "table_unit",
                        0
                    ],
                    [
                        "table_unit",
                        1
                    ]
                ],
                "conds": [
                    [
                        false,
                        2,
                        [
                            0,
                            [
                                0,
                                2,
                                false
                            ],
                            null
                        ],
                        [
                            0,
                            6,
                            false
                        ],
                        null
                    ]
                ]
            },
            "select": [
                false,
                [
                    [
                        0,
                        [
                            0,
                            [
                                0,
                                9,
                                false
                            ],
                            null
                        ]
                    ]
                ]
            ],
            "where": [
                [
                    false,
                    3,
                    [
                        0,
                        [
                            0,
                            3,
                            false
                        ],
                        null
                    ],
                    140.0,
                    null
                ],
                "or",
                [
                    false,
                    3,
                    [
                        0,
                        [
                            0,
                            8,
                            false
                        ],
                        null
                    ],
                    200.0,
                    null
                ]
            ],
            "groupBy": [],
            "having": [],
            "orderBy": [],
            "limit": null,
            "intersect": null,
            "union": null,
            "except": null
        },
        "complexity": "hard",
        "query_len": 23
    }
]