[
    {
        "db_id": "company_employee",
        "query": "SELECT Name FROM company ORDER BY Sales_in_Billion ASC",
        "query_toks": [
            "SELECT",
            "Name",
            "FROM",
            "company",
            "ORDER",
            "BY",
            "Sales_in_Billion",
            "ASC"
        ],
        "query_toks_no_value": [
            "select",
            "name",
            "from",
            "company",
            "order",
            "by",
            "sales_in_billion",
            "asc"
        ],
        "question": "List the names of companies by ascending number of sales.",
        "question_toks": [
            "List",
            "the",
            "names",
            "of",
            "companies",
            "by",
            "ascending",
            "number",
            "of",
            "sales",
            "."
        ],
        "sql": {
            "from": {
                "table_units": [
                    [
                        "table_unit",
                        1
                    ]
                ],
                "conds": []
            },
            "select": [
                false,
                [
                    [
                        0,
                        [
                            0,
                            [
                                0,
                                7,
                                false
                            ],
                            null
                        ]
                    ]
                ]
            ],
            "where": [],
            "groupBy": [],
            "having": [],
            "orderBy": [
                "asc",
                [
                    [
                        0,
                        [
                            0,
                            10,
                            false
                        ],
                        null
                    ]
                ]
            ],
            "limit": null,
            "intersect": null,
            "union": null,
            "except": null
        },
        "complexity": "easy",
        "query_len": 8
    },
    {
        "db_id": "company_employee",
        "query": "SELECT Headquarters FROM company ORDER BY Sales_in_Billion DESC LIMIT 1",
        "query_toks": [
            "SELECT",
            "Headquarters",
            "FROM",
            "company",
            "ORDER",
            "BY",
            "Sales_in_Billion",
            "DESC",
            "LIMIT",
            "1"
        ],
        "query_toks_no_value": [
            "select",
            "headquarters",
            "from",
            "company",
            "order",
            "by",
            "sales_in_billion",
            "desc",
            "limit",
            "value"
        ],
        "question": "What is the headquarter of the company with the largest sales?",
        "question_toks": [
            "What",
            "is",
            "the",
            "headquarter",
            "of",
            "the",
            "company",
            "with",
            "the",
            "largest",
            "sales",
            "?"
        ],
        "sql": {
            "from": {
                "table_units": [
                    [
                        "table_unit",
                        1
                    ]
                ],
                "conds": []
            },
            "select": [
                false,
                [
                    [
                        0,
                        [
                            0,
                            [
                                0,
                                8,
                                false
                            ],
                            null
                        ]
                    ]
                ]
            ],
            "where": [],
            "groupBy": [],
            "having": [],
            "orderBy": [
                "desc",
                [
                    [
                        0,
                        [
                            0,
                            10,
                            false
                        ],
                        null
                    ]
                ]
            ],
            "limit": 1,
            "intersect": null,
            "union": null,
            "except": null
        },
        "complexity": "medium",
        "query_len": 10
    },
    {
        "db_id": "company_employee",
        "query": "SELECT count(*) FROM company WHERE Headquarters  =  'USA'",
        "query_toks": [
            "SELECT",
            "count",
            "(",
            "*",
            ")",
            "FROM",
            "company",
            "WHERE",
            "Headquarters",
            "=",
            "'USA",
            "'"
        ],
        "query_toks_no_value": [
            "select",
            "count",
            "(",
            "*",
            ")",
            "from",
            "company",
            "where",
            "headquarters",
            "=",
            "value"
        ],
        "question": "How many companies are headquartered in the US?",
        "question_toks": [
            "How",
            "many",
            "companies",
            "are",
            "headquartered",
            "in",
            "the",
            "US",
            "?"
        ],
        "sql": {
            "from": {
                "table_units": [
                    [
                        "table_unit",
                        1
                    ]
                ],
                "conds": []
            },
            "select": [
                false,
                [
                    [
                        3,
                        [
                            0,
                            [
                                0,
                                0,
                                false
                            ],
                            null
                        ]
                    ]
                ]
            ],
            "where": [
                [
                    false,
                    2,
                    [
                        0,
                        [
                            0,
                            8,
                            false
                        ],
                        null
                    ],
                    "\"USA\"",
                    null
                ]
            ],
            "groupBy": [],
            "having": [],
            "orderBy": [],
            "limit": null,
            "intersect": null,
            "union": null,
            "except": null
        },
        "complexity": "easy",
        "query_len": 12
    },
    {
        "db_id": "company_employee",
        "query": "SELECT max(Market_Value_in_Billion) ,  min(Market_Value_in_Billion) FROM company",
        "query_toks": [
            "SELECT",
            "max",
            "(",
            "Market_Value_in_Billion",
            ")",
            ",",
            "min",
            "(",
            "Market_Value_in_Billion",
            ")",
            "FROM",
            "company"
        ],
        "query_toks_no_value": [
            "select",
            "max",
            "(",
            "market_value_in_billion",
            ")",
            ",",
            "min",
            "(",
            "market_value_in_billion",
            ")",
            "from",
            "company"
        ],
        "question": "What is the maximum and minimum market value of companies?",
        "question_toks": [
            "What",
            "is",
            "the",
            "maximum",
            "and",
            "minimum",
            "market",
            "value",
            "of",
            "companies",
            "?"
        ],
        "sql": {
            "from": {
                "table_units": [
                    [
                        "table_unit",
                        1
                    ]
                ],
                "conds": []
            },
            "select": [
                false,
                [
                    [
                        1,
                        [
                            0,
                            [
                                0,
                                13,
                                false
                            ],
                            null
                        ]
                    ],
                    [
                        2,
                        [
                            0,
                            [
                                0,
                                13,
                                false
                            ],
                            null
                        ]
                    ]
                ]
            ],
            "where": [],
            "groupBy": [],
            "having": [],
            "orderBy": [],
            "limit": null,
            "intersect": null,
            "union": null,
            "except": null
        },
        "complexity": "medium",
        "query_len": 12
    },
    {
        "db_id": "company_employee",
        "query": "SELECT Name FROM people WHERE People_ID NOT IN (SELECT People_ID FROM employment)",
        "query_toks": [
            "SELECT",
            "Name",
            "FROM",
            "people",
            "WHERE",
            "People_ID",
            "NOT",
            "IN",
            "(",
            "SELECT",
            "People_ID",
            "FROM",
            "employment",
            ")"
        ],
        "query_toks_no_value": [
            "select",
            "name",
            "from",
            "people",
            "where",
            "people_id",
            "not",
            "in",
            "(",
            "select",
            "people_id",
            "from",
            "employment",
            ")"
        ],
        "question": "List the names of people that are not employed by any company",
        "question_toks": [
            "List",
            "the",
            "names",
            "of",
            "people",
            "that",
            "are",
            "not",
            "employed",
            "by",
            "any",
            "company"
        ],
        "sql": {
            "from": {
                "table_units": [
                    [
                        "table_unit",
                        0
                    ]
                ],
                "conds": []
            },
            "select": [
                false,
                [
                    [
                        0,
                        [
                            0,
                            [
                                0,
                                3,
                                false
                            ],
                            null
                        ]
                    ]
                ]
            ],
            "where": [
                [
                    true,
                    8,
                    [
                        0,
                        [
                            0,
                            1,
                            false
                        ],
                        null
                    ],
                    {
                        "from": {
                            "table_units": [
                                [
                                    "table_unit",
                                    2
                                ]
                            ],
                            "conds": []
                        },
                        "select": [
                            false,
                            [
                                [
                                    0,
                                    [
                                        0,
                                        [
                                            0,
                                            15,
                                            false
                                        ],
                                        null
                                    ]
                                ]
                            ]
                        ],
                        "where": [],
                        "groupBy": [],
                        "having": [],
                        "orderBy": [],
                        "limit": null,
                        "intersect": null,
                        "union": null,
                        "except": null
                    },
                    null
                ]
            ],
            "groupBy": [],
            "having": [],
            "orderBy": [],
            "limit": null,
            "intersect": null,
            "union": null,
            "except": null
        },
        "complexity": "hard",
        "query_len": 14
    },
    {
        "db_id": "company_employee",
        "query": "SELECT name FROM company WHERE Sales_in_Billion  >  200 ORDER BY Sales_in_Billion ,  Profits_in_Billion DESC",
        "query_toks": [
            "SELECT",
            "name",
            "FROM",
            "company",
            "WHERE",
            "Sales_in_Billion",
            ">",
            "200",
            "ORDER",
            "BY",
            "Sales_in_Billion",
            ",",
            "Profits_in_Billion",
            "DESC"
        ],
        "query_toks_no_value": [
            "select",
            "name",
            "from",
            "company",
            "where",
            "sales_in_billion",
            ">",
            "value",
            "order",
            "by",
            "sales_in_billion",
            ",",
            "profits_in_billion",
            "desc"
        ],
        "question": "list the names of the companies with more than 200 sales in the descending order of sales and profits.",
        "question_toks": [
            "list",
            "the",
            "names",
            "of",
            "the",
            "companies",
            "with",
            "more",
            "than",
            "200",
            "sales",
            "in",
            "the",
            "descending",
            "order",
            "of",
            "sales",
            "and",
            "profits",
            "."
        ],
        "sql": {
            "from": {
                "table_units": [
                    [
                        "table_unit",
                        1
                    ]
                ],
                "conds": []
            },
            "select": [
                false,
                [
                    [
                        0,
                        [
                            0,
                            [
                                0,
                                7,
                                false
                            ],
                            null
                        ]
                    ]
                ]
            ],
            "where": [
                [
                    false,
                    3,
                    [
                        0,
                        [
                            0,
                            10,
                            false
                        ],
                        null
                    ],
                    200.0,
                    null
                ]
            ],
            "groupBy": [],
            "having": [],
            "orderBy": [
                "desc",
                [
                    [
                        0,
                        [
                            0,
                            10,
                            false
                        ],
                        null
                    ],
                    [
                        0,
                        [
                            0,
                            11,
                            false
                        ],
                        null
                    ]
                ]
            ],
            "limit": null,
            "intersect": null,
            "union": null,
            "except": null
        },
        "complexity": "medium",
        "query_len": 14
    },
    {
        "db_id": "company_employee",
        "query": "SELECT Headquarters FROM company GROUP BY Headquarters HAVING COUNT(*)  >=  2",
        "query_toks": [
            "SELECT",
            "Headquarters",
            "FROM",
            "company",
            "GROUP",
            "BY",
            "Headquarters",
            "HAVING",
            "COUNT",
            "(",
            "*",
            ")",
            ">",
            "=",
            "2"
        ],
        "query_toks_no_value": [
            "select",
            "headquarters",
            "from",
            "company",
            "group",
            "by",
            "headquarters",
            "having",
            "count",
            "(",
            "*",
            ")",
            ">",
            "=",
            "value"
        ],
        "question": "Show the headquarters that have at least two companies.",
        "question_toks": [
            "Show",
            "the",
            "headquarters",
            "that",
            "have",
            "at",
            "least",
            "two",
            "companies",
            "."
        ],
        "sql": {
            "from": {
                "table_units": [
                    [
                        "table_unit",
                        1
                    ]
                ],
                "conds": []
            },
            "select": [
                false,
                [
                    [
                        0,
                        [
                            0,
                            [
                                0,
                                8,
                                false
                            ],
                            null
                        ]
                    ]
                ]
            ],
            "where": [],
            "groupBy": [
                [
                    0,
                    8,
                    false
                ]
            ],
            "having": [
                [
                    false,
                    5,
                    [
                        0,
                        [
                            3,
                            0,
                            false
                        ],
                        null
                    ],
                    2.0,
                    null
                ]
            ],
            "orderBy": [],
            "limit": null,
            "intersect": null,
            "union": null,
            "except": null
        },
        "complexity": "easy",
        "query_len": 15
    },
    {
        "db_id": "company_employee",
        "query": "SELECT Name FROM company WHERE Industry  =  \"Banking\" OR Industry  =  \"Retailing\"",
        "query_toks": [
            "SELECT",
            "Name",
            "FROM",
            "company",
            "WHERE",
            "Industry",
            "=",
            "``",
            "Banking",
            "''",
            "OR",
            "Industry",
            "=",
            "``",
            "Retailing",
            "''"
        ],
        "query_toks_no_value": [
            "select",
            "name",
            "from",
            "company",
            "where",
            "industry",
            "=",
            "value",
            "or",
            "industry",
            "=",
            "value"
        ],
        "question": "Show the names of companies in the banking or retailing industry?",
        "question_toks": [
            "Show",
            "the",
            "names",
            "of",
            "companies",
            "in",
            "the",
            "banking",
            "or",
            "retailing",
            "industry",
            "?"
        ],
        "sql": {
            "from": {
                "table_units": [
                    [
                        "table_unit",
                        1
                    ]
                ],
                "conds": []
            },
            "select": [
                false,
                [
                    [
                        0,
                        [
                            0,
                            [
                                0,
                                7,
                                false
                            ],
                            null
                        ]
                    ]
                ]
            ],
            "where": [
                [
                    false,
                    2,
                    [
                        0,
                        [
                            0,
                            9,
                            false
                        ],
                        null
                    ],
                    "\"Banking\"",
                    null
                ],
                "or",
                [
                    false,
                    2,
                    [
                        0,
                        [
                            0,
                            9,
                            false
                        ],
                        null
                    ],
                    "\"Retailing\"",
                    null
                ]
            ],
            "groupBy": [],
            "having": [],
            "orderBy": [],
            "limit": null,
            "intersect": null,
            "union": null,
            "except": null
        },
        "complexity": "medium",
        "query_len": 16
    },
    {
        "db_id": "company_employee",
        "query": "SELECT Headquarters FROM company WHERE Industry  =  \"Banking\" INTERSECT SELECT Headquarters FROM company WHERE Industry  =  \"Oil and gas\"",
        "query_toks": [
            "SELECT",
            "Headquarters",
            "FROM",
            "company",
            "WHERE",
            "Industry",
            "=",
            "``",
            "Banking",
            "''",
            "INTERSECT",
            "SELECT",
            "Headquarters",
            "FROM",
            "company",
            "WHERE",
            "Industry",
            "=",
            "``",
            "Oil",
            "and",
            "gas",
            "''"
        ],
        "query_toks_no_value": [
            "select",
            "headquarters",
            "from",
            "company",
            "where",
            "industry",
            "=",
            "value",
            "intersect",
            "select",
            "headquarters",
            "from",
            "company",
            "where",
            "industry",
            "=",
            "value"
        ],
        "question": "Show the headquarters that have both companies in banking industry and companies in oil and gas industry.",
        "question_toks": [
            "Show",
            "the",
            "headquarters",
            "that",
            "have",
            "both",
            "companies",
            "in",
            "banking",
            "industry",
            "and",
            "companies",
            "in",
            "oil",
            "and",
            "gas",
            "industry",
            "."
        ],
        "sql": {
            "from": {
                "table_units": [
                    [
                        "table_unit",
                        1
                    ]
                ],
                "conds": []
            },
            "select": [
                false,
                [
                    [
                        0,
                        [
                            0,
                            [
                                0,
                                8,
                                false
                            ],
                            null
                        ]
                    ]
                ]
            ],
            "where": [
                [
                    false,
                    2,
                    [
                        0,
                        [
                            0,
                            9,
                            false
                        ],
                        null
                    ],
                    "\"Banking\"",
                    null
                ]
            ],
            "groupBy": [],
            "having": [],
            "orderBy": [],
            "limit": null,
            "intersect": {
                "from": {
                    "table_units": [
                        [
                            "table_unit",
                            1
                        ]
                    ],
                    "conds": []
                },
                "select": [
                    false,
                    [
                        [
                            0,
                            [
                                0,
                                [
                                    0,
                                    8,
                                    false
                                ],
                                null
                            ]
                        ]
                    ]
                ],
                "where": [
                    [
                        false,
                        2,
                        [
                            0,
                            [
                                0,
                                9,
                                false
                            ],
                            null
                        ],
                        "\"Oil and gas\"",
                        null
                    ]
                ],
                "groupBy": [],
                "having": [],
                "orderBy": [],
                "limit": null,
                "intersect": null,
                "union": null,
                "except": null
            },
            "union": null,
            "except": null
        },
        "complexity": "hard",
        "query_len": 23
    },
    {
        "db_id": "company_employee",
        "query": "SELECT T3.Name ,  T2.Name FROM employment AS T1 JOIN people AS T2 ON T1.People_ID  =  T2.People_ID JOIN company AS T3 ON T1.Company_ID  =  T3.Company_ID",
        "query_toks": [
            "SELECT",
            "T3.Name",
            ",",
            "T2.Name",
            "FROM",
            "employment",
            "AS",
            "T1",
            "JOIN",
            "people",
            "AS",
            "T2",
            "ON",
            "T1.People_ID",
            "=",
            "T2.People_ID",
            "JOIN",
            "company",
            "AS",
            "T3",
            "ON",
            "T1.Company_ID",
            "=",
            "T3.Company_ID"
        ],
        "query_toks_no_value": [
            "select",
            "t3",
            ".",
            "name",
            ",",
            "t2",
            ".",
            "name",
            "from",
            "employment",
            "as",
            "t1",
            "join",
            "people",
            "as",
            "t2",
            "on",
            "t1",
            ".",
            "people_id",
            "=",
            "t2",
            ".",
            "people_id",
            "join",
            "company",
            "as",
            "t3",
            "on",
            "t1",
            ".",
            "company_id",
            "=",
            "t3",
            ".",
            "company_id"
        ],
        "question": "Show the names of companies and of employees.",
        "question_toks": [
            "Show",
            "the",
            "names",
            "of",
            "companies",
            "and",
            "of",
            "employees",
            "."
        ],
        "sql": {
            "from": {
                "table_units": [
                    [
                        "table_unit",
                        2
                    ],
                    [
                        "table_unit",
                        0
                    ],
                    [
                        "table_unit",
                        1
                    ]
                ],
                "conds": [
                    [
                        false,
                        2,
                        [
                            0,
                            [
                                0,
                                15,
                                false
                            ],
                            null
                        ],
                        [
                            0,
                            1,
                            false
                        ],
                        null
                    ],
                    "and",
                    [
                        false,
                        2,
                        [
                            0,
                            [
                                0,
                                14,
                                false
                            ],
                            null
                        ],
                        [
                            0,
                            6,
                            false
                        ],
                        null
                    ]
                ]
            },
            "select": [
                false,
                [
                    [
                        0,
                        [
                            0,
                            [
                                0,
                                7,
                                false
                            ],
                            null
                        ]
                    ],
                    [
                        0,
                        [
                            0,
                            [
                                0,
                                3,
                                false
                            ],
                            null
                        ]
                    ]
                ]
            ],
            "where": [],
            "groupBy": [],
            "having": [],
            "orderBy": [],
            "limit": null,
            "intersect": null,
            "union": null,
            "except": null
        },
        "complexity": "medium",
        "query_len": 24
    },
    {
        "db_id": "company_employee",
        "query": "SELECT T2.Name FROM employment AS T1 JOIN people AS T2 ON T1.People_ID  =  T2.People_ID JOIN company AS T3 ON T1.Company_ID  =  T3.Company_ID WHERE T3.Sales_in_Billion  >  200",
        "query_toks": [
            "SELECT",
            "T2.Name",
            "FROM",
            "employment",
            "AS",
            "T1",
            "JOIN",
            "people",
            "AS",
            "T2",
            "ON",
            "T1.People_ID",
            "=",
            "T2.People_ID",
            "JOIN",
            "company",
            "AS",
            "T3",
            "ON",
            "T1.Company_ID",
            "=",
            "T3.Company_ID",
            "WHERE",
            "T3.Sales_in_Billion",
            ">",
            "200"
        ],
        "query_toks_no_value": [
            "select",
            "t2",
            ".",
            "name",
            "from",
            "employment",
            "as",
            "t1",
            "join",
            "people",
            "as",
            "t2",
            "on",
            "t1",
            ".",
            "people_id",
            "=",
            "t2",
            ".",
            "people_id",
            "join",
            "company",
            "as",
            "t3",
            "on",
            "t1",
            ".",
            "company_id",
            "=",
            "t3",
            ".",
            "company_id",
            "where",
            "t3",
            ".",
            "sales_in_billion",
            ">",
            "value"
        ],
        "question": "Show the names of employees that work for companies with sales bigger than 200.",
        "question_toks": [
            "Show",
            "the",
            "names",
            "of",
            "employees",
            "that",
            "work",
            "for",
            "companies",
            "with",
            "sales",
            "bigger",
            "than",
            "200",
            "."
        ],
        "sql": {
            "from": {
                "table_units": [
                    [
                        "table_unit",
                        2
                    ],
                    [
                        "table_unit",
                        0
                    ],
                    [
                        "table_unit",
                        1
                    ]
                ],
                "conds": [
                    [
                        false,
                        2,
                        [
                            0,
                            [
                                0,
                                15,
                                false
                            ],
                            null
                        ],
                        [
                            0,
                            1,
                            false
                        ],
                        null
                    ],
                    "and",
                    [
                        false,
                        2,
                        [
                            0,
                            [
                                0,
                                14,
                                false
                            ],
                            null
                        ],
                        [
                            0,
                            6,
                            false
                        ],
                        null
                    ]
                ]
            },
            "select": [
                false,
                [
                    [
                        0,
                        [
                            0,
                            [
                                0,
                                3,
                                false
                            ],
                            null
                        ]
                    ]
                ]
            ],
            "where": [
                [
                    false,
                    3,
                    [
                        0,
                        [
                            0,
                            10,
                            false
                        ],
                        null
                    ],
                    200.0,
                    null
                ]
            ],
            "groupBy": [],
            "having": [],
            "orderBy": [],
            "limit": null,
            "intersect": null,
            "union": null,
            "except": null
        },
        "complexity": "hard",
        "query_len": 26
    },
    {
        "db_id": "company_employee",
        "query": "SELECT T3.Name ,  T2.Name FROM employment AS T1 JOIN people AS T2 ON T1.People_ID  =  T2.People_ID JOIN company AS T3 ON T1.Company_ID  =  T3.Company_ID ORDER BY T1.Year_working",
        "query_toks": [
            "SELECT",
            "T3.Name",
            ",",
            "T2.Name",
            "FROM",
            "employment",
            "AS",
            "T1",
            "JOIN",
            "people",
            "AS",
            "T2",
            "ON",
            "T1.People_ID",
            "=",
            "T2.People_ID",
            "JOIN",
            "company",
            "AS",
            "T3",
            "ON",
            "T1.Company_ID",
            "=",
            "T3.Company_ID",
            "ORDER",
            "BY",
            "T1.Year_working"
        ],
        "query_toks_no_value": [
            "select",
            "t3",
            ".",
            "name",
            ",",
            "t2",
            ".",
            "name",
            "from",
            "employment",
            "as",
            "t1",
            "join",
            "people",
            "as",
            "t2",
            "on",
            "t1",
            ".",
            "people_id",
            "=",
            "t2",
            ".",
            "people_id",
            "join",
            "company",
            "as",
            "t3",
            "on",
            "t1",
            ".",
            "company_id",
            "=",
            "t3",
            ".",
            "company_id",
            "order",
            "by",
            "t1",
            ".",
            "year_working"
        ],
        "question": "Show names of companies and that of employees in descending order of number of years working for that employee.",
        "question_toks": [
            "Show",
            "names",
            "of",
            "companies",
            "and",
            "that",
            "of",
            "employees",
            "in",
            "descending",
            "order",
            "of",
            "number",
            "of",
            "years",
            "working",
            "for",
            "that",
            "employee",
            "."
        ],
        "sql": {
            "from": {
                "table_units": [
                    [
                        "table_unit",
                        2
                    ],
                    [
                        "table_unit",
                        0
                    ],
                    [
                        "table_unit",
                        1
                    ]
                ],
                "conds": [
                    [
                        false,
                        2,
                        [
                            0,
                            [
                                0,
                                15,
                                false
                            ],
                            null
                        ],
                        [
                            0,
                            1,
                            false
                        ],
                        null
                    ],
                    "and",
                    [
                        false,
                        2,
                        [
                            0,
                            [
                                0,
                                14,
                                false
                            ],
                            null
                        ],
                        [
                            0,
                            6,
                            false
                        ],
                        null
                    ]
                ]
            },
            "select": [
                false,
                [
                    [
                        0,
                        [
                            0,
                            [
                                0,
                                7,
                                false
                            ],
                            null
                        ]
                    ],
                    [
                        0,
                        [
                            0,
                            [
                                0,
                                3,
                                false
                            ],
                            null
                        ]
                    ]
                ]
            ],
            "where": [],
            "groupBy": [],
            "having": [],
            "orderBy": [
                "asc",
                [
                    [
                        0,
                        [
                            0,
                            16,
                            false
                        ],
                        null
                    ]
                ]
            ],
            "limit": null,
            "intersect": null,
            "union": null,
            "except": null
        },
        "complexity": "hard",
        "query_len": 27
    }
]