[
    {
        "db_id": "county_public_safety",
        "query": "SELECT count(*) FROM county_public_safety",
        "query_toks": [
            "SELECT",
            "count",
            "(",
            "*",
            ")",
            "FROM",
            "county_public_safety"
        ],
        "query_toks_no_value": [
            "select",
            "count",
            "(",
            "*",
            ")",
            "from",
            "county_public_safety"
        ],
        "question": "Count the number of countries.",
        "question_toks": [
            "Count",
            "the",
            "number",
            "of",
            "countries",
            "."
        ],
        "sql": {
            "from": {
                "table_units": [
                    [
                        "table_unit",
                        0
                    ]
                ],
                "conds": []
            },
            "select": [
                false,
                [
                    [
                        3,
                        [
                            0,
                            [
                                0,
                                0,
                                false
                            ],
                            null
                        ]
                    ]
                ]
            ],
            "where": [],
            "groupBy": [],
            "having": [],
            "orderBy": [],
            "limit": null,
            "intersect": null,
            "union": null,
            "except": null
        },
        "complexity": "easy",
        "query_len": 7
    },
    {
        "db_id": "county_public_safety",
        "query": "SELECT Name FROM county_public_safety ORDER BY Population DESC",
        "query_toks": [
            "SELECT",
            "Name",
            "FROM",
            "county_public_safety",
            "ORDER",
            "BY",
            "Population",
            "DESC"
        ],
        "query_toks_no_value": [
            "select",
            "name",
            "from",
            "county_public_safety",
            "order",
            "by",
            "population",
            "desc"
        ],
        "question": "List the names of counties in descending order of population.",
        "question_toks": [
            "List",
            "the",
            "names",
            "of",
            "counties",
            "in",
            "descending",
            "order",
            "of",
            "population",
            "."
        ],
        "sql": {
            "from": {
                "table_units": [
                    [
                        "table_unit",
                        0
                    ]
                ],
                "conds": []
            },
            "select": [
                false,
                [
                    [
                        0,
                        [
                            0,
                            [
                                0,
                                2,
                                false
                            ],
                            null
                        ]
                    ]
                ]
            ],
            "where": [],
            "groupBy": [],
            "having": [],
            "orderBy": [
                "desc",
                [
                    [
                        0,
                        [
                            0,
                            3,
                            false
                        ],
                        null
                    ]
                ]
            ],
            "limit": null,
            "intersect": null,
            "union": null,
            "except": null
        },
        "complexity": "easy",
        "query_len": 8
    },
    {
        "db_id": "county_public_safety",
        "query": "SELECT Name FROM county_public_safety ORDER BY Population DESC",
        "query_toks": [
            "SELECT",
            "Name",
            "FROM",
            "county_public_safety",
            "ORDER",
            "BY",
            "Population",
            "DESC"
        ],
        "query_toks_no_value": [
            "select",
            "name",
            "from",
            "county_public_safety",
            "order",
            "by",
            "population",
            "desc"
        ],
        "question": "What are the names of the counties of public safety, ordered by population descending?",
        "question_toks": [
            "What",
            "are",
            "the",
            "names",
            "of",
            "the",
            "counties",
            "of",
            "public",
            "safety",
            ",",
            "ordered",
            "by",
            "population",
            "descending",
            "?"
        ],
        "sql": {
            "from": {
                "table_units": [
                    [
                        "table_unit",
                        0
                    ]
                ],
                "conds": []
            },
            "select": [
                false,
                [
                    [
                        0,
                        [
                            0,
                            [
                                0,
                                2,
                                false
                            ],
                            null
                        ]
                    ]
                ]
            ],
            "where": [],
            "groupBy": [],
            "having": [],
            "orderBy": [
                "desc",
                [
                    [
                        0,
                        [
                            0,
                            3,
                            false
                        ],
                        null
                    ]
                ]
            ],
            "limit": null,
            "intersect": null,
            "union": null,
            "except": null
        },
        "complexity": "easy",
        "query_len": 8
    },
    {
        "db_id": "county_public_safety",
        "query": "SELECT Crime_rate FROM county_public_safety ORDER BY Police_officers ASC",
        "query_toks": [
            "SELECT",
            "Crime_rate",
            "FROM",
            "county_public_safety",
            "ORDER",
            "BY",
            "Police_officers",
            "ASC"
        ],
        "query_toks_no_value": [
            "select",
            "crime_rate",
            "from",
            "county_public_safety",
            "order",
            "by",
            "police_officers",
            "asc"
        ],
        "question": "What are the crime rates of counties sorted by number of offices ascending?",
        "question_toks": [
            "What",
            "are",
            "the",
            "crime",
            "rates",
            "of",
            "counties",
            "sorted",
            "by",
            "number",
            "of",
            "offices",
            "ascending",
            "?"
        ],
        "sql": {
            "from": {
                "table_units": [
                    [
                        "table_unit",
                        0
                    ]
                ],
                "conds": []
            },
            "select": [
                false,
                [
                    [
                        0,
                        [
                            0,
                            [
                                0,
                                7,
                                false
                            ],
                            null
                        ]
                    ]
                ]
            ],
            "where": [],
            "groupBy": [],
            "having": [],
            "orderBy": [
                "asc",
                [
                    [
                        0,
                        [
                            0,
                            4,
                            false
                        ],
                        null
                    ]
                ]
            ],
            "limit": null,
            "intersect": null,
            "union": null,
            "except": null
        },
        "complexity": "easy",
        "query_len": 8
    },
    {
        "db_id": "county_public_safety",
        "query": "SELECT Name FROM city ORDER BY Name ASC",
        "query_toks": [
            "SELECT",
            "Name",
            "FROM",
            "city",
            "ORDER",
            "BY",
            "Name",
            "ASC"
        ],
        "query_toks_no_value": [
            "select",
            "name",
            "from",
            "city",
            "order",
            "by",
            "name",
            "asc"
        ],
        "question": "What are the names of cities in ascending alphabetical order?",
        "question_toks": [
            "What",
            "are",
            "the",
            "names",
            "of",
            "cities",
            "in",
            "ascending",
            "alphabetical",
            "order",
            "?"
        ],
        "sql": {
            "from": {
                "table_units": [
                    [
                        "table_unit",
                        1
                    ]
                ],
                "conds": []
            },
            "select": [
                false,
                [
                    [
                        0,
                        [
                            0,
                            [
                                0,
                                12,
                                false
                            ],
                            null
                        ]
                    ]
                ]
            ],
            "where": [],
            "groupBy": [],
            "having": [],
            "orderBy": [
                "asc",
                [
                    [
                        0,
                        [
                            0,
                            12,
                            false
                        ],
                        null
                    ]
                ]
            ],
            "limit": null,
            "intersect": null,
            "union": null,
            "except": null
        },
        "complexity": "easy",
        "query_len": 8
    },
    {
        "db_id": "county_public_safety",
        "query": "SELECT Hispanic FROM city WHERE Black  >  10",
        "query_toks": [
            "SELECT",
            "Hispanic",
            "FROM",
            "city",
            "WHERE",
            "Black",
            ">",
            "10"
        ],
        "query_toks_no_value": [
            "select",
            "hispanic",
            "from",
            "city",
            "where",
            "black",
            ">",
            "value"
        ],
        "question": "What are the percentage of hispanics in cities with the black percentage higher than 10?",
        "question_toks": [
            "What",
            "are",
            "the",
            "percentage",
            "of",
            "hispanics",
            "in",
            "cities",
            "with",
            "the",
            "black",
            "percentage",
            "higher",
            "than",
            "10",
            "?"
        ],
        "sql": {
            "from": {
                "table_units": [
                    [
                        "table_unit",
                        1
                    ]
                ],
                "conds": []
            },
            "select": [
                false,
                [
                    [
                        0,
                        [
                            0,
                            [
                                0,
                                18,
                                false
                            ],
                            null
                        ]
                    ]
                ]
            ],
            "where": [
                [
                    false,
                    3,
                    [
                        0,
                        [
                            0,
                            14,
                            false
                        ],
                        null
                    ],
                    10.0,
                    null
                ]
            ],
            "groupBy": [],
            "having": [],
            "orderBy": [],
            "limit": null,
            "intersect": null,
            "union": null,
            "except": null
        },
        "complexity": "easy",
        "query_len": 8
    },
    {
        "db_id": "county_public_safety",
        "query": "SELECT Hispanic FROM city WHERE Black  >  10",
        "query_toks": [
            "SELECT",
            "Hispanic",
            "FROM",
            "city",
            "WHERE",
            "Black",
            ">",
            "10"
        ],
        "query_toks_no_value": [
            "select",
            "hispanic",
            "from",
            "city",
            "where",
            "black",
            ">",
            "value"
        ],
        "question": "Return the hispanic percentage for cities in which the black percentage is greater than 10.",
        "question_toks": [
            "Return",
            "the",
            "hispanic",
            "percentage",
            "for",
            "cities",
            "in",
            "which",
            "the",
            "black",
            "percentage",
            "is",
            "greater",
            "than",
            "10",
            "."
        ],
        "sql": {
            "from": {
                "table_units": [
                    [
                        "table_unit",
                        1
                    ]
                ],
                "conds": []
            },
            "select": [
                false,
                [
                    [
                        0,
                        [
                            0,
                            [
                                0,
                                18,
                                false
                            ],
                            null
                        ]
                    ]
                ]
            ],
            "where": [
                [
                    false,
                    3,
                    [
                        0,
                        [
                            0,
                            14,
                            false
                        ],
                        null
                    ],
                    10.0,
                    null
                ]
            ],
            "groupBy": [],
            "having": [],
            "orderBy": [],
            "limit": null,
            "intersect": null,
            "union": null,
            "except": null
        },
        "complexity": "easy",
        "query_len": 8
    },
    {
        "db_id": "county_public_safety",
        "query": "SELECT Case_burden FROM county_public_safety ORDER BY Population DESC",
        "query_toks": [
            "SELECT",
            "Case_burden",
            "FROM",
            "county_public_safety",
            "ORDER",
            "BY",
            "Population",
            "DESC"
        ],
        "query_toks_no_value": [
            "select",
            "case_burden",
            "from",
            "county_public_safety",
            "order",
            "by",
            "population",
            "desc"
        ],
        "question": "Show the case burden of counties in descending order of population.",
        "question_toks": [
            "Show",
            "the",
            "case",
            "burden",
            "of",
            "counties",
            "in",
            "descending",
            "order",
            "of",
            "population",
            "."
        ],
        "sql": {
            "from": {
                "table_units": [
                    [
                        "table_unit",
                        0
                    ]
                ],
                "conds": []
            },
            "select": [
                false,
                [
                    [
                        0,
                        [
                            0,
                            [
                                0,
                                6,
                                false
                            ],
                            null
                        ]
                    ]
                ]
            ],
            "where": [],
            "groupBy": [],
            "having": [],
            "orderBy": [
                "desc",
                [
                    [
                        0,
                        [
                            0,
                            3,
                            false
                        ],
                        null
                    ]
                ]
            ],
            "limit": null,
            "intersect": null,
            "union": null,
            "except": null
        },
        "complexity": "easy",
        "query_len": 8
    },
    {
        "db_id": "county_public_safety",
        "query": "SELECT Name FROM county_public_safety ORDER BY Population DESC LIMIT 1",
        "query_toks": [
            "SELECT",
            "Name",
            "FROM",
            "county_public_safety",
            "ORDER",
            "BY",
            "Population",
            "DESC",
            "LIMIT",
            "1"
        ],
        "query_toks_no_value": [
            "select",
            "name",
            "from",
            "county_public_safety",
            "order",
            "by",
            "population",
            "desc",
            "limit",
            "value"
        ],
        "question": "List the name of the county with the largest population.",
        "question_toks": [
            "List",
            "the",
            "name",
            "of",
            "the",
            "county",
            "with",
            "the",
            "largest",
            "population",
            "."
        ],
        "sql": {
            "from": {
                "table_units": [
                    [
                        "table_unit",
                        0
                    ]
                ],
                "conds": []
            },
            "select": [
                false,
                [
                    [
                        0,
                        [
                            0,
                            [
                                0,
                                2,
                                false
                            ],
                            null
                        ]
                    ]
                ]
            ],
            "where": [],
            "groupBy": [],
            "having": [],
            "orderBy": [
                "desc",
                [
                    [
                        0,
                        [
                            0,
                            3,
                            false
                        ],
                        null
                    ]
                ]
            ],
            "limit": 1,
            "intersect": null,
            "union": null,
            "except": null
        },
        "complexity": "medium",
        "query_len": 10
    },
    {
        "db_id": "county_public_safety",
        "query": "SELECT Name FROM county_public_safety ORDER BY Population DESC LIMIT 1",
        "query_toks": [
            "SELECT",
            "Name",
            "FROM",
            "county_public_safety",
            "ORDER",
            "BY",
            "Population",
            "DESC",
            "LIMIT",
            "1"
        ],
        "query_toks_no_value": [
            "select",
            "name",
            "from",
            "county_public_safety",
            "order",
            "by",
            "population",
            "desc",
            "limit",
            "value"
        ],
        "question": "What is the name of the county with the greatest population?",
        "question_toks": [
            "What",
            "is",
            "the",
            "name",
            "of",
            "the",
            "county",
            "with",
            "the",
            "greatest",
            "population",
            "?"
        ],
        "sql": {
            "from": {
                "table_units": [
                    [
                        "table_unit",
                        0
                    ]
                ],
                "conds": []
            },
            "select": [
                false,
                [
                    [
                        0,
                        [
                            0,
                            [
                                0,
                                2,
                                false
                            ],
                            null
                        ]
                    ]
                ]
            ],
            "where": [],
            "groupBy": [],
            "having": [],
            "orderBy": [
                "desc",
                [
                    [
                        0,
                        [
                            0,
                            3,
                            false
                        ],
                        null
                    ]
                ]
            ],
            "limit": 1,
            "intersect": null,
            "union": null,
            "except": null
        },
        "complexity": "medium",
        "query_len": 10
    },
    {
        "db_id": "county_public_safety",
        "query": "SELECT Name FROM city ORDER BY White DESC LIMIT 5",
        "query_toks": [
            "SELECT",
            "Name",
            "FROM",
            "city",
            "ORDER",
            "BY",
            "White",
            "DESC",
            "LIMIT",
            "5"
        ],
        "query_toks_no_value": [
            "select",
            "name",
            "from",
            "city",
            "order",
            "by",
            "white",
            "desc",
            "limit",
            "value"
        ],
        "question": "What are the names of the five cities with the greatest proportion of white people?",
        "question_toks": [
            "What",
            "are",
            "the",
            "names",
            "of",
            "the",
            "five",
            "cities",
            "with",
            "the",
            "greatest",
            "proportion",
            "of",
            "white",
            "people",
            "?"
        ],
        "sql": {
            "from": {
                "table_units": [
                    [
                        "table_unit",
                        1
                    ]
                ],
                "conds": []
            },
            "select": [
                false,
                [
                    [
                        0,
                        [
                            0,
                            [
                                0,
                                12,
                                false
                            ],
                            null
                        ]
                    ]
                ]
            ],
            "where": [],
            "groupBy": [],
            "having": [],
            "orderBy": [
                "desc",
                [
                    [
                        0,
                        [
                            0,
                            13,
                            false
                        ],
                        null
                    ]
                ]
            ],
            "limit": 5,
            "intersect": null,
            "union": null,
            "except": null
        },
        "complexity": "medium",
        "query_len": 10
    },
    {
        "db_id": "county_public_safety",
        "query": "SELECT DISTINCT Police_force FROM county_public_safety WHERE LOCATION != \"East\"",
        "query_toks": [
            "SELECT",
            "DISTINCT",
            "Police_force",
            "FROM",
            "county_public_safety",
            "WHERE",
            "LOCATION",
            "!",
            "=",
            "``",
            "East",
            "''"
        ],
        "query_toks_no_value": [
            "select",
            "distinct",
            "police_force",
            "from",
            "county_public_safety",
            "where",
            "location",
            "!",
            "=",
            "value"
        ],
        "question": "List the distinct police forces of counties whose location is not on east side.",
        "question_toks": [
            "List",
            "the",
            "distinct",
            "police",
            "forces",
            "of",
            "counties",
            "whose",
            "location",
            "is",
            "not",
            "on",
            "east",
            "side",
            "."
        ],
        "sql": {
            "from": {
                "table_units": [
                    [
                        "table_unit",
                        0
                    ]
                ],
                "conds": []
            },
            "select": [
                true,
                [
                    [
                        0,
                        [
                            0,
                            [
                                0,
                                8,
                                false
                            ],
                            null
                        ]
                    ]
                ]
            ],
            "where": [
                [
                    false,
                    7,
                    [
                        0,
                        [
                            0,
                            9,
                            false
                        ],
                        null
                    ],
                    "\"East\"",
                    null
                ]
            ],
            "groupBy": [],
            "having": [],
            "orderBy": [],
            "limit": null,
            "intersect": null,
            "union": null,
            "except": null
        },
        "complexity": "easy",
        "query_len": 12
    },
    {
        "db_id": "county_public_safety",
        "query": "SELECT DISTINCT Police_force FROM county_public_safety WHERE LOCATION != \"East\"",
        "query_toks": [
            "SELECT",
            "DISTINCT",
            "Police_force",
            "FROM",
            "county_public_safety",
            "WHERE",
            "LOCATION",
            "!",
            "=",
            "``",
            "East",
            "''"
        ],
        "query_toks_no_value": [
            "select",
            "distinct",
            "police_force",
            "from",
            "county_public_safety",
            "where",
            "location",
            "!",
            "=",
            "value"
        ],
        "question": "What are the different police forces of counties that are not located in the East?",
        "question_toks": [
            "What",
            "are",
            "the",
            "different",
            "police",
            "forces",
            "of",
            "counties",
            "that",
            "are",
            "not",
            "located",
            "in",
            "the",
            "East",
            "?"
        ],
        "sql": {
            "from": {
                "table_units": [
                    [
                        "table_unit",
                        0
                    ]
                ],
                "conds": []
            },
            "select": [
                true,
                [
                    [
                        0,
                        [
                            0,
                            [
                                0,
                                8,
                                false
                            ],
                            null
                        ]
                    ]
                ]
            ],
            "where": [
                [
                    false,
                    7,
                    [
                        0,
                        [
                            0,
                            9,
                            false
                        ],
                        null
                    ],
                    "\"East\"",
                    null
                ]
            ],
            "groupBy": [],
            "having": [],
            "orderBy": [],
            "limit": null,
            "intersect": null,
            "union": null,
            "except": null
        },
        "complexity": "easy",
        "query_len": 12
    },
    {
        "db_id": "county_public_safety",
        "query": "SELECT min(Crime_rate) ,  max(Crime_rate) FROM county_public_safety",
        "query_toks": [
            "SELECT",
            "min",
            "(",
            "Crime_rate",
            ")",
            ",",
            "max",
            "(",
            "Crime_rate",
            ")",
            "FROM",
            "county_public_safety"
        ],
        "query_toks_no_value": [
            "select",
            "min",
            "(",
            "crime_rate",
            ")",
            ",",
            "max",
            "(",
            "crime_rate",
            ")",
            "from",
            "county_public_safety"
        ],
        "question": "Return the minimum and maximum crime rates across all counties.",
        "question_toks": [
            "Return",
            "the",
            "minimum",
            "and",
            "maximum",
            "crime",
            "rates",
            "across",
            "all",
            "counties",
            "."
        ],
        "sql": {
            "from": {
                "table_units": [
                    [
                        "table_unit",
                        0
                    ]
                ],
                "conds": []
            },
            "select": [
                false,
                [
                    [
                        2,
                        [
                            0,
                            [
                                0,
                                7,
                                false
                            ],
                            null
                        ]
                    ],
                    [
                        1,
                        [
                            0,
                            [
                                0,
                                7,
                                false
                            ],
                            null
                        ]
                    ]
                ]
            ],
            "where": [],
            "groupBy": [],
            "having": [],
            "orderBy": [],
            "limit": null,
            "intersect": null,
            "union": null,
            "except": null
        },
        "complexity": "medium",
        "query_len": 12
    },
    {
        "db_id": "county_public_safety",
        "query": "SELECT Police_force ,  COUNT(*) FROM county_public_safety GROUP BY Police_force",
        "query_toks": [
            "SELECT",
            "Police_force",
            ",",
            "COUNT",
            "(",
            "*",
            ")",
            "FROM",
            "county_public_safety",
            "GROUP",
            "BY",
            "Police_force"
        ],
        "query_toks_no_value": [
            "select",
            "police_force",
            ",",
            "count",
            "(",
            "*",
            ")",
            "from",
            "county_public_safety",
            "group",
            "by",
            "police_force"
        ],
        "question": "Please show the police forces and the number of counties with each police force.",
        "question_toks": [
            "Please",
            "show",
            "the",
            "police",
            "forces",
            "and",
            "the",
            "number",
            "of",
            "counties",
            "with",
            "each",
            "police",
            "force",
            "."
        ],
        "sql": {
            "from": {
                "table_units": [
                    [
                        "table_unit",
                        0
                    ]
                ],
                "conds": []
            },
            "select": [
                false,
                [
                    [
                        0,
                        [
                            0,
                            [
                                0,
                                8,
                                false
                            ],
                            null
                        ]
                    ],
                    [
                        3,
                        [
                            0,
                            [
                                0,
                                0,
                                false
                            ],
                            null
                        ]
                    ]
                ]
            ],
            "where": [],
            "groupBy": [
                [
                    0,
                    8,
                    false
                ]
            ],
            "having": [],
            "orderBy": [],
            "limit": null,
            "intersect": null,
            "union": null,
            "except": null
        },
        "complexity": "medium",
        "query_len": 12
    },
    {
        "db_id": "county_public_safety",
        "query": "SELECT Name FROM county_public_safety WHERE County_ID NOT IN (SELECT County_ID FROM city)",
        "query_toks": [
            "SELECT",
            "Name",
            "FROM",
            "county_public_safety",
            "WHERE",
            "County_ID",
            "NOT",
            "IN",
            "(",
            "SELECT",
            "County_ID",
            "FROM",
            "city",
            ")"
        ],
        "query_toks_no_value": [
            "select",
            "name",
            "from",
            "county_public_safety",
            "where",
            "county_id",
            "not",
            "in",
            "(",
            "select",
            "county_id",
            "from",
            "city",
            ")"
        ],
        "question": "List the names of counties that do not have any cities.",
        "question_toks": [
            "List",
            "the",
            "names",
            "of",
            "counties",
            "that",
            "do",
            "not",
            "have",
            "any",
            "cities",
            "."
        ],
        "sql": {
            "from": {
                "table_units": [
                    [
                        "table_unit",
                        0
                    ]
                ],
                "conds": []
            },
            "select": [
                false,
                [
                    [
                        0,
                        [
                            0,
                            [
                                0,
                                2,
                                false
                            ],
                            null
                        ]
                    ]
                ]
            ],
            "where": [
                [
                    true,
                    8,
                    [
                        0,
                        [
                            0,
                            1,
                            false
                        ],
                        null
                    ],
                    {
                        "from": {
                            "table_units": [
                                [
                                    "table_unit",
                                    1
                                ]
                            ],
                            "conds": []
                        },
                        "select": [
                            false,
                            [
                                [
                                    0,
                                    [
                                        0,
                                        [
                                            0,
                                            11,
                                            false
                                        ],
                                        null
                                    ]
                                ]
                            ]
                        ],
                        "where": [],
                        "groupBy": [],
                        "having": [],
                        "orderBy": [],
                        "limit": null,
                        "intersect": null,
                        "union": null,
                        "except": null
                    },
                    null
                ]
            ],
            "groupBy": [],
            "having": [],
            "orderBy": [],
            "limit": null,
            "intersect": null,
            "union": null,
            "except": null
        },
        "complexity": "hard",
        "query_len": 14
    },
    {
        "db_id": "county_public_safety",
        "query": "SELECT Name FROM county_public_safety WHERE County_ID NOT IN (SELECT County_ID FROM city)",
        "query_toks": [
            "SELECT",
            "Name",
            "FROM",
            "county_public_safety",
            "WHERE",
            "County_ID",
            "NOT",
            "IN",
            "(",
            "SELECT",
            "County_ID",
            "FROM",
            "city",
            ")"
        ],
        "query_toks_no_value": [
            "select",
            "name",
            "from",
            "county_public_safety",
            "where",
            "county_id",
            "not",
            "in",
            "(",
            "select",
            "county_id",
            "from",
            "city",
            ")"
        ],
        "question": "What are the names of counties that do not contain any cities?",
        "question_toks": [
            "What",
            "are",
            "the",
            "names",
            "of",
            "counties",
            "that",
            "do",
            "not",
            "contain",
            "any",
            "cities",
            "?"
        ],
        "sql": {
            "from": {
                "table_units": [
                    [
                        "table_unit",
                        0
                    ]
                ],
                "conds": []
            },
            "select": [
                false,
                [
                    [
                        0,
                        [
                            0,
                            [
                                0,
                                2,
                                false
                            ],
                            null
                        ]
                    ]
                ]
            ],
            "where": [
                [
                    true,
                    8,
                    [
                        0,
                        [
                            0,
                            1,
                            false
                        ],
                        null
                    ],
                    {
                        "from": {
                            "table_units": [
                                [
                                    "table_unit",
                                    1
                                ]
                            ],
                            "conds": []
                        },
                        "select": [
                            false,
                            [
                                [
                                    0,
                                    [
                                        0,
                                        [
                                            0,
                                            11,
                                            false
                                        ],
                                        null
                                    ]
                                ]
                            ]
                        ],
                        "where": [],
                        "groupBy": [],
                        "having": [],
                        "orderBy": [],
                        "limit": null,
                        "intersect": null,
                        "union": null,
                        "except": null
                    },
                    null
                ]
            ],
            "groupBy": [],
            "having": [],
            "orderBy": [],
            "limit": null,
            "intersect": null,
            "union": null,
            "except": null
        },
        "complexity": "hard",
        "query_len": 14
    },
    {
        "db_id": "county_public_safety",
        "query": "SELECT T1.Name ,  T2.Name FROM city AS T1 JOIN county_public_safety AS T2 ON T1.County_ID  =  T2.County_ID",
        "query_toks": [
            "SELECT",
            "T1.Name",
            ",",
            "T2.Name",
            "FROM",
            "city",
            "AS",
            "T1",
            "JOIN",
            "county_public_safety",
            "AS",
            "T2",
            "ON",
            "T1.County_ID",
            "=",
            "T2.County_ID"
        ],
        "query_toks_no_value": [
            "select",
            "t1",
            ".",
            "name",
            ",",
            "t2",
            ".",
            "name",
            "from",
            "city",
            "as",
            "t1",
            "join",
            "county_public_safety",
            "as",
            "t2",
            "on",
            "t1",
            ".",
            "county_id",
            "=",
            "t2",
            ".",
            "county_id"
        ],
        "question": "Show names of cities and names of counties they are in.",
        "question_toks": [
            "Show",
            "names",
            "of",
            "cities",
            "and",
            "names",
            "of",
            "counties",
            "they",
            "are",
            "in",
            "."
        ],
        "sql": {
            "from": {
                "table_units": [
                    [
                        "table_unit",
                        1
                    ],
                    [
                        "table_unit",
                        0
                    ]
                ],
                "conds": [
                    [
                        false,
                        2,
                        [
                            0,
                            [
                                0,
                                11,
                                false
                            ],
                            null
                        ],
                        [
                            0,
                            1,
                            false
                        ],
                        null
                    ]
                ]
            },
            "select": [
                false,
                [
                    [
                        0,
                        [
                            0,
                            [
                                0,
                                12,
                                false
                            ],
                            null
                        ]
                    ],
                    [
                        0,
                        [
                            0,
                            [
                                0,
                                2,
                                false
                            ],
                            null
                        ]
                    ]
                ]
            ],
            "where": [],
            "groupBy": [],
            "having": [],
            "orderBy": [],
            "limit": null,
            "intersect": null,
            "union": null,
            "except": null
        },
        "complexity": "medium",
        "query_len": 16
    },
    {
        "db_id": "county_public_safety",
        "query": "SELECT T1.White ,  T2.Crime_rate FROM city AS T1 JOIN county_public_safety AS T2 ON T1.County_ID  =  T2.County_ID",
        "query_toks": [
            "SELECT",
            "T1.White",
            ",",
            "T2.Crime_rate",
            "FROM",
            "city",
            "AS",
            "T1",
            "JOIN",
            "county_public_safety",
            "AS",
            "T2",
            "ON",
            "T1.County_ID",
            "=",
            "T2.County_ID"
        ],
        "query_toks_no_value": [
            "select",
            "t1",
            ".",
            "white",
            ",",
            "t2",
            ".",
            "crime_rate",
            "from",
            "city",
            "as",
            "t1",
            "join",
            "county_public_safety",
            "as",
            "t2",
            "on",
            "t1",
            ".",
            "county_id",
            "=",
            "t2",
            ".",
            "county_id"
        ],
        "question": "Show white percentages of cities and the crime rates of counties they are in.",
        "question_toks": [
            "Show",
            "white",
            "percentages",
            "of",
            "cities",
            "and",
            "the",
            "crime",
            "rates",
            "of",
            "counties",
            "they",
            "are",
            "in",
            "."
        ],
        "sql": {
            "from": {
                "table_units": [
                    [
                        "table_unit",
                        1
                    ],
                    [
                        "table_unit",
                        0
                    ]
                ],
                "conds": [
                    [
                        false,
                        2,
                        [
                            0,
                            [
                                0,
                                11,
                                false
                            ],
                            null
                        ],
                        [
                            0,
                            1,
                            false
                        ],
                        null
                    ]
                ]
            },
            "select": [
                false,
                [
                    [
                        0,
                        [
                            0,
                            [
                                0,
                                13,
                                false
                            ],
                            null
                        ]
                    ],
                    [
                        0,
                        [
                            0,
                            [
                                0,
                                7,
                                false
                            ],
                            null
                        ]
                    ]
                ]
            ],
            "where": [],
            "groupBy": [],
            "having": [],
            "orderBy": [],
            "limit": null,
            "intersect": null,
            "union": null,
            "except": null
        },
        "complexity": "medium",
        "query_len": 16
    },
    {
        "db_id": "county_public_safety",
        "query": "SELECT T1.White ,  T2.Crime_rate FROM city AS T1 JOIN county_public_safety AS T2 ON T1.County_ID  =  T2.County_ID",
        "query_toks": [
            "SELECT",
            "T1.White",
            ",",
            "T2.Crime_rate",
            "FROM",
            "city",
            "AS",
            "T1",
            "JOIN",
            "county_public_safety",
            "AS",
            "T2",
            "ON",
            "T1.County_ID",
            "=",
            "T2.County_ID"
        ],
        "query_toks_no_value": [
            "select",
            "t1",
            ".",
            "white",
            ",",
            "t2",
            ".",
            "crime_rate",
            "from",
            "city",
            "as",
            "t1",
            "join",
            "county_public_safety",
            "as",
            "t2",
            "on",
            "t1",
            ".",
            "county_id",
            "=",
            "t2",
            ".",
            "county_id"
        ],
        "question": "What are the white percentages of cities, and the corresponding crime rates of the counties they correspond to?",
        "question_toks": [
            "What",
            "are",
            "the",
            "white",
            "percentages",
            "of",
            "cities",
            ",",
            "and",
            "the",
            "corresponding",
            "crime",
            "rates",
            "of",
            "the",
            "counties",
            "they",
            "correspond",
            "to",
            "?"
        ],
        "sql": {
            "from": {
                "table_units": [
                    [
                        "table_unit",
                        1
                    ],
                    [
                        "table_unit",
                        0
                    ]
                ],
                "conds": [
                    [
                        false,
                        2,
                        [
                            0,
                            [
                                0,
                                11,
                                false
                            ],
                            null
                        ],
                        [
                            0,
                            1,
                            false
                        ],
                        null
                    ]
                ]
            },
            "select": [
                false,
                [
                    [
                        0,
                        [
                            0,
                            [
                                0,
                                13,
                                false
                            ],
                            null
                        ]
                    ],
                    [
                        0,
                        [
                            0,
                            [
                                0,
                                7,
                                false
                            ],
                            null
                        ]
                    ]
                ]
            ],
            "where": [],
            "groupBy": [],
            "having": [],
            "orderBy": [],
            "limit": null,
            "intersect": null,
            "union": null,
            "except": null
        },
        "complexity": "medium",
        "query_len": 16
    },
    {
        "db_id": "county_public_safety",
        "query": "SELECT LOCATION FROM county_public_safety GROUP BY LOCATION ORDER BY COUNT(*) DESC LIMIT 1",
        "query_toks": [
            "SELECT",
            "LOCATION",
            "FROM",
            "county_public_safety",
            "GROUP",
            "BY",
            "LOCATION",
            "ORDER",
            "BY",
            "COUNT",
            "(",
            "*",
            ")",
            "DESC",
            "LIMIT",
            "1"
        ],
        "query_toks_no_value": [
            "select",
            "location",
            "from",
            "county_public_safety",
            "group",
            "by",
            "location",
            "order",
            "by",
            "count",
            "(",
            "*",
            ")",
            "desc",
            "limit",
            "value"
        ],
        "question": "Which location has the most corresponding counties?",
        "question_toks": [
            "Which",
            "location",
            "has",
            "the",
            "most",
            "corresponding",
            "counties",
            "?"
        ],
        "sql": {
            "from": {
                "table_units": [
                    [
                        "table_unit",
                        0
                    ]
                ],
                "conds": []
            },
            "select": [
                false,
                [
                    [
                        0,
                        [
                            0,
                            [
                                0,
                                9,
                                false
                            ],
                            null
                        ]
                    ]
                ]
            ],
            "where": [],
            "groupBy": [
                [
                    0,
                    9,
                    false
                ]
            ],
            "having": [],
            "orderBy": [
                "desc",
                [
                    [
                        0,
                        [
                            3,
                            0,
                            false
                        ],
                        null
                    ]
                ]
            ],
            "limit": 1,
            "intersect": null,
            "union": null,
            "except": null
        },
        "complexity": "hard",
        "query_len": 16
    },
    {
        "db_id": "county_public_safety",
        "query": "SELECT name FROM city WHERE county_id IN (SELECT county_id FROM county_public_safety WHERE Crime_rate  <  100)",
        "query_toks": [
            "SELECT",
            "name",
            "FROM",
            "city",
            "WHERE",
            "county_id",
            "IN",
            "(",
            "SELECT",
            "county_id",
            "FROM",
            "county_public_safety",
            "WHERE",
            "Crime_rate",
            "<",
            "100",
            ")"
        ],
        "query_toks_no_value": [
            "select",
            "name",
            "from",
            "city",
            "where",
            "county_id",
            "in",
            "(",
            "select",
            "county_id",
            "from",
            "county_public_safety",
            "where",
            "crime_rate",
            "<",
            "value",
            ")"
        ],
        "question": "Show the names of cities in counties that have a crime rate less than 100.",
        "question_toks": [
            "Show",
            "the",
            "names",
            "of",
            "cities",
            "in",
            "counties",
            "that",
            "have",
            "a",
            "crime",
            "rate",
            "less",
            "than",
            "100",
            "."
        ],
        "sql": {
            "from": {
                "table_units": [
                    [
                        "table_unit",
                        1
                    ]
                ],
                "conds": []
            },
            "select": [
                false,
                [
                    [
                        0,
                        [
                            0,
                            [
                                0,
                                12,
                                false
                            ],
                            null
                        ]
                    ]
                ]
            ],
            "where": [
                [
                    false,
                    8,
                    [
                        0,
                        [
                            0,
                            11,
                            false
                        ],
                        null
                    ],
                    {
                        "from": {
                            "table_units": [
                                [
                                    "table_unit",
                                    0
                                ]
                            ],
                            "conds": []
                        },
                        "select": [
                            false,
                            [
                                [
                                    0,
                                    [
                                        0,
                                        [
                                            0,
                                            1,
                                            false
                                        ],
                                        null
                                    ]
                                ]
                            ]
                        ],
                        "where": [
                            [
                                false,
                                4,
                                [
                                    0,
                                    [
                                        0,
                                        7,
                                        false
                                    ],
                                    null
                                ],
                                100.0,
                                null
                            ]
                        ],
                        "groupBy": [],
                        "having": [],
                        "orderBy": [],
                        "limit": null,
                        "intersect": null,
                        "union": null,
                        "except": null
                    },
                    null
                ]
            ],
            "groupBy": [],
            "having": [],
            "orderBy": [],
            "limit": null,
            "intersect": null,
            "union": null,
            "except": null
        },
        "complexity": "hard",
        "query_len": 17
    },
    {
        "db_id": "county_public_safety",
        "query": "SELECT name FROM city WHERE county_id IN (SELECT county_id FROM county_public_safety WHERE Crime_rate  <  100)",
        "query_toks": [
            "SELECT",
            "name",
            "FROM",
            "city",
            "WHERE",
            "county_id",
            "IN",
            "(",
            "SELECT",
            "county_id",
            "FROM",
            "county_public_safety",
            "WHERE",
            "Crime_rate",
            "<",
            "100",
            ")"
        ],
        "query_toks_no_value": [
            "select",
            "name",
            "from",
            "city",
            "where",
            "county_id",
            "in",
            "(",
            "select",
            "county_id",
            "from",
            "county_public_safety",
            "where",
            "crime_rate",
            "<",
            "value",
            ")"
        ],
        "question": "What are the names of cities that are in counties that have a crime rate below 100?",
        "question_toks": [
            "What",
            "are",
            "the",
            "names",
            "of",
            "cities",
            "that",
            "are",
            "in",
            "counties",
            "that",
            "have",
            "a",
            "crime",
            "rate",
            "below",
            "100",
            "?"
        ],
        "sql": {
            "from": {
                "table_units": [
                    [
                        "table_unit",
                        1
                    ]
                ],
                "conds": []
            },
            "select": [
                false,
                [
                    [
                        0,
                        [
                            0,
                            [
                                0,
                                12,
                                false
                            ],
                            null
                        ]
                    ]
                ]
            ],
            "where": [
                [
                    false,
                    8,
                    [
                        0,
                        [
                            0,
                            11,
                            false
                        ],
                        null
                    ],
                    {
                        "from": {
                            "table_units": [
                                [
                                    "table_unit",
                                    0
                                ]
                            ],
                            "conds": []
                        },
                        "select": [
                            false,
                            [
                                [
                                    0,
                                    [
                                        0,
                                        [
                                            0,
                                            1,
                                            false
                                        ],
                                        null
                                    ]
                                ]
                            ]
                        ],
                        "where": [
                            [
                                false,
                                4,
                                [
                                    0,
                                    [
                                        0,
                                        7,
                                        false
                                    ],
                                    null
                                ],
                                100.0,
                                null
                            ]
                        ],
                        "groupBy": [],
                        "having": [],
                        "orderBy": [],
                        "limit": null,
                        "intersect": null,
                        "union": null,
                        "except": null
                    },
                    null
                ]
            ],
            "groupBy": [],
            "having": [],
            "orderBy": [],
            "limit": null,
            "intersect": null,
            "union": null,
            "except": null
        },
        "complexity": "hard",
        "query_len": 17
    },
    {
        "db_id": "county_public_safety",
        "query": "SELECT T2.Crime_rate FROM city AS T1 JOIN county_public_safety AS T2 ON T1.County_ID  =  T2.County_ID WHERE T1.White  >  90",
        "query_toks": [
            "SELECT",
            "T2.Crime_rate",
            "FROM",
            "city",
            "AS",
            "T1",
            "JOIN",
            "county_public_safety",
            "AS",
            "T2",
            "ON",
            "T1.County_ID",
            "=",
            "T2.County_ID",
            "WHERE",
            "T1.White",
            ">",
            "90"
        ],
        "query_toks_no_value": [
            "select",
            "t2",
            ".",
            "crime_rate",
            "from",
            "city",
            "as",
            "t1",
            "join",
            "county_public_safety",
            "as",
            "t2",
            "on",
            "t1",
            ".",
            "county_id",
            "=",
            "t2",
            ".",
            "county_id",
            "where",
            "t1",
            ".",
            "white",
            ">",
            "value"
        ],
        "question": "What are the crime rates of counties that contain cities that have white percentages of over 90?",
        "question_toks": [
            "What",
            "are",
            "the",
            "crime",
            "rates",
            "of",
            "counties",
            "that",
            "contain",
            "cities",
            "that",
            "have",
            "white",
            "percentages",
            "of",
            "over",
            "90",
            "?"
        ],
        "sql": {
            "from": {
                "table_units": [
                    [
                        "table_unit",
                        1
                    ],
                    [
                        "table_unit",
                        0
                    ]
                ],
                "conds": [
                    [
                        false,
                        2,
                        [
                            0,
                            [
                                0,
                                11,
                                false
                            ],
                            null
                        ],
                        [
                            0,
                            1,
                            false
                        ],
                        null
                    ]
                ]
            },
            "select": [
                false,
                [
                    [
                        0,
                        [
                            0,
                            [
                                0,
                                7,
                                false
                            ],
                            null
                        ]
                    ]
                ]
            ],
            "where": [
                [
                    false,
                    3,
                    [
                        0,
                        [
                            0,
                            13,
                            false
                        ],
                        null
                    ],
                    90.0,
                    null
                ]
            ],
            "groupBy": [],
            "having": [],
            "orderBy": [],
            "limit": null,
            "intersect": null,
            "union": null,
            "except": null
        },
        "complexity": "medium",
        "query_len": 18
    },
    {
        "db_id": "county_public_safety",
        "query": "SELECT name FROM city WHERE county_ID  =  (SELECT county_ID FROM county_public_safety ORDER BY Police_officers DESC LIMIT 1)",
        "query_toks": [
            "SELECT",
            "name",
            "FROM",
            "city",
            "WHERE",
            "county_ID",
            "=",
            "(",
            "SELECT",
            "county_ID",
            "FROM",
            "county_public_safety",
            "ORDER",
            "BY",
            "Police_officers",
            "DESC",
            "LIMIT",
            "1",
            ")"
        ],
        "query_toks_no_value": [
            "select",
            "name",
            "from",
            "city",
            "where",
            "county_id",
            "=",
            "(",
            "select",
            "county_id",
            "from",
            "county_public_safety",
            "order",
            "by",
            "police_officers",
            "desc",
            "limit",
            "value",
            ")"
        ],
        "question": "Show the name of cities in the county that has the largest number of police officers.",
        "question_toks": [
            "Show",
            "the",
            "name",
            "of",
            "cities",
            "in",
            "the",
            "county",
            "that",
            "has",
            "the",
            "largest",
            "number",
            "of",
            "police",
            "officers",
            "."
        ],
        "sql": {
            "from": {
                "table_units": [
                    [
                        "table_unit",
                        1
                    ]
                ],
                "conds": []
            },
            "select": [
                false,
                [
                    [
                        0,
                        [
                            0,
                            [
                                0,
                                12,
                                false
                            ],
                            null
                        ]
                    ]
                ]
            ],
            "where": [
                [
                    false,
                    2,
                    [
                        0,
                        [
                            0,
                            11,
                            false
                        ],
                        null
                    ],
                    {
                        "from": {
                            "table_units": [
                                [
                                    "table_unit",
                                    0
                                ]
                            ],
                            "conds": []
                        },
                        "select": [
                            false,
                            [
                                [
                                    0,
                                    [
                                        0,
                                        [
                                            0,
                                            1,
                                            false
                                        ],
                                        null
                                    ]
                                ]
                            ]
                        ],
                        "where": [],
                        "groupBy": [],
                        "having": [],
                        "orderBy": [
                            "desc",
                            [
                                [
                                    0,
                                    [
                                        0,
                                        4,
                                        false
                                    ],
                                    null
                                ]
                            ]
                        ],
                        "limit": 1,
                        "intersect": null,
                        "union": null,
                        "except": null
                    },
                    null
                ]
            ],
            "groupBy": [],
            "having": [],
            "orderBy": [],
            "limit": null,
            "intersect": null,
            "union": null,
            "except": null
        },
        "complexity": "hard",
        "query_len": 19
    },
    {
        "db_id": "county_public_safety",
        "query": "SELECT count(*) FROM city WHERE county_ID IN (SELECT county_ID FROM county_public_safety WHERE population  >  20000)",
        "query_toks": [
            "SELECT",
            "count",
            "(",
            "*",
            ")",
            "FROM",
            "city",
            "WHERE",
            "county_ID",
            "IN",
            "(",
            "SELECT",
            "county_ID",
            "FROM",
            "county_public_safety",
            "WHERE",
            "population",
            ">",
            "20000",
            ")"
        ],
        "query_toks_no_value": [
            "select",
            "count",
            "(",
            "*",
            ")",
            "from",
            "city",
            "where",
            "county_id",
            "in",
            "(",
            "select",
            "county_id",
            "from",
            "county_public_safety",
            "where",
            "population",
            ">",
            "value",
            ")"
        ],
        "question": "Show the number of cities in counties that have a population more than 20000.",
        "question_toks": [
            "Show",
            "the",
            "number",
            "of",
            "cities",
            "in",
            "counties",
            "that",
            "have",
            "a",
            "population",
            "more",
            "than",
            "20000",
            "."
        ],
        "sql": {
            "from": {
                "table_units": [
                    [
                        "table_unit",
                        1
                    ]
                ],
                "conds": []
            },
            "select": [
                false,
                [
                    [
                        3,
                        [
                            0,
                            [
                                0,
                                0,
                                false
                            ],
                            null
                        ]
                    ]
                ]
            ],
            "where": [
                [
                    false,
                    8,
                    [
                        0,
                        [
                            0,
                            11,
                            false
                        ],
                        null
                    ],
                    {
                        "from": {
                            "table_units": [
                                [
                                    "table_unit",
                                    0
                                ]
                            ],
                            "conds": []
                        },
                        "select": [
                            false,
                            [
                                [
                                    0,
                                    [
                                        0,
                                        [
                                            0,
                                            1,
                                            false
                                        ],
                                        null
                                    ]
                                ]
                            ]
                        ],
                        "where": [
                            [
                                false,
                                3,
                                [
                                    0,
                                    [
                                        0,
                                        3,
                                        false
                                    ],
                                    null
                                ],
                                20000.0,
                                null
                            ]
                        ],
                        "groupBy": [],
                        "having": [],
                        "orderBy": [],
                        "limit": null,
                        "intersect": null,
                        "union": null,
                        "except": null
                    },
                    null
                ]
            ],
            "groupBy": [],
            "having": [],
            "orderBy": [],
            "limit": null,
            "intersect": null,
            "union": null,
            "except": null
        },
        "complexity": "hard",
        "query_len": 20
    },
    {
        "db_id": "county_public_safety",
        "query": "SELECT count(*) FROM city WHERE county_ID IN (SELECT county_ID FROM county_public_safety WHERE population  >  20000)",
        "query_toks": [
            "SELECT",
            "count",
            "(",
            "*",
            ")",
            "FROM",
            "city",
            "WHERE",
            "county_ID",
            "IN",
            "(",
            "SELECT",
            "county_ID",
            "FROM",
            "county_public_safety",
            "WHERE",
            "population",
            ">",
            "20000",
            ")"
        ],
        "query_toks_no_value": [
            "select",
            "count",
            "(",
            "*",
            ")",
            "from",
            "city",
            "where",
            "county_id",
            "in",
            "(",
            "select",
            "county_id",
            "from",
            "county_public_safety",
            "where",
            "population",
            ">",
            "value",
            ")"
        ],
        "question": "How many cities are in counties that have populations of over 20000?",
        "question_toks": [
            "How",
            "many",
            "cities",
            "are",
            "in",
            "counties",
            "that",
            "have",
            "populations",
            "of",
            "over",
            "20000",
            "?"
        ],
        "sql": {
            "from": {
                "table_units": [
                    [
                        "table_unit",
                        1
                    ]
                ],
                "conds": []
            },
            "select": [
                false,
                [
                    [
                        3,
                        [
                            0,
                            [
                                0,
                                0,
                                false
                            ],
                            null
                        ]
                    ]
                ]
            ],
            "where": [
                [
                    false,
                    8,
                    [
                        0,
                        [
                            0,
                            11,
                            false
                        ],
                        null
                    ],
                    {
                        "from": {
                            "table_units": [
                                [
                                    "table_unit",
                                    0
                                ]
                            ],
                            "conds": []
                        },
                        "select": [
                            false,
                            [
                                [
                                    0,
                                    [
                                        0,
                                        [
                                            0,
                                            1,
                                            false
                                        ],
                                        null
                                    ]
                                ]
                            ]
                        ],
                        "where": [
                            [
                                false,
                                3,
                                [
                                    0,
                                    [
                                        0,
                                        3,
                                        false
                                    ],
                                    null
                                ],
                                20000.0,
                                null
                            ]
                        ],
                        "groupBy": [],
                        "having": [],
                        "orderBy": [],
                        "limit": null,
                        "intersect": null,
                        "union": null,
                        "except": null
                    },
                    null
                ]
            ],
            "groupBy": [],
            "having": [],
            "orderBy": [],
            "limit": null,
            "intersect": null,
            "union": null,
            "except": null
        },
        "complexity": "hard",
        "query_len": 20
    },
    {
        "db_id": "county_public_safety",
        "query": "SELECT Police_force FROM county_public_safety WHERE LOCATION  =  \"East\" INTERSECT SELECT Police_force FROM county_public_safety WHERE LOCATION  =  \"West\"",
        "query_toks": [
            "SELECT",
            "Police_force",
            "FROM",
            "county_public_safety",
            "WHERE",
            "LOCATION",
            "=",
            "``",
            "East",
            "''",
            "INTERSECT",
            "SELECT",
            "Police_force",
            "FROM",
            "county_public_safety",
            "WHERE",
            "LOCATION",
            "=",
            "``",
            "West",
            "''"
        ],
        "query_toks_no_value": [
            "select",
            "police_force",
            "from",
            "county_public_safety",
            "where",
            "location",
            "=",
            "value",
            "intersect",
            "select",
            "police_force",
            "from",
            "county_public_safety",
            "where",
            "location",
            "=",
            "value"
        ],
        "question": "Show the police force shared by counties with location on the east and west.",
        "question_toks": [
            "Show",
            "the",
            "police",
            "force",
            "shared",
            "by",
            "counties",
            "with",
            "location",
            "on",
            "the",
            "east",
            "and",
            "west",
            "."
        ],
        "sql": {
            "from": {
                "table_units": [
                    [
                        "table_unit",
                        0
                    ]
                ],
                "conds": []
            },
            "select": [
                false,
                [
                    [
                        0,
                        [
                            0,
                            [
                                0,
                                8,
                                false
                            ],
                            null
                        ]
                    ]
                ]
            ],
            "where": [
                [
                    false,
                    2,
                    [
                        0,
                        [
                            0,
                            9,
                            false
                        ],
                        null
                    ],
                    "\"East\"",
                    null
                ]
            ],
            "groupBy": [],
            "having": [],
            "orderBy": [],
            "limit": null,
            "intersect": {
                "from": {
                    "table_units": [
                        [
                            "table_unit",
                            0
                        ]
                    ],
                    "conds": []
                },
                "select": [
                    false,
                    [
                        [
                            0,
                            [
                                0,
                                [
                                    0,
                                    8,
                                    false
                                ],
                                null
                            ]
                        ]
                    ]
                ],
                "where": [
                    [
                        false,
                        2,
                        [
                            0,
                            [
                                0,
                                9,
                                false
                            ],
                            null
                        ],
                        "\"West\"",
                        null
                    ]
                ],
                "groupBy": [],
                "having": [],
                "orderBy": [],
                "limit": null,
                "intersect": null,
                "union": null,
                "except": null
            },
            "union": null,
            "except": null
        },
        "complexity": "hard",
        "query_len": 21
    }
]