[
    {
        "db_id": "customer_deliveries",
        "query": "SELECT count(*) FROM customers",
        "query_toks": [
            "SELECT",
            "count",
            "(",
            "*",
            ")",
            "FROM",
            "customers"
        ],
        "query_toks_no_value": [
            "select",
            "count",
            "(",
            "*",
            ")",
            "from",
            "customers"
        ],
        "question": "Find the number of customers in total.",
        "question_toks": [
            "Find",
            "the",
            "number",
            "of",
            "customers",
            "in",
            "total",
            "."
        ],
        "sql": {
            "from": {
                "table_units": [
                    [
                        "table_unit",
                        2
                    ]
                ],
                "conds": []
            },
            "select": [
                false,
                [
                    [
                        3,
                        [
                            0,
                            [
                                0,
                                0,
                                false
                            ],
                            null
                        ]
                    ]
                ]
            ],
            "where": [],
            "groupBy": [],
            "having": [],
            "orderBy": [],
            "limit": null,
            "intersect": null,
            "union": null,
            "except": null
        },
        "complexity": "easy",
        "query_len": 7
    },
    {
        "db_id": "customer_deliveries",
        "query": "SELECT truck_details FROM trucks ORDER BY truck_licence_number",
        "query_toks": [
            "SELECT",
            "truck_details",
            "FROM",
            "trucks",
            "ORDER",
            "BY",
            "truck_licence_number"
        ],
        "query_toks_no_value": [
            "select",
            "truck_details",
            "from",
            "trucks",
            "order",
            "by",
            "truck_licence_number"
        ],
        "question": "Show the details of all trucks in the order of their license number.",
        "question_toks": [
            "Show",
            "the",
            "details",
            "of",
            "all",
            "trucks",
            "in",
            "the",
            "order",
            "of",
            "their",
            "license",
            "number",
            "."
        ],
        "sql": {
            "from": {
                "table_units": [
                    [
                        "table_unit",
                        10
                    ]
                ],
                "conds": []
            },
            "select": [
                false,
                [
                    [
                        0,
                        [
                            0,
                            [
                                0,
                                41,
                                false
                            ],
                            null
                        ]
                    ]
                ]
            ],
            "where": [],
            "groupBy": [],
            "having": [],
            "orderBy": [
                "asc",
                [
                    [
                        0,
                        [
                            0,
                            40,
                            false
                        ],
                        null
                    ]
                ]
            ],
            "limit": null,
            "intersect": null,
            "union": null,
            "except": null
        },
        "complexity": "easy",
        "query_len": 7
    },
    {
        "db_id": "customer_deliveries",
        "query": "SELECT route_name FROM Delivery_Routes ORDER BY route_name",
        "query_toks": [
            "SELECT",
            "route_name",
            "FROM",
            "Delivery_Routes",
            "ORDER",
            "BY",
            "route_name"
        ],
        "query_toks_no_value": [
            "select",
            "route_name",
            "from",
            "delivery_routes",
            "order",
            "by",
            "route_name"
        ],
        "question": "List the names of all routes in alphabetic order.",
        "question_toks": [
            "List",
            "the",
            "names",
            "of",
            "all",
            "routes",
            "in",
            "alphabetic",
            "order",
            "."
        ],
        "sql": {
            "from": {
                "table_units": [
                    [
                        "table_unit",
                        8
                    ]
                ],
                "conds": []
            },
            "select": [
                false,
                [
                    [
                        0,
                        [
                            0,
                            [
                                0,
                                33,
                                false
                            ],
                            null
                        ]
                    ]
                ]
            ],
            "where": [],
            "groupBy": [],
            "having": [],
            "orderBy": [
                "asc",
                [
                    [
                        0,
                        [
                            0,
                            33,
                            false
                        ],
                        null
                    ]
                ]
            ],
            "limit": null,
            "intersect": null,
            "union": null,
            "except": null
        },
        "complexity": "easy",
        "query_len": 7
    },
    {
        "db_id": "customer_deliveries",
        "query": "SELECT count(DISTINCT payment_method) FROM customers",
        "query_toks": [
            "SELECT",
            "count",
            "(",
            "DISTINCT",
            "payment_method",
            ")",
            "FROM",
            "customers"
        ],
        "query_toks_no_value": [
            "select",
            "count",
            "(",
            "distinct",
            "payment_method",
            ")",
            "from",
            "customers"
        ],
        "question": "How many different payment methods are there?",
        "question_toks": [
            "How",
            "many",
            "different",
            "payment",
            "methods",
            "are",
            "there",
            "?"
        ],
        "sql": {
            "from": {
                "table_units": [
                    [
                        "table_unit",
                        2
                    ]
                ],
                "conds": []
            },
            "select": [
                false,
                [
                    [
                        3,
                        [
                            0,
                            [
                                0,
                                12,
                                true
                            ],
                            null
                        ]
                    ]
                ]
            ],
            "where": [],
            "groupBy": [],
            "having": [],
            "orderBy": [],
            "limit": null,
            "intersect": null,
            "union": null,
            "except": null
        },
        "complexity": "easy",
        "query_len": 8
    },
    {
        "db_id": "customer_deliveries",
        "query": "SELECT actual_order_id FROM actual_orders WHERE order_status_code  =  'Success'",
        "query_toks": [
            "SELECT",
            "actual_order_id",
            "FROM",
            "actual_orders",
            "WHERE",
            "order_status_code",
            "=",
            "'Success",
            "'"
        ],
        "query_toks_no_value": [
            "select",
            "actual_order_id",
            "from",
            "actual_orders",
            "where",
            "order_status_code",
            "=",
            "value"
        ],
        "question": "Find the ids of orders whose status is 'Success'.",
        "question_toks": [
            "Find",
            "the",
            "ids",
            "of",
            "orders",
            "whose",
            "status",
            "is",
            "'Success",
            "'",
            "."
        ],
        "sql": {
            "from": {
                "table_units": [
                    [
                        "table_unit",
                        5
                    ]
                ],
                "conds": []
            },
            "select": [
                false,
                [
                    [
                        0,
                        [
                            0,
                            [
                                0,
                                21,
                                false
                            ],
                            null
                        ]
                    ]
                ]
            ],
            "where": [
                [
                    false,
                    2,
                    [
                        0,
                        [
                            0,
                            22,
                            false
                        ],
                        null
                    ],
                    "\"Success\"",
                    null
                ]
            ],
            "groupBy": [],
            "having": [],
            "orderBy": [],
            "limit": null,
            "intersect": null,
            "union": null,
            "except": null
        },
        "complexity": "easy",
        "query_len": 9
    },
    {
        "db_id": "customer_deliveries",
        "query": "SELECT customer_name FROM Customers ORDER BY date_became_customer LIMIT 5",
        "query_toks": [
            "SELECT",
            "customer_name",
            "FROM",
            "Customers",
            "ORDER",
            "BY",
            "date_became_customer",
            "LIMIT",
            "5"
        ],
        "query_toks_no_value": [
            "select",
            "customer_name",
            "from",
            "customers",
            "order",
            "by",
            "date_became_customer",
            "limit",
            "value"
        ],
        "question": "Find the name of the first 5 customers.",
        "question_toks": [
            "Find",
            "the",
            "name",
            "of",
            "the",
            "first",
            "5",
            "customers",
            "."
        ],
        "sql": {
            "from": {
                "table_units": [
                    [
                        "table_unit",
                        2
                    ]
                ],
                "conds": []
            },
            "select": [
                false,
                [
                    [
                        0,
                        [
                            0,
                            [
                                0,
                                13,
                                false
                            ],
                            null
                        ]
                    ]
                ]
            ],
            "where": [],
            "groupBy": [],
            "having": [],
            "orderBy": [
                "asc",
                [
                    [
                        0,
                        [
                            0,
                            16,
                            false
                        ],
                        null
                    ]
                ]
            ],
            "limit": 5,
            "intersect": null,
            "union": null,
            "except": null
        },
        "complexity": "medium",
        "query_len": 9
    },
    {
        "db_id": "customer_deliveries",
        "query": "SELECT product_name FROM products ORDER BY product_price DESC LIMIT 1",
        "query_toks": [
            "SELECT",
            "product_name",
            "FROM",
            "products",
            "ORDER",
            "BY",
            "product_price",
            "DESC",
            "LIMIT",
            "1"
        ],
        "query_toks_no_value": [
            "select",
            "product_name",
            "from",
            "products",
            "order",
            "by",
            "product_price",
            "desc",
            "limit",
            "value"
        ],
        "question": "Find the name of the most expensive product.",
        "question_toks": [
            "Find",
            "the",
            "name",
            "of",
            "the",
            "most",
            "expensive",
            "product",
            "."
        ],
        "sql": {
            "from": {
                "table_units": [
                    [
                        "table_unit",
                        0
                    ]
                ],
                "conds": []
            },
            "select": [
                false,
                [
                    [
                        0,
                        [
                            0,
                            [
                                0,
                                2,
                                false
                            ],
                            null
                        ]
                    ]
                ]
            ],
            "where": [],
            "groupBy": [],
            "having": [],
            "orderBy": [
                "desc",
                [
                    [
                        0,
                        [
                            0,
                            3,
                            false
                        ],
                        null
                    ]
                ]
            ],
            "limit": 1,
            "intersect": null,
            "union": null,
            "except": null
        },
        "complexity": "medium",
        "query_len": 10
    },
    {
        "db_id": "customer_deliveries",
        "query": "SELECT customer_email ,  customer_name FROM customers WHERE payment_method  =  'Visa'",
        "query_toks": [
            "SELECT",
            "customer_email",
            ",",
            "customer_name",
            "FROM",
            "customers",
            "WHERE",
            "payment_method",
            "=",
            "'Visa",
            "'"
        ],
        "query_toks_no_value": [
            "select",
            "customer_email",
            ",",
            "customer_name",
            "from",
            "customers",
            "where",
            "payment_method",
            "=",
            "value"
        ],
        "question": "List the names and emails of customers who payed by Visa card.",
        "question_toks": [
            "List",
            "the",
            "names",
            "and",
            "emails",
            "of",
            "customers",
            "who",
            "payed",
            "by",
            "Visa",
            "card",
            "."
        ],
        "sql": {
            "from": {
                "table_units": [
                    [
                        "table_unit",
                        2
                    ]
                ],
                "conds": []
            },
            "select": [
                false,
                [
                    [
                        0,
                        [
                            0,
                            [
                                0,
                                15,
                                false
                            ],
                            null
                        ]
                    ],
                    [
                        0,
                        [
                            0,
                            [
                                0,
                                13,
                                false
                            ],
                            null
                        ]
                    ]
                ]
            ],
            "where": [
                [
                    false,
                    2,
                    [
                        0,
                        [
                            0,
                            12,
                            false
                        ],
                        null
                    ],
                    "\"Visa\"",
                    null
                ]
            ],
            "groupBy": [],
            "having": [],
            "orderBy": [],
            "limit": null,
            "intersect": null,
            "union": null,
            "except": null
        },
        "complexity": "medium",
        "query_len": 11
    },
    {
        "db_id": "customer_deliveries",
        "query": "SELECT customer_name ,  customer_phone ,  customer_email FROM Customers ORDER BY date_became_customer",
        "query_toks": [
            "SELECT",
            "customer_name",
            ",",
            "customer_phone",
            ",",
            "customer_email",
            "FROM",
            "Customers",
            "ORDER",
            "BY",
            "date_became_customer"
        ],
        "query_toks_no_value": [
            "select",
            "customer_name",
            ",",
            "customer_phone",
            ",",
            "customer_email",
            "from",
            "customers",
            "order",
            "by",
            "date_became_customer"
        ],
        "question": "List the names, phone numbers, and emails of all customers sorted by their dates of becoming customers.",
        "question_toks": [
            "List",
            "the",
            "names",
            ",",
            "phone",
            "numbers",
            ",",
            "and",
            "emails",
            "of",
            "all",
            "customers",
            "sorted",
            "by",
            "their",
            "dates",
            "of",
            "becoming",
            "customers",
            "."
        ],
        "sql": {
            "from": {
                "table_units": [
                    [
                        "table_unit",
                        2
                    ]
                ],
                "conds": []
            },
            "select": [
                false,
                [
                    [
                        0,
                        [
                            0,
                            [
                                0,
                                13,
                                false
                            ],
                            null
                        ]
                    ],
                    [
                        0,
                        [
                            0,
                            [
                                0,
                                14,
                                false
                            ],
                            null
                        ]
                    ],
                    [
                        0,
                        [
                            0,
                            [
                                0,
                                15,
                                false
                            ],
                            null
                        ]
                    ]
                ]
            ],
            "where": [],
            "groupBy": [],
            "having": [],
            "orderBy": [
                "asc",
                [
                    [
                        0,
                        [
                            0,
                            16,
                            false
                        ],
                        null
                    ]
                ]
            ],
            "limit": null,
            "intersect": null,
            "union": null,
            "except": null
        },
        "complexity": "medium",
        "query_len": 11
    },
    {
        "db_id": "customer_deliveries",
        "query": "SELECT state_province_county FROM addresses WHERE address_id NOT IN (SELECT employee_address_id FROM Employees)",
        "query_toks": [
            "SELECT",
            "state_province_county",
            "FROM",
            "addresses",
            "WHERE",
            "address_id",
            "NOT",
            "IN",
            "(",
            "SELECT",
            "employee_address_id",
            "FROM",
            "Employees",
            ")"
        ],
        "query_toks_no_value": [
            "select",
            "state_province_county",
            "from",
            "addresses",
            "where",
            "address_id",
            "not",
            "in",
            "(",
            "select",
            "employee_address_id",
            "from",
            "employees",
            ")"
        ],
        "question": "Find the states which do not have any employee in their record.",
        "question_toks": [
            "Find",
            "the",
            "states",
            "which",
            "do",
            "not",
            "have",
            "any",
            "employee",
            "in",
            "their",
            "record",
            "."
        ],
        "sql": {
            "from": {
                "table_units": [
                    [
                        "table_unit",
                        1
                    ]
                ],
                "conds": []
            },
            "select": [
                false,
                [
                    [
                        0,
                        [
                            0,
                            [
                                0,
                                9,
                                false
                            ],
                            null
                        ]
                    ]
                ]
            ],
            "where": [
                [
                    true,
                    8,
                    [
                        0,
                        [
                            0,
                            5,
                            false
                        ],
                        null
                    ],
                    {
                        "from": {
                            "table_units": [
                                [
                                    "table_unit",
                                    11
                                ]
                            ],
                            "conds": []
                        },
                        "select": [
                            false,
                            [
                                [
                                    0,
                                    [
                                        0,
                                        [
                                            0,
                                            43,
                                            false
                                        ],
                                        null
                                    ]
                                ]
                            ]
                        ],
                        "where": [],
                        "groupBy": [],
                        "having": [],
                        "orderBy": [],
                        "limit": null,
                        "intersect": null,
                        "union": null,
                        "except": null
                    },
                    null
                ]
            ],
            "groupBy": [],
            "having": [],
            "orderBy": [],
            "limit": null,
            "intersect": null,
            "union": null,
            "except": null
        },
        "complexity": "hard",
        "query_len": 14
    },
    {
        "db_id": "customer_deliveries",
        "query": "SELECT payment_method FROM Customers GROUP BY payment_method ORDER BY count(*) DESC LIMIT 1",
        "query_toks": [
            "SELECT",
            "payment_method",
            "FROM",
            "Customers",
            "GROUP",
            "BY",
            "payment_method",
            "ORDER",
            "BY",
            "count",
            "(",
            "*",
            ")",
            "DESC",
            "LIMIT",
            "1"
        ],
        "query_toks_no_value": [
            "select",
            "payment_method",
            "from",
            "customers",
            "group",
            "by",
            "payment_method",
            "order",
            "by",
            "count",
            "(",
            "*",
            ")",
            "desc",
            "limit",
            "value"
        ],
        "question": "Find the payment method that is used most frequently.",
        "question_toks": [
            "Find",
            "the",
            "payment",
            "method",
            "that",
            "is",
            "used",
            "most",
            "frequently",
            "."
        ],
        "sql": {
            "from": {
                "table_units": [
                    [
                        "table_unit",
                        2
                    ]
                ],
                "conds": []
            },
            "select": [
                false,
                [
                    [
                        0,
                        [
                            0,
                            [
                                0,
                                12,
                                false
                            ],
                            null
                        ]
                    ]
                ]
            ],
            "where": [],
            "groupBy": [
                [
                    0,
                    12,
                    false
                ]
            ],
            "having": [],
            "orderBy": [
                "desc",
                [
                    [
                        0,
                        [
                            3,
                            0,
                            false
                        ],
                        null
                    ]
                ]
            ],
            "limit": 1,
            "intersect": null,
            "union": null,
            "except": null
        },
        "complexity": "hard",
        "query_len": 16
    },
    {
        "db_id": "customer_deliveries",
        "query": "SELECT t2.state_province_county ,  count(*) FROM customer_addresses AS t1 JOIN addresses AS t2 ON t1.address_id  =  t2.address_id GROUP BY t2.state_province_county",
        "query_toks": [
            "SELECT",
            "t2.state_province_county",
            ",",
            "count",
            "(",
            "*",
            ")",
            "FROM",
            "customer_addresses",
            "AS",
            "t1",
            "JOIN",
            "addresses",
            "AS",
            "t2",
            "ON",
            "t1.address_id",
            "=",
            "t2.address_id",
            "GROUP",
            "BY",
            "t2.state_province_county"
        ],
        "query_toks_no_value": [
            "select",
            "t2",
            ".",
            "state_province_county",
            ",",
            "count",
            "(",
            "*",
            ")",
            "from",
            "customer_addresses",
            "as",
            "t1",
            "join",
            "addresses",
            "as",
            "t2",
            "on",
            "t1",
            ".",
            "address_id",
            "=",
            "t2",
            ".",
            "address_id",
            "group",
            "by",
            "t2",
            ".",
            "state_province_county"
        ],
        "question": "List the state names and the number of customers living in each state.",
        "question_toks": [
            "List",
            "the",
            "state",
            "names",
            "and",
            "the",
            "number",
            "of",
            "customers",
            "living",
            "in",
            "each",
            "state",
            "."
        ],
        "sql": {
            "from": {
                "table_units": [
                    [
                        "table_unit",
                        7
                    ],
                    [
                        "table_unit",
                        1
                    ]
                ],
                "conds": [
                    [
                        false,
                        2,
                        [
                            0,
                            [
                                0,
                                28,
                                false
                            ],
                            null
                        ],
                        [
                            0,
                            5,
                            false
                        ],
                        null
                    ]
                ]
            },
            "select": [
                false,
                [
                    [
                        0,
                        [
                            0,
                            [
                                0,
                                9,
                                false
                            ],
                            null
                        ]
                    ],
                    [
                        3,
                        [
                            0,
                            [
                                0,
                                0,
                                false
                            ],
                            null
                        ]
                    ]
                ]
            ],
            "where": [],
            "groupBy": [
                [
                    0,
                    9,
                    false
                ]
            ],
            "having": [],
            "orderBy": [],
            "limit": null,
            "intersect": null,
            "union": null,
            "except": null
        },
        "complexity": "medium",
        "query_len": 22
    },
    {
        "db_id": "customer_deliveries",
        "query": "SELECT t1.route_name FROM Delivery_Routes AS t1 JOIN Delivery_Route_Locations AS t2 ON t1.route_id  =  t2.route_id GROUP BY t1.route_id ORDER BY count(*) DESC LIMIT 1",
        "query_toks": [
            "SELECT",
            "t1.route_name",
            "FROM",
            "Delivery_Routes",
            "AS",
            "t1",
            "JOIN",
            "Delivery_Route_Locations",
            "AS",
            "t2",
            "ON",
            "t1.route_id",
            "=",
            "t2.route_id",
            "GROUP",
            "BY",
            "t1.route_id",
            "ORDER",
            "BY",
            "count",
            "(",
            "*",
            ")",
            "DESC",
            "LIMIT",
            "1"
        ],
        "query_toks_no_value": [
            "select",
            "t1",
            ".",
            "route_name",
            "from",
            "delivery_routes",
            "as",
            "t1",
            "join",
            "delivery_route_locations",
            "as",
            "t2",
            "on",
            "t1",
            ".",
            "route_id",
            "=",
            "t2",
            ".",
            "route_id",
            "group",
            "by",
            "t1",
            ".",
            "route_id",
            "order",
            "by",
            "count",
            "(",
            "*",
            ")",
            "desc",
            "limit",
            "value"
        ],
        "question": "Find the name of route that has the highest number of deliveries.",
        "question_toks": [
            "Find",
            "the",
            "name",
            "of",
            "route",
            "that",
            "has",
            "the",
            "highest",
            "number",
            "of",
            "deliveries",
            "."
        ],
        "sql": {
            "from": {
                "table_units": [
                    [
                        "table_unit",
                        8
                    ],
                    [
                        "table_unit",
                        9
                    ]
                ],
                "conds": [
                    [
                        false,
                        2,
                        [
                            0,
                            [
                                0,
                                32,
                                false
                            ],
                            null
                        ],
                        [
                            0,
                            36,
                            false
                        ],
                        null
                    ]
                ]
            },
            "select": [
                false,
                [
                    [
                        0,
                        [
                            0,
                            [
                                0,
                                33,
                                false
                            ],
                            null
                        ]
                    ]
                ]
            ],
            "where": [],
            "groupBy": [
                [
                    0,
                    32,
                    false
                ]
            ],
            "having": [],
            "orderBy": [
                "desc",
                [
                    [
                        0,
                        [
                            3,
                            0,
                            false
                        ],
                        null
                    ]
                ]
            ],
            "limit": 1,
            "intersect": null,
            "union": null,
            "except": null
        },
        "complexity": "extra",
        "query_len": 26
    },
    {
        "db_id": "customer_deliveries",
        "query": "SELECT t1.product_name ,   t1.product_price FROM products AS t1 JOIN regular_order_products AS t2 ON t1.product_id  =  t2.product_id GROUP BY t2.product_id ORDER BY count(*) DESC LIMIT 1",
        "query_toks": [
            "SELECT",
            "t1.product_name",
            ",",
            "t1.product_price",
            "FROM",
            "products",
            "AS",
            "t1",
            "JOIN",
            "regular_order_products",
            "AS",
            "t2",
            "ON",
            "t1.product_id",
            "=",
            "t2.product_id",
            "GROUP",
            "BY",
            "t2.product_id",
            "ORDER",
            "BY",
            "count",
            "(",
            "*",
            ")",
            "DESC",
            "LIMIT",
            "1"
        ],
        "query_toks_no_value": [
            "select",
            "t1",
            ".",
            "product_name",
            ",",
            "t1",
            ".",
            "product_price",
            "from",
            "products",
            "as",
            "t1",
            "join",
            "regular_order_products",
            "as",
            "t2",
            "on",
            "t1",
            ".",
            "product_id",
            "=",
            "t2",
            ".",
            "product_id",
            "group",
            "by",
            "t2",
            ".",
            "product_id",
            "order",
            "by",
            "count",
            "(",
            "*",
            ")",
            "desc",
            "limit",
            "value"
        ],
        "question": "Find the name and price of the product that has been ordered the greatest number of times.",
        "question_toks": [
            "Find",
            "the",
            "name",
            "and",
            "price",
            "of",
            "the",
            "product",
            "that",
            "has",
            "been",
            "ordered",
            "the",
            "greatest",
            "number",
            "of",
            "times",
            "."
        ],
        "sql": {
            "from": {
                "table_units": [
                    [
                        "table_unit",
                        0
                    ],
                    [
                        "table_unit",
                        4
                    ]
                ],
                "conds": [
                    [
                        false,
                        2,
                        [
                            0,
                            [
                                0,
                                1,
                                false
                            ],
                            null
                        ],
                        [
                            0,
                            20,
                            false
                        ],
                        null
                    ]
                ]
            },
            "select": [
                false,
                [
                    [
                        0,
                        [
                            0,
                            [
                                0,
                                2,
                                false
                            ],
                            null
                        ]
                    ],
                    [
                        0,
                        [
                            0,
                            [
                                0,
                                3,
                                false
                            ],
                            null
                        ]
                    ]
                ]
            ],
            "where": [],
            "groupBy": [
                [
                    0,
                    20,
                    false
                ]
            ],
            "having": [],
            "orderBy": [
                "desc",
                [
                    [
                        0,
                        [
                            3,
                            0,
                            false
                        ],
                        null
                    ]
                ]
            ],
            "limit": 1,
            "intersect": null,
            "union": null,
            "except": null
        },
        "complexity": "extra",
        "query_len": 28
    },
    {
        "db_id": "customer_deliveries",
        "query": "SELECT t1.customer_name ,  t1.customer_phone FROM customers AS t1 JOIN customer_addresses AS t2 ON t1.customer_id  =  t2.customer_id JOIN addresses AS t3 ON t2.address_id  =  t3.address_id WHERE t3.state_province_county  =  'California'",
        "query_toks": [
            "SELECT",
            "t1.customer_name",
            ",",
            "t1.customer_phone",
            "FROM",
            "customers",
            "AS",
            "t1",
            "JOIN",
            "customer_addresses",
            "AS",
            "t2",
            "ON",
            "t1.customer_id",
            "=",
            "t2.customer_id",
            "JOIN",
            "addresses",
            "AS",
            "t3",
            "ON",
            "t2.address_id",
            "=",
            "t3.address_id",
            "WHERE",
            "t3.state_province_county",
            "=",
            "'California",
            "'"
        ],
        "query_toks_no_value": [
            "select",
            "t1",
            ".",
            "customer_name",
            ",",
            "t1",
            ".",
            "customer_phone",
            "from",
            "customers",
            "as",
            "t1",
            "join",
            "customer_addresses",
            "as",
            "t2",
            "on",
            "t1",
            ".",
            "customer_id",
            "=",
            "t2",
            ".",
            "customer_id",
            "join",
            "addresses",
            "as",
            "t3",
            "on",
            "t2",
            ".",
            "address_id",
            "=",
            "t3",
            ".",
            "address_id",
            "where",
            "t3",
            ".",
            "state_province_county",
            "=",
            "value"
        ],
        "question": "Find the names and phone numbers of customers living in California state.",
        "question_toks": [
            "Find",
            "the",
            "names",
            "and",
            "phone",
            "numbers",
            "of",
            "customers",
            "living",
            "in",
            "California",
            "state",
            "."
        ],
        "sql": {
            "from": {
                "table_units": [
                    [
                        "table_unit",
                        2
                    ],
                    [
                        "table_unit",
                        7
                    ],
                    [
                        "table_unit",
                        1
                    ]
                ],
                "conds": [
                    [
                        false,
                        2,
                        [
                            0,
                            [
                                0,
                                11,
                                false
                            ],
                            null
                        ],
                        [
                            0,
                            27,
                            false
                        ],
                        null
                    ],
                    "and",
                    [
                        false,
                        2,
                        [
                            0,
                            [
                                0,
                                28,
                                false
                            ],
                            null
                        ],
                        [
                            0,
                            5,
                            false
                        ],
                        null
                    ]
                ]
            },
            "select": [
                false,
                [
                    [
                        0,
                        [
                            0,
                            [
                                0,
                                13,
                                false
                            ],
                            null
                        ]
                    ],
                    [
                        0,
                        [
                            0,
                            [
                                0,
                                14,
                                false
                            ],
                            null
                        ]
                    ]
                ]
            ],
            "where": [
                [
                    false,
                    2,
                    [
                        0,
                        [
                            0,
                            9,
                            false
                        ],
                        null
                    ],
                    "\"California\"",
                    null
                ]
            ],
            "groupBy": [],
            "having": [],
            "orderBy": [],
            "limit": null,
            "intersect": null,
            "union": null,
            "except": null
        },
        "complexity": "hard",
        "query_len": 29
    },
    {
        "db_id": "customer_deliveries",
        "query": "SELECT customer_name FROM customers EXCEPT SELECT t1.customer_name FROM customers AS t1 JOIN customer_addresses AS t2 ON t1.customer_id  =  t2.customer_id JOIN addresses AS t3 ON t2.address_id  =  t3.address_id WHERE t3.state_province_county  =  'California'",
        "query_toks": [
            "SELECT",
            "customer_name",
            "FROM",
            "customers",
            "EXCEPT",
            "SELECT",
            "t1.customer_name",
            "FROM",
            "customers",
            "AS",
            "t1",
            "JOIN",
            "customer_addresses",
            "AS",
            "t2",
            "ON",
            "t1.customer_id",
            "=",
            "t2.customer_id",
            "JOIN",
            "addresses",
            "AS",
            "t3",
            "ON",
            "t2.address_id",
            "=",
            "t3.address_id",
            "WHERE",
            "t3.state_province_county",
            "=",
            "'California",
            "'"
        ],
        "query_toks_no_value": [
            "select",
            "customer_name",
            "from",
            "customers",
            "except",
            "select",
            "t1",
            ".",
            "customer_name",
            "from",
            "customers",
            "as",
            "t1",
            "join",
            "customer_addresses",
            "as",
            "t2",
            "on",
            "t1",
            ".",
            "customer_id",
            "=",
            "t2",
            ".",
            "customer_id",
            "join",
            "addresses",
            "as",
            "t3",
            "on",
            "t2",
            ".",
            "address_id",
            "=",
            "t3",
            ".",
            "address_id",
            "where",
            "t3",
            ".",
            "state_province_county",
            "=",
            "value"
        ],
        "question": "Find the names of customers who are not living in the state of California.",
        "question_toks": [
            "Find",
            "the",
            "names",
            "of",
            "customers",
            "who",
            "are",
            "not",
            "living",
            "in",
            "the",
            "state",
            "of",
            "California",
            "."
        ],
        "sql": {
            "from": {
                "table_units": [
                    [
                        "table_unit",
                        2
                    ]
                ],
                "conds": []
            },
            "select": [
                false,
                [
                    [
                        0,
                        [
                            0,
                            [
                                0,
                                13,
                                false
                            ],
                            null
                        ]
                    ]
                ]
            ],
            "where": [],
            "groupBy": [],
            "having": [],
            "orderBy": [],
            "limit": null,
            "intersect": null,
            "union": null,
            "except": {
                "from": {
                    "table_units": [
                        [
                            "table_unit",
                            2
                        ],
                        [
                            "table_unit",
                            7
                        ],
                        [
                            "table_unit",
                            1
                        ]
                    ],
                    "conds": [
                        [
                            false,
                            2,
                            [
                                0,
                                [
                                    0,
                                    11,
                                    false
                                ],
                                null
                            ],
                            [
                                0,
                                27,
                                false
                            ],
                            null
                        ],
                        "and",
                        [
                            false,
                            2,
                            [
                                0,
                                [
                                    0,
                                    28,
                                    false
                                ],
                                null
                            ],
                            [
                                0,
                                5,
                                false
                            ],
                            null
                        ]
                    ]
                },
                "select": [
                    false,
                    [
                        [
                            0,
                            [
                                0,
                                [
                                    0,
                                    13,
                                    false
                                ],
                                null
                            ]
                        ]
                    ]
                ],
                "where": [
                    [
                        false,
                        2,
                        [
                            0,
                            [
                                0,
                                9,
                                false
                            ],
                            null
                        ],
                        "\"California\"",
                        null
                    ]
                ],
                "groupBy": [],
                "having": [],
                "orderBy": [],
                "limit": null,
                "intersect": null,
                "union": null,
                "except": null
            }
        },
        "complexity": "hard",
        "query_len": 32
    }
]