[
    {
        "db_id": "device",
        "query": "SELECT count(*) FROM device",
        "query_toks": [
            "SELECT",
            "count",
            "(",
            "*",
            ")",
            "FROM",
            "device"
        ],
        "query_toks_no_value": [
            "select",
            "count",
            "(",
            "*",
            ")",
            "from",
            "device"
        ],
        "question": "Count the number of devices.",
        "question_toks": [
            "Count",
            "the",
            "number",
            "of",
            "devices",
            "."
        ],
        "sql": {
            "from": {
                "table_units": [
                    [
                        "table_unit",
                        0
                    ]
                ],
                "conds": []
            },
            "select": [
                false,
                [
                    [
                        3,
                        [
                            0,
                            [
                                0,
                                0,
                                false
                            ],
                            null
                        ]
                    ]
                ]
            ],
            "where": [],
            "groupBy": [],
            "having": [],
            "orderBy": [],
            "limit": null,
            "intersect": null,
            "union": null,
            "except": null
        },
        "complexity": "easy",
        "query_len": 7
    },
    {
        "db_id": "device",
        "query": "SELECT avg(Quantity) FROM stock",
        "query_toks": [
            "SELECT",
            "avg",
            "(",
            "Quantity",
            ")",
            "FROM",
            "stock"
        ],
        "query_toks_no_value": [
            "select",
            "avg",
            "(",
            "quantity",
            ")",
            "from",
            "stock"
        ],
        "question": "What is the average quantity of stocks?",
        "question_toks": [
            "What",
            "is",
            "the",
            "average",
            "quantity",
            "of",
            "stocks",
            "?"
        ],
        "sql": {
            "from": {
                "table_units": [
                    [
                        "table_unit",
                        2
                    ]
                ],
                "conds": []
            },
            "select": [
                false,
                [
                    [
                        5,
                        [
                            0,
                            [
                                0,
                                14,
                                false
                            ],
                            null
                        ]
                    ]
                ]
            ],
            "where": [],
            "groupBy": [],
            "having": [],
            "orderBy": [],
            "limit": null,
            "intersect": null,
            "union": null,
            "except": null
        },
        "complexity": "easy",
        "query_len": 7
    },
    {
        "db_id": "device",
        "query": "SELECT avg(Quantity) FROM stock",
        "query_toks": [
            "SELECT",
            "avg",
            "(",
            "Quantity",
            ")",
            "FROM",
            "stock"
        ],
        "query_toks_no_value": [
            "select",
            "avg",
            "(",
            "quantity",
            ")",
            "from",
            "stock"
        ],
        "question": "Give the average quantity of stocks.",
        "question_toks": [
            "Give",
            "the",
            "average",
            "quantity",
            "of",
            "stocks",
            "."
        ],
        "sql": {
            "from": {
                "table_units": [
                    [
                        "table_unit",
                        2
                    ]
                ],
                "conds": []
            },
            "select": [
                false,
                [
                    [
                        5,
                        [
                            0,
                            [
                                0,
                                14,
                                false
                            ],
                            null
                        ]
                    ]
                ]
            ],
            "where": [],
            "groupBy": [],
            "having": [],
            "orderBy": [],
            "limit": null,
            "intersect": null,
            "union": null,
            "except": null
        },
        "complexity": "easy",
        "query_len": 7
    },
    {
        "db_id": "device",
        "query": "SELECT Carrier FROM device ORDER BY Carrier ASC",
        "query_toks": [
            "SELECT",
            "Carrier",
            "FROM",
            "device",
            "ORDER",
            "BY",
            "Carrier",
            "ASC"
        ],
        "query_toks_no_value": [
            "select",
            "carrier",
            "from",
            "device",
            "order",
            "by",
            "carrier",
            "asc"
        ],
        "question": "What are the different carriers for devices, listed in alphabetical order?",
        "question_toks": [
            "What",
            "are",
            "the",
            "different",
            "carriers",
            "for",
            "devices",
            ",",
            "listed",
            "in",
            "alphabetical",
            "order",
            "?"
        ],
        "sql": {
            "from": {
                "table_units": [
                    [
                        "table_unit",
                        0
                    ]
                ],
                "conds": []
            },
            "select": [
                false,
                [
                    [
                        0,
                        [
                            0,
                            [
                                0,
                                3,
                                false
                            ],
                            null
                        ]
                    ]
                ]
            ],
            "where": [],
            "groupBy": [],
            "having": [],
            "orderBy": [
                "asc",
                [
                    [
                        0,
                        [
                            0,
                            3,
                            false
                        ],
                        null
                    ]
                ]
            ],
            "limit": null,
            "intersect": null,
            "union": null,
            "except": null
        },
        "complexity": "easy",
        "query_len": 8
    },
    {
        "db_id": "device",
        "query": "SELECT Shop_Name FROM shop ORDER BY Open_Year ASC",
        "query_toks": [
            "SELECT",
            "Shop_Name",
            "FROM",
            "shop",
            "ORDER",
            "BY",
            "Open_Year",
            "ASC"
        ],
        "query_toks_no_value": [
            "select",
            "shop_name",
            "from",
            "shop",
            "order",
            "by",
            "open_year",
            "asc"
        ],
        "question": "What are the names of shops in ascending order of open year?",
        "question_toks": [
            "What",
            "are",
            "the",
            "names",
            "of",
            "shops",
            "in",
            "ascending",
            "order",
            "of",
            "open",
            "year",
            "?"
        ],
        "sql": {
            "from": {
                "table_units": [
                    [
                        "table_unit",
                        1
                    ]
                ],
                "conds": []
            },
            "select": [
                false,
                [
                    [
                        0,
                        [
                            0,
                            [
                                0,
                                8,
                                false
                            ],
                            null
                        ]
                    ]
                ]
            ],
            "where": [],
            "groupBy": [],
            "having": [],
            "orderBy": [
                "asc",
                [
                    [
                        0,
                        [
                            0,
                            11,
                            false
                        ],
                        null
                    ]
                ]
            ],
            "limit": null,
            "intersect": null,
            "union": null,
            "except": null
        },
        "complexity": "easy",
        "query_len": 8
    },
    {
        "db_id": "device",
        "query": "SELECT count(DISTINCT Software_Platform) FROM device",
        "query_toks": [
            "SELECT",
            "count",
            "(",
            "DISTINCT",
            "Software_Platform",
            ")",
            "FROM",
            "device"
        ],
        "query_toks_no_value": [
            "select",
            "count",
            "(",
            "distinct",
            "software_platform",
            ")",
            "from",
            "device"
        ],
        "question": "How many different software platforms are there for devices?",
        "question_toks": [
            "How",
            "many",
            "different",
            "software",
            "platforms",
            "are",
            "there",
            "for",
            "devices",
            "?"
        ],
        "sql": {
            "from": {
                "table_units": [
                    [
                        "table_unit",
                        0
                    ]
                ],
                "conds": []
            },
            "select": [
                false,
                [
                    [
                        3,
                        [
                            0,
                            [
                                0,
                                6,
                                true
                            ],
                            null
                        ]
                    ]
                ]
            ],
            "where": [],
            "groupBy": [],
            "having": [],
            "orderBy": [],
            "limit": null,
            "intersect": null,
            "union": null,
            "except": null
        },
        "complexity": "easy",
        "query_len": 8
    },
    {
        "db_id": "device",
        "query": "SELECT count(DISTINCT Software_Platform) FROM device",
        "query_toks": [
            "SELECT",
            "count",
            "(",
            "DISTINCT",
            "Software_Platform",
            ")",
            "FROM",
            "device"
        ],
        "query_toks_no_value": [
            "select",
            "count",
            "(",
            "distinct",
            "software_platform",
            ")",
            "from",
            "device"
        ],
        "question": "Count the number of different software platforms.",
        "question_toks": [
            "Count",
            "the",
            "number",
            "of",
            "different",
            "software",
            "platforms",
            "."
        ],
        "sql": {
            "from": {
                "table_units": [
                    [
                        "table_unit",
                        0
                    ]
                ],
                "conds": []
            },
            "select": [
                false,
                [
                    [
                        3,
                        [
                            0,
                            [
                                0,
                                6,
                                true
                            ],
                            null
                        ]
                    ]
                ]
            ],
            "where": [],
            "groupBy": [],
            "having": [],
            "orderBy": [],
            "limit": null,
            "intersect": null,
            "union": null,
            "except": null
        },
        "complexity": "easy",
        "query_len": 8
    },
    {
        "db_id": "device",
        "query": "SELECT Carrier FROM device WHERE Software_Platform != 'Android'",
        "query_toks": [
            "SELECT",
            "Carrier",
            "FROM",
            "device",
            "WHERE",
            "Software_Platform",
            "!",
            "=",
            "'Android",
            "'"
        ],
        "query_toks_no_value": [
            "select",
            "carrier",
            "from",
            "device",
            "where",
            "software_platform",
            "!",
            "=",
            "value"
        ],
        "question": "What are the carriers of devices whose software platforms are not \"Android\"?",
        "question_toks": [
            "What",
            "are",
            "the",
            "carriers",
            "of",
            "devices",
            "whose",
            "software",
            "platforms",
            "are",
            "not",
            "``",
            "Android",
            "''",
            "?"
        ],
        "sql": {
            "from": {
                "table_units": [
                    [
                        "table_unit",
                        0
                    ]
                ],
                "conds": []
            },
            "select": [
                false,
                [
                    [
                        0,
                        [
                            0,
                            [
                                0,
                                3,
                                false
                            ],
                            null
                        ]
                    ]
                ]
            ],
            "where": [
                [
                    false,
                    7,
                    [
                        0,
                        [
                            0,
                            6,
                            false
                        ],
                        null
                    ],
                    "\"Android\"",
                    null
                ]
            ],
            "groupBy": [],
            "having": [],
            "orderBy": [],
            "limit": null,
            "intersect": null,
            "union": null,
            "except": null
        },
        "complexity": "easy",
        "query_len": 10
    },
    {
        "db_id": "device",
        "query": "SELECT Shop_Name ,  LOCATION FROM shop ORDER BY Shop_Name ASC",
        "query_toks": [
            "SELECT",
            "Shop_Name",
            ",",
            "LOCATION",
            "FROM",
            "shop",
            "ORDER",
            "BY",
            "Shop_Name",
            "ASC"
        ],
        "query_toks_no_value": [
            "select",
            "shop_name",
            ",",
            "location",
            "from",
            "shop",
            "order",
            "by",
            "shop_name",
            "asc"
        ],
        "question": "What are the names and location of the shops in ascending alphabetical order of name.",
        "question_toks": [
            "What",
            "are",
            "the",
            "names",
            "and",
            "location",
            "of",
            "the",
            "shops",
            "in",
            "ascending",
            "alphabetical",
            "order",
            "of",
            "name",
            "."
        ],
        "sql": {
            "from": {
                "table_units": [
                    [
                        "table_unit",
                        1
                    ]
                ],
                "conds": []
            },
            "select": [
                false,
                [
                    [
                        0,
                        [
                            0,
                            [
                                0,
                                8,
                                false
                            ],
                            null
                        ]
                    ],
                    [
                        0,
                        [
                            0,
                            [
                                0,
                                9,
                                false
                            ],
                            null
                        ]
                    ]
                ]
            ],
            "where": [],
            "groupBy": [],
            "having": [],
            "orderBy": [
                "asc",
                [
                    [
                        0,
                        [
                            0,
                            8,
                            false
                        ],
                        null
                    ]
                ]
            ],
            "limit": null,
            "intersect": null,
            "union": null,
            "except": null
        },
        "complexity": "medium",
        "query_len": 10
    },
    {
        "db_id": "device",
        "query": "SELECT Shop_Name ,  LOCATION FROM shop ORDER BY Shop_Name ASC",
        "query_toks": [
            "SELECT",
            "Shop_Name",
            ",",
            "LOCATION",
            "FROM",
            "shop",
            "ORDER",
            "BY",
            "Shop_Name",
            "ASC"
        ],
        "query_toks_no_value": [
            "select",
            "shop_name",
            ",",
            "location",
            "from",
            "shop",
            "order",
            "by",
            "shop_name",
            "asc"
        ],
        "question": "Return the names and locations of shops, ordered by name in alphabetical order.",
        "question_toks": [
            "Return",
            "the",
            "names",
            "and",
            "locations",
            "of",
            "shops",
            ",",
            "ordered",
            "by",
            "name",
            "in",
            "alphabetical",
            "order",
            "."
        ],
        "sql": {
            "from": {
                "table_units": [
                    [
                        "table_unit",
                        1
                    ]
                ],
                "conds": []
            },
            "select": [
                false,
                [
                    [
                        0,
                        [
                            0,
                            [
                                0,
                                8,
                                false
                            ],
                            null
                        ]
                    ],
                    [
                        0,
                        [
                            0,
                            [
                                0,
                                9,
                                false
                            ],
                            null
                        ]
                    ]
                ]
            ],
            "where": [],
            "groupBy": [],
            "having": [],
            "orderBy": [
                "asc",
                [
                    [
                        0,
                        [
                            0,
                            8,
                            false
                        ],
                        null
                    ]
                ]
            ],
            "limit": null,
            "intersect": null,
            "union": null,
            "except": null
        },
        "complexity": "medium",
        "query_len": 10
    },
    {
        "db_id": "device",
        "query": "SELECT Shop_Name FROM shop ORDER BY Open_Year DESC LIMIT 1",
        "query_toks": [
            "SELECT",
            "Shop_Name",
            "FROM",
            "shop",
            "ORDER",
            "BY",
            "Open_Year",
            "DESC",
            "LIMIT",
            "1"
        ],
        "query_toks_no_value": [
            "select",
            "shop_name",
            "from",
            "shop",
            "order",
            "by",
            "open_year",
            "desc",
            "limit",
            "value"
        ],
        "question": "What is the shop name corresponding to the shop that opened in the most recent year?",
        "question_toks": [
            "What",
            "is",
            "the",
            "shop",
            "name",
            "corresponding",
            "to",
            "the",
            "shop",
            "that",
            "opened",
            "in",
            "the",
            "most",
            "recent",
            "year",
            "?"
        ],
        "sql": {
            "from": {
                "table_units": [
                    [
                        "table_unit",
                        1
                    ]
                ],
                "conds": []
            },
            "select": [
                false,
                [
                    [
                        0,
                        [
                            0,
                            [
                                0,
                                8,
                                false
                            ],
                            null
                        ]
                    ]
                ]
            ],
            "where": [],
            "groupBy": [],
            "having": [],
            "orderBy": [
                "desc",
                [
                    [
                        0,
                        [
                            0,
                            11,
                            false
                        ],
                        null
                    ]
                ]
            ],
            "limit": 1,
            "intersect": null,
            "union": null,
            "except": null
        },
        "complexity": "medium",
        "query_len": 10
    },
    {
        "db_id": "device",
        "query": "SELECT Open_Date ,  Open_Year FROM shop WHERE Shop_Name  =  \"Apple\"",
        "query_toks": [
            "SELECT",
            "Open_Date",
            ",",
            "Open_Year",
            "FROM",
            "shop",
            "WHERE",
            "Shop_Name",
            "=",
            "``",
            "Apple",
            "''"
        ],
        "query_toks_no_value": [
            "select",
            "open_date",
            ",",
            "open_year",
            "from",
            "shop",
            "where",
            "shop_name",
            "=",
            "value"
        ],
        "question": "List the open date of open year of the shop named \"Apple\".",
        "question_toks": [
            "List",
            "the",
            "open",
            "date",
            "of",
            "open",
            "year",
            "of",
            "the",
            "shop",
            "named",
            "``",
            "Apple",
            "''",
            "."
        ],
        "sql": {
            "from": {
                "table_units": [
                    [
                        "table_unit",
                        1
                    ]
                ],
                "conds": []
            },
            "select": [
                false,
                [
                    [
                        0,
                        [
                            0,
                            [
                                0,
                                10,
                                false
                            ],
                            null
                        ]
                    ],
                    [
                        0,
                        [
                            0,
                            [
                                0,
                                11,
                                false
                            ],
                            null
                        ]
                    ]
                ]
            ],
            "where": [
                [
                    false,
                    2,
                    [
                        0,
                        [
                            0,
                            8,
                            false
                        ],
                        null
                    ],
                    "\"Apple\"",
                    null
                ]
            ],
            "groupBy": [],
            "having": [],
            "orderBy": [],
            "limit": null,
            "intersect": null,
            "union": null,
            "except": null
        },
        "complexity": "medium",
        "query_len": 12
    },
    {
        "db_id": "device",
        "query": "SELECT Open_Date ,  Open_Year FROM shop WHERE Shop_Name  =  \"Apple\"",
        "query_toks": [
            "SELECT",
            "Open_Date",
            ",",
            "Open_Year",
            "FROM",
            "shop",
            "WHERE",
            "Shop_Name",
            "=",
            "``",
            "Apple",
            "''"
        ],
        "query_toks_no_value": [
            "select",
            "open_date",
            ",",
            "open_year",
            "from",
            "shop",
            "where",
            "shop_name",
            "=",
            "value"
        ],
        "question": "What are the open dates and years for the shop named Apple?",
        "question_toks": [
            "What",
            "are",
            "the",
            "open",
            "dates",
            "and",
            "years",
            "for",
            "the",
            "shop",
            "named",
            "Apple",
            "?"
        ],
        "sql": {
            "from": {
                "table_units": [
                    [
                        "table_unit",
                        1
                    ]
                ],
                "conds": []
            },
            "select": [
                false,
                [
                    [
                        0,
                        [
                            0,
                            [
                                0,
                                10,
                                false
                            ],
                            null
                        ]
                    ],
                    [
                        0,
                        [
                            0,
                            [
                                0,
                                11,
                                false
                            ],
                            null
                        ]
                    ]
                ]
            ],
            "where": [
                [
                    false,
                    2,
                    [
                        0,
                        [
                            0,
                            8,
                            false
                        ],
                        null
                    ],
                    "\"Apple\"",
                    null
                ]
            ],
            "groupBy": [],
            "having": [],
            "orderBy": [],
            "limit": null,
            "intersect": null,
            "union": null,
            "except": null
        },
        "complexity": "medium",
        "query_len": 12
    },
    {
        "db_id": "device",
        "query": "SELECT Software_Platform ,  COUNT(*) FROM device GROUP BY Software_Platform",
        "query_toks": [
            "SELECT",
            "Software_Platform",
            ",",
            "COUNT",
            "(",
            "*",
            ")",
            "FROM",
            "device",
            "GROUP",
            "BY",
            "Software_Platform"
        ],
        "query_toks_no_value": [
            "select",
            "software_platform",
            ",",
            "count",
            "(",
            "*",
            ")",
            "from",
            "device",
            "group",
            "by",
            "software_platform"
        ],
        "question": "What are the different software platforms for devices, and how many devices have each?",
        "question_toks": [
            "What",
            "are",
            "the",
            "different",
            "software",
            "platforms",
            "for",
            "devices",
            ",",
            "and",
            "how",
            "many",
            "devices",
            "have",
            "each",
            "?"
        ],
        "sql": {
            "from": {
                "table_units": [
                    [
                        "table_unit",
                        0
                    ]
                ],
                "conds": []
            },
            "select": [
                false,
                [
                    [
                        0,
                        [
                            0,
                            [
                                0,
                                6,
                                false
                            ],
                            null
                        ]
                    ],
                    [
                        3,
                        [
                            0,
                            [
                                0,
                                0,
                                false
                            ],
                            null
                        ]
                    ]
                ]
            ],
            "where": [],
            "groupBy": [
                [
                    0,
                    6,
                    false
                ]
            ],
            "having": [],
            "orderBy": [],
            "limit": null,
            "intersect": null,
            "union": null,
            "except": null
        },
        "complexity": "medium",
        "query_len": 12
    },
    {
        "db_id": "device",
        "query": "SELECT Software_Platform FROM device GROUP BY Software_Platform ORDER BY COUNT(*) DESC",
        "query_toks": [
            "SELECT",
            "Software_Platform",
            "FROM",
            "device",
            "GROUP",
            "BY",
            "Software_Platform",
            "ORDER",
            "BY",
            "COUNT",
            "(",
            "*",
            ")",
            "DESC"
        ],
        "query_toks_no_value": [
            "select",
            "software_platform",
            "from",
            "device",
            "group",
            "by",
            "software_platform",
            "order",
            "by",
            "count",
            "(",
            "*",
            ")",
            "desc"
        ],
        "question": "Please show the software platforms of devices in descending order of the count.",
        "question_toks": [
            "Please",
            "show",
            "the",
            "software",
            "platforms",
            "of",
            "devices",
            "in",
            "descending",
            "order",
            "of",
            "the",
            "count",
            "."
        ],
        "sql": {
            "from": {
                "table_units": [
                    [
                        "table_unit",
                        0
                    ]
                ],
                "conds": []
            },
            "select": [
                false,
                [
                    [
                        0,
                        [
                            0,
                            [
                                0,
                                6,
                                false
                            ],
                            null
                        ]
                    ]
                ]
            ],
            "where": [],
            "groupBy": [
                [
                    0,
                    6,
                    false
                ]
            ],
            "having": [],
            "orderBy": [
                "desc",
                [
                    [
                        0,
                        [
                            3,
                            0,
                            false
                        ],
                        null
                    ]
                ]
            ],
            "limit": null,
            "intersect": null,
            "union": null,
            "except": null
        },
        "complexity": "medium",
        "query_len": 14
    },
    {
        "db_id": "device",
        "query": "SELECT Shop_Name FROM shop WHERE Shop_ID NOT IN (SELECT Shop_ID FROM stock)",
        "query_toks": [
            "SELECT",
            "Shop_Name",
            "FROM",
            "shop",
            "WHERE",
            "Shop_ID",
            "NOT",
            "IN",
            "(",
            "SELECT",
            "Shop_ID",
            "FROM",
            "stock",
            ")"
        ],
        "query_toks_no_value": [
            "select",
            "shop_name",
            "from",
            "shop",
            "where",
            "shop_id",
            "not",
            "in",
            "(",
            "select",
            "shop_id",
            "from",
            "stock",
            ")"
        ],
        "question": "List the names of shops that have no devices in stock.",
        "question_toks": [
            "List",
            "the",
            "names",
            "of",
            "shops",
            "that",
            "have",
            "no",
            "devices",
            "in",
            "stock",
            "."
        ],
        "sql": {
            "from": {
                "table_units": [
                    [
                        "table_unit",
                        1
                    ]
                ],
                "conds": []
            },
            "select": [
                false,
                [
                    [
                        0,
                        [
                            0,
                            [
                                0,
                                8,
                                false
                            ],
                            null
                        ]
                    ]
                ]
            ],
            "where": [
                [
                    true,
                    8,
                    [
                        0,
                        [
                            0,
                            7,
                            false
                        ],
                        null
                    ],
                    {
                        "from": {
                            "table_units": [
                                [
                                    "table_unit",
                                    2
                                ]
                            ],
                            "conds": []
                        },
                        "select": [
                            false,
                            [
                                [
                                    0,
                                    [
                                        0,
                                        [
                                            0,
                                            12,
                                            false
                                        ],
                                        null
                                    ]
                                ]
                            ]
                        ],
                        "where": [],
                        "groupBy": [],
                        "having": [],
                        "orderBy": [],
                        "limit": null,
                        "intersect": null,
                        "union": null,
                        "except": null
                    },
                    null
                ]
            ],
            "groupBy": [],
            "having": [],
            "orderBy": [],
            "limit": null,
            "intersect": null,
            "union": null,
            "except": null
        },
        "complexity": "hard",
        "query_len": 14
    },
    {
        "db_id": "device",
        "query": "SELECT Shop_Name FROM shop WHERE Shop_ID NOT IN (SELECT Shop_ID FROM stock)",
        "query_toks": [
            "SELECT",
            "Shop_Name",
            "FROM",
            "shop",
            "WHERE",
            "Shop_ID",
            "NOT",
            "IN",
            "(",
            "SELECT",
            "Shop_ID",
            "FROM",
            "stock",
            ")"
        ],
        "query_toks_no_value": [
            "select",
            "shop_name",
            "from",
            "shop",
            "where",
            "shop_id",
            "not",
            "in",
            "(",
            "select",
            "shop_id",
            "from",
            "stock",
            ")"
        ],
        "question": "What are the names of shops that do not have any devices in stock?",
        "question_toks": [
            "What",
            "are",
            "the",
            "names",
            "of",
            "shops",
            "that",
            "do",
            "not",
            "have",
            "any",
            "devices",
            "in",
            "stock",
            "?"
        ],
        "sql": {
            "from": {
                "table_units": [
                    [
                        "table_unit",
                        1
                    ]
                ],
                "conds": []
            },
            "select": [
                false,
                [
                    [
                        0,
                        [
                            0,
                            [
                                0,
                                8,
                                false
                            ],
                            null
                        ]
                    ]
                ]
            ],
            "where": [
                [
                    true,
                    8,
                    [
                        0,
                        [
                            0,
                            7,
                            false
                        ],
                        null
                    ],
                    {
                        "from": {
                            "table_units": [
                                [
                                    "table_unit",
                                    2
                                ]
                            ],
                            "conds": []
                        },
                        "select": [
                            false,
                            [
                                [
                                    0,
                                    [
                                        0,
                                        [
                                            0,
                                            12,
                                            false
                                        ],
                                        null
                                    ]
                                ]
                            ]
                        ],
                        "where": [],
                        "groupBy": [],
                        "having": [],
                        "orderBy": [],
                        "limit": null,
                        "intersect": null,
                        "union": null,
                        "except": null
                    },
                    null
                ]
            ],
            "groupBy": [],
            "having": [],
            "orderBy": [],
            "limit": null,
            "intersect": null,
            "union": null,
            "except": null
        },
        "complexity": "hard",
        "query_len": 14
    },
    {
        "db_id": "device",
        "query": "SELECT Carrier FROM device WHERE Device_ID NOT IN (SELECT Device_ID FROM stock)",
        "query_toks": [
            "SELECT",
            "Carrier",
            "FROM",
            "device",
            "WHERE",
            "Device_ID",
            "NOT",
            "IN",
            "(",
            "SELECT",
            "Device_ID",
            "FROM",
            "stock",
            ")"
        ],
        "query_toks_no_value": [
            "select",
            "carrier",
            "from",
            "device",
            "where",
            "device_id",
            "not",
            "in",
            "(",
            "select",
            "device_id",
            "from",
            "stock",
            ")"
        ],
        "question": "List the carriers of devices that have no devices in stock.",
        "question_toks": [
            "List",
            "the",
            "carriers",
            "of",
            "devices",
            "that",
            "have",
            "no",
            "devices",
            "in",
            "stock",
            "."
        ],
        "sql": {
            "from": {
                "table_units": [
                    [
                        "table_unit",
                        0
                    ]
                ],
                "conds": []
            },
            "select": [
                false,
                [
                    [
                        0,
                        [
                            0,
                            [
                                0,
                                3,
                                false
                            ],
                            null
                        ]
                    ]
                ]
            ],
            "where": [
                [
                    true,
                    8,
                    [
                        0,
                        [
                            0,
                            1,
                            false
                        ],
                        null
                    ],
                    {
                        "from": {
                            "table_units": [
                                [
                                    "table_unit",
                                    2
                                ]
                            ],
                            "conds": []
                        },
                        "select": [
                            false,
                            [
                                [
                                    0,
                                    [
                                        0,
                                        [
                                            0,
                                            13,
                                            false
                                        ],
                                        null
                                    ]
                                ]
                            ]
                        ],
                        "where": [],
                        "groupBy": [],
                        "having": [],
                        "orderBy": [],
                        "limit": null,
                        "intersect": null,
                        "union": null,
                        "except": null
                    },
                    null
                ]
            ],
            "groupBy": [],
            "having": [],
            "orderBy": [],
            "limit": null,
            "intersect": null,
            "union": null,
            "except": null
        },
        "complexity": "hard",
        "query_len": 14
    },
    {
        "db_id": "device",
        "query": "SELECT Software_Platform FROM device GROUP BY Software_Platform ORDER BY COUNT(*) DESC LIMIT 1",
        "query_toks": [
            "SELECT",
            "Software_Platform",
            "FROM",
            "device",
            "GROUP",
            "BY",
            "Software_Platform",
            "ORDER",
            "BY",
            "COUNT",
            "(",
            "*",
            ")",
            "DESC",
            "LIMIT",
            "1"
        ],
        "query_toks_no_value": [
            "select",
            "software_platform",
            "from",
            "device",
            "group",
            "by",
            "software_platform",
            "order",
            "by",
            "count",
            "(",
            "*",
            ")",
            "desc",
            "limit",
            "value"
        ],
        "question": "List the software platform shared by the greatest number of devices.",
        "question_toks": [
            "List",
            "the",
            "software",
            "platform",
            "shared",
            "by",
            "the",
            "greatest",
            "number",
            "of",
            "devices",
            "."
        ],
        "sql": {
            "from": {
                "table_units": [
                    [
                        "table_unit",
                        0
                    ]
                ],
                "conds": []
            },
            "select": [
                false,
                [
                    [
                        0,
                        [
                            0,
                            [
                                0,
                                6,
                                false
                            ],
                            null
                        ]
                    ]
                ]
            ],
            "where": [],
            "groupBy": [
                [
                    0,
                    6,
                    false
                ]
            ],
            "having": [],
            "orderBy": [
                "desc",
                [
                    [
                        0,
                        [
                            3,
                            0,
                            false
                        ],
                        null
                    ]
                ]
            ],
            "limit": 1,
            "intersect": null,
            "union": null,
            "except": null
        },
        "complexity": "hard",
        "query_len": 16
    },
    {
        "db_id": "device",
        "query": "SELECT Software_Platform FROM device GROUP BY Software_Platform ORDER BY COUNT(*) DESC LIMIT 1",
        "query_toks": [
            "SELECT",
            "Software_Platform",
            "FROM",
            "device",
            "GROUP",
            "BY",
            "Software_Platform",
            "ORDER",
            "BY",
            "COUNT",
            "(",
            "*",
            ")",
            "DESC",
            "LIMIT",
            "1"
        ],
        "query_toks_no_value": [
            "select",
            "software_platform",
            "from",
            "device",
            "group",
            "by",
            "software_platform",
            "order",
            "by",
            "count",
            "(",
            "*",
            ")",
            "desc",
            "limit",
            "value"
        ],
        "question": "What is the software platform that is most common amongst all devices?",
        "question_toks": [
            "What",
            "is",
            "the",
            "software",
            "platform",
            "that",
            "is",
            "most",
            "common",
            "amongst",
            "all",
            "devices",
            "?"
        ],
        "sql": {
            "from": {
                "table_units": [
                    [
                        "table_unit",
                        0
                    ]
                ],
                "conds": []
            },
            "select": [
                false,
                [
                    [
                        0,
                        [
                            0,
                            [
                                0,
                                6,
                                false
                            ],
                            null
                        ]
                    ]
                ]
            ],
            "where": [],
            "groupBy": [
                [
                    0,
                    6,
                    false
                ]
            ],
            "having": [],
            "orderBy": [
                "desc",
                [
                    [
                        0,
                        [
                            3,
                            0,
                            false
                        ],
                        null
                    ]
                ]
            ],
            "limit": 1,
            "intersect": null,
            "union": null,
            "except": null
        },
        "complexity": "hard",
        "query_len": 16
    },
    {
        "db_id": "device",
        "query": "SELECT LOCATION FROM shop WHERE Open_Year  >  2012 INTERSECT SELECT LOCATION FROM shop WHERE Open_Year  <  2008",
        "query_toks": [
            "SELECT",
            "LOCATION",
            "FROM",
            "shop",
            "WHERE",
            "Open_Year",
            ">",
            "2012",
            "INTERSECT",
            "SELECT",
            "LOCATION",
            "FROM",
            "shop",
            "WHERE",
            "Open_Year",
            "<",
            "2008"
        ],
        "query_toks_no_value": [
            "select",
            "location",
            "from",
            "shop",
            "where",
            "open_year",
            ">",
            "value",
            "intersect",
            "select",
            "location",
            "from",
            "shop",
            "where",
            "open_year",
            "<",
            "value"
        ],
        "question": "Which locations contains both shops that opened after the year 2012 and shops that opened before 2008?",
        "question_toks": [
            "Which",
            "locations",
            "contains",
            "both",
            "shops",
            "that",
            "opened",
            "after",
            "the",
            "year",
            "2012",
            "and",
            "shops",
            "that",
            "opened",
            "before",
            "2008",
            "?"
        ],
        "sql": {
            "from": {
                "table_units": [
                    [
                        "table_unit",
                        1
                    ]
                ],
                "conds": []
            },
            "select": [
                false,
                [
                    [
                        0,
                        [
                            0,
                            [
                                0,
                                9,
                                false
                            ],
                            null
                        ]
                    ]
                ]
            ],
            "where": [
                [
                    false,
                    3,
                    [
                        0,
                        [
                            0,
                            11,
                            false
                        ],
                        null
                    ],
                    2012.0,
                    null
                ]
            ],
            "groupBy": [],
            "having": [],
            "orderBy": [],
            "limit": null,
            "intersect": {
                "from": {
                    "table_units": [
                        [
                            "table_unit",
                            1
                        ]
                    ],
                    "conds": []
                },
                "select": [
                    false,
                    [
                        [
                            0,
                            [
                                0,
                                [
                                    0,
                                    9,
                                    false
                                ],
                                null
                            ]
                        ]
                    ]
                ],
                "where": [
                    [
                        false,
                        4,
                        [
                            0,
                            [
                                0,
                                11,
                                false
                            ],
                            null
                        ],
                        2008.0,
                        null
                    ]
                ],
                "groupBy": [],
                "having": [],
                "orderBy": [],
                "limit": null,
                "intersect": null,
                "union": null,
                "except": null
            },
            "union": null,
            "except": null
        },
        "complexity": "hard",
        "query_len": 17
    },
    {
        "db_id": "device",
        "query": "SELECT T3.Shop_Name ,  T2.Carrier FROM stock AS T1 JOIN device AS T2 ON T1.Device_ID  =  T2.Device_ID JOIN shop AS T3 ON T1.Shop_ID  =  T3.Shop_ID",
        "query_toks": [
            "SELECT",
            "T3.Shop_Name",
            ",",
            "T2.Carrier",
            "FROM",
            "stock",
            "AS",
            "T1",
            "JOIN",
            "device",
            "AS",
            "T2",
            "ON",
            "T1.Device_ID",
            "=",
            "T2.Device_ID",
            "JOIN",
            "shop",
            "AS",
            "T3",
            "ON",
            "T1.Shop_ID",
            "=",
            "T3.Shop_ID"
        ],
        "query_toks_no_value": [
            "select",
            "t3",
            ".",
            "shop_name",
            ",",
            "t2",
            ".",
            "carrier",
            "from",
            "stock",
            "as",
            "t1",
            "join",
            "device",
            "as",
            "t2",
            "on",
            "t1",
            ".",
            "device_id",
            "=",
            "t2",
            ".",
            "device_id",
            "join",
            "shop",
            "as",
            "t3",
            "on",
            "t1",
            ".",
            "shop_id",
            "=",
            "t3",
            ".",
            "shop_id"
        ],
        "question": "Show names of shops and the carriers of devices they have in stock.",
        "question_toks": [
            "Show",
            "names",
            "of",
            "shops",
            "and",
            "the",
            "carriers",
            "of",
            "devices",
            "they",
            "have",
            "in",
            "stock",
            "."
        ],
        "sql": {
            "from": {
                "table_units": [
                    [
                        "table_unit",
                        2
                    ],
                    [
                        "table_unit",
                        0
                    ],
                    [
                        "table_unit",
                        1
                    ]
                ],
                "conds": [
                    [
                        false,
                        2,
                        [
                            0,
                            [
                                0,
                                13,
                                false
                            ],
                            null
                        ],
                        [
                            0,
                            1,
                            false
                        ],
                        null
                    ],
                    "and",
                    [
                        false,
                        2,
                        [
                            0,
                            [
                                0,
                                12,
                                false
                            ],
                            null
                        ],
                        [
                            0,
                            7,
                            false
                        ],
                        null
                    ]
                ]
            },
            "select": [
                false,
                [
                    [
                        0,
                        [
                            0,
                            [
                                0,
                                8,
                                false
                            ],
                            null
                        ]
                    ],
                    [
                        0,
                        [
                            0,
                            [
                                0,
                                3,
                                false
                            ],
                            null
                        ]
                    ]
                ]
            ],
            "where": [],
            "groupBy": [],
            "having": [],
            "orderBy": [],
            "limit": null,
            "intersect": null,
            "union": null,
            "except": null
        },
        "complexity": "medium",
        "query_len": 24
    },
    {
        "db_id": "device",
        "query": "SELECT T3.Shop_Name ,  T2.Carrier FROM stock AS T1 JOIN device AS T2 ON T1.Device_ID  =  T2.Device_ID JOIN shop AS T3 ON T1.Shop_ID  =  T3.Shop_ID",
        "query_toks": [
            "SELECT",
            "T3.Shop_Name",
            ",",
            "T2.Carrier",
            "FROM",
            "stock",
            "AS",
            "T1",
            "JOIN",
            "device",
            "AS",
            "T2",
            "ON",
            "T1.Device_ID",
            "=",
            "T2.Device_ID",
            "JOIN",
            "shop",
            "AS",
            "T3",
            "ON",
            "T1.Shop_ID",
            "=",
            "T3.Shop_ID"
        ],
        "query_toks_no_value": [
            "select",
            "t3",
            ".",
            "shop_name",
            ",",
            "t2",
            ".",
            "carrier",
            "from",
            "stock",
            "as",
            "t1",
            "join",
            "device",
            "as",
            "t2",
            "on",
            "t1",
            ".",
            "device_id",
            "=",
            "t2",
            ".",
            "device_id",
            "join",
            "shop",
            "as",
            "t3",
            "on",
            "t1",
            ".",
            "shop_id",
            "=",
            "t3",
            ".",
            "shop_id"
        ],
        "question": "What are the names of device shops, and what are the carriers that they carry devices in stock for?",
        "question_toks": [
            "What",
            "are",
            "the",
            "names",
            "of",
            "device",
            "shops",
            ",",
            "and",
            "what",
            "are",
            "the",
            "carriers",
            "that",
            "they",
            "carry",
            "devices",
            "in",
            "stock",
            "for",
            "?"
        ],
        "sql": {
            "from": {
                "table_units": [
                    [
                        "table_unit",
                        2
                    ],
                    [
                        "table_unit",
                        0
                    ],
                    [
                        "table_unit",
                        1
                    ]
                ],
                "conds": [
                    [
                        false,
                        2,
                        [
                            0,
                            [
                                0,
                                13,
                                false
                            ],
                            null
                        ],
                        [
                            0,
                            1,
                            false
                        ],
                        null
                    ],
                    "and",
                    [
                        false,
                        2,
                        [
                            0,
                            [
                                0,
                                12,
                                false
                            ],
                            null
                        ],
                        [
                            0,
                            7,
                            false
                        ],
                        null
                    ]
                ]
            },
            "select": [
                false,
                [
                    [
                        0,
                        [
                            0,
                            [
                                0,
                                8,
                                false
                            ],
                            null
                        ]
                    ],
                    [
                        0,
                        [
                            0,
                            [
                                0,
                                3,
                                false
                            ],
                            null
                        ]
                    ]
                ]
            ],
            "where": [],
            "groupBy": [],
            "having": [],
            "orderBy": [],
            "limit": null,
            "intersect": null,
            "union": null,
            "except": null
        },
        "complexity": "medium",
        "query_len": 24
    },
    {
        "db_id": "device",
        "query": "SELECT T2.Shop_Name FROM stock AS T1 JOIN shop AS T2 ON T1.Shop_ID  =  T2.Shop_ID GROUP BY T1.Shop_ID HAVING COUNT(*)  >  1",
        "query_toks": [
            "SELECT",
            "T2.Shop_Name",
            "FROM",
            "stock",
            "AS",
            "T1",
            "JOIN",
            "shop",
            "AS",
            "T2",
            "ON",
            "T1.Shop_ID",
            "=",
            "T2.Shop_ID",
            "GROUP",
            "BY",
            "T1.Shop_ID",
            "HAVING",
            "COUNT",
            "(",
            "*",
            ")",
            ">",
            "1"
        ],
        "query_toks_no_value": [
            "select",
            "t2",
            ".",
            "shop_name",
            "from",
            "stock",
            "as",
            "t1",
            "join",
            "shop",
            "as",
            "t2",
            "on",
            "t1",
            ".",
            "shop_id",
            "=",
            "t2",
            ".",
            "shop_id",
            "group",
            "by",
            "t1",
            ".",
            "shop_id",
            "having",
            "count",
            "(",
            "*",
            ")",
            ">",
            "value"
        ],
        "question": "What are the names of shops that have more than a single kind of device in stock?",
        "question_toks": [
            "What",
            "are",
            "the",
            "names",
            "of",
            "shops",
            "that",
            "have",
            "more",
            "than",
            "a",
            "single",
            "kind",
            "of",
            "device",
            "in",
            "stock",
            "?"
        ],
        "sql": {
            "from": {
                "table_units": [
                    [
                        "table_unit",
                        2
                    ],
                    [
                        "table_unit",
                        1
                    ]
                ],
                "conds": [
                    [
                        false,
                        2,
                        [
                            0,
                            [
                                0,
                                12,
                                false
                            ],
                            null
                        ],
                        [
                            0,
                            7,
                            false
                        ],
                        null
                    ]
                ]
            },
            "select": [
                false,
                [
                    [
                        0,
                        [
                            0,
                            [
                                0,
                                8,
                                false
                            ],
                            null
                        ]
                    ]
                ]
            ],
            "where": [],
            "groupBy": [
                [
                    0,
                    12,
                    false
                ]
            ],
            "having": [
                [
                    false,
                    3,
                    [
                        0,
                        [
                            3,
                            0,
                            false
                        ],
                        null
                    ],
                    1.0,
                    null
                ]
            ],
            "orderBy": [],
            "limit": null,
            "intersect": null,
            "union": null,
            "except": null
        },
        "complexity": "medium",
        "query_len": 24
    },
    {
        "db_id": "device",
        "query": "SELECT T2.Carrier FROM stock AS T1 JOIN device AS T2 ON T1.Device_ID  =  T2.Device_ID GROUP BY T1.Device_ID HAVING COUNT(*)  >  1",
        "query_toks": [
            "SELECT",
            "T2.Carrier",
            "FROM",
            "stock",
            "AS",
            "T1",
            "JOIN",
            "device",
            "AS",
            "T2",
            "ON",
            "T1.Device_ID",
            "=",
            "T2.Device_ID",
            "GROUP",
            "BY",
            "T1.Device_ID",
            "HAVING",
            "COUNT",
            "(",
            "*",
            ")",
            ">",
            "1"
        ],
        "query_toks_no_value": [
            "select",
            "t2",
            ".",
            "carrier",
            "from",
            "stock",
            "as",
            "t1",
            "join",
            "device",
            "as",
            "t2",
            "on",
            "t1",
            ".",
            "device_id",
            "=",
            "t2",
            ".",
            "device_id",
            "group",
            "by",
            "t1",
            ".",
            "device_id",
            "having",
            "count",
            "(",
            "*",
            ")",
            ">",
            "value"
        ],
        "question": "Show the carriers of devices in stock at more than one shop.",
        "question_toks": [
            "Show",
            "the",
            "carriers",
            "of",
            "devices",
            "in",
            "stock",
            "at",
            "more",
            "than",
            "one",
            "shop",
            "."
        ],
        "sql": {
            "from": {
                "table_units": [
                    [
                        "table_unit",
                        2
                    ],
                    [
                        "table_unit",
                        0
                    ]
                ],
                "conds": [
                    [
                        false,
                        2,
                        [
                            0,
                            [
                                0,
                                13,
                                false
                            ],
                            null
                        ],
                        [
                            0,
                            1,
                            false
                        ],
                        null
                    ]
                ]
            },
            "select": [
                false,
                [
                    [
                        0,
                        [
                            0,
                            [
                                0,
                                3,
                                false
                            ],
                            null
                        ]
                    ]
                ]
            ],
            "where": [],
            "groupBy": [
                [
                    0,
                    13,
                    false
                ]
            ],
            "having": [
                [
                    false,
                    3,
                    [
                        0,
                        [
                            3,
                            0,
                            false
                        ],
                        null
                    ],
                    1.0,
                    null
                ]
            ],
            "orderBy": [],
            "limit": null,
            "intersect": null,
            "union": null,
            "except": null
        },
        "complexity": "medium",
        "query_len": 24
    },
    {
        "db_id": "device",
        "query": "SELECT T2.Shop_Name FROM stock AS T1 JOIN shop AS T2 ON T1.Shop_ID  =  T2.Shop_ID GROUP BY T1.Shop_ID ORDER BY COUNT(*) DESC LIMIT 1",
        "query_toks": [
            "SELECT",
            "T2.Shop_Name",
            "FROM",
            "stock",
            "AS",
            "T1",
            "JOIN",
            "shop",
            "AS",
            "T2",
            "ON",
            "T1.Shop_ID",
            "=",
            "T2.Shop_ID",
            "GROUP",
            "BY",
            "T1.Shop_ID",
            "ORDER",
            "BY",
            "COUNT",
            "(",
            "*",
            ")",
            "DESC",
            "LIMIT",
            "1"
        ],
        "query_toks_no_value": [
            "select",
            "t2",
            ".",
            "shop_name",
            "from",
            "stock",
            "as",
            "t1",
            "join",
            "shop",
            "as",
            "t2",
            "on",
            "t1",
            ".",
            "shop_id",
            "=",
            "t2",
            ".",
            "shop_id",
            "group",
            "by",
            "t1",
            ".",
            "shop_id",
            "order",
            "by",
            "count",
            "(",
            "*",
            ")",
            "desc",
            "limit",
            "value"
        ],
        "question": "Show the name of the shop that has the most kind of devices in stock.",
        "question_toks": [
            "Show",
            "the",
            "name",
            "of",
            "the",
            "shop",
            "that",
            "has",
            "the",
            "most",
            "kind",
            "of",
            "devices",
            "in",
            "stock",
            "."
        ],
        "sql": {
            "from": {
                "table_units": [
                    [
                        "table_unit",
                        2
                    ],
                    [
                        "table_unit",
                        1
                    ]
                ],
                "conds": [
                    [
                        false,
                        2,
                        [
                            0,
                            [
                                0,
                                12,
                                false
                            ],
                            null
                        ],
                        [
                            0,
                            7,
                            false
                        ],
                        null
                    ]
                ]
            },
            "select": [
                false,
                [
                    [
                        0,
                        [
                            0,
                            [
                                0,
                                8,
                                false
                            ],
                            null
                        ]
                    ]
                ]
            ],
            "where": [],
            "groupBy": [
                [
                    0,
                    12,
                    false
                ]
            ],
            "having": [],
            "orderBy": [
                "desc",
                [
                    [
                        0,
                        [
                            3,
                            0,
                            false
                        ],
                        null
                    ]
                ]
            ],
            "limit": 1,
            "intersect": null,
            "union": null,
            "except": null
        },
        "complexity": "extra",
        "query_len": 26
    },
    {
        "db_id": "device",
        "query": "SELECT T2.Shop_Name FROM stock AS T1 JOIN shop AS T2 ON T1.Shop_ID  =  T2.Shop_ID GROUP BY T1.Shop_ID ORDER BY COUNT(*) DESC LIMIT 1",
        "query_toks": [
            "SELECT",
            "T2.Shop_Name",
            "FROM",
            "stock",
            "AS",
            "T1",
            "JOIN",
            "shop",
            "AS",
            "T2",
            "ON",
            "T1.Shop_ID",
            "=",
            "T2.Shop_ID",
            "GROUP",
            "BY",
            "T1.Shop_ID",
            "ORDER",
            "BY",
            "COUNT",
            "(",
            "*",
            ")",
            "DESC",
            "LIMIT",
            "1"
        ],
        "query_toks_no_value": [
            "select",
            "t2",
            ".",
            "shop_name",
            "from",
            "stock",
            "as",
            "t1",
            "join",
            "shop",
            "as",
            "t2",
            "on",
            "t1",
            ".",
            "shop_id",
            "=",
            "t2",
            ".",
            "shop_id",
            "group",
            "by",
            "t1",
            ".",
            "shop_id",
            "order",
            "by",
            "count",
            "(",
            "*",
            ")",
            "desc",
            "limit",
            "value"
        ],
        "question": "What is the name of the shop that has the most different kinds of devices in stock?",
        "question_toks": [
            "What",
            "is",
            "the",
            "name",
            "of",
            "the",
            "shop",
            "that",
            "has",
            "the",
            "most",
            "different",
            "kinds",
            "of",
            "devices",
            "in",
            "stock",
            "?"
        ],
        "sql": {
            "from": {
                "table_units": [
                    [
                        "table_unit",
                        2
                    ],
                    [
                        "table_unit",
                        1
                    ]
                ],
                "conds": [
                    [
                        false,
                        2,
                        [
                            0,
                            [
                                0,
                                12,
                                false
                            ],
                            null
                        ],
                        [
                            0,
                            7,
                            false
                        ],
                        null
                    ]
                ]
            },
            "select": [
                false,
                [
                    [
                        0,
                        [
                            0,
                            [
                                0,
                                8,
                                false
                            ],
                            null
                        ]
                    ]
                ]
            ],
            "where": [],
            "groupBy": [
                [
                    0,
                    12,
                    false
                ]
            ],
            "having": [],
            "orderBy": [
                "desc",
                [
                    [
                        0,
                        [
                            3,
                            0,
                            false
                        ],
                        null
                    ]
                ]
            ],
            "limit": 1,
            "intersect": null,
            "union": null,
            "except": null
        },
        "complexity": "extra",
        "query_len": 26
    },
    {
        "db_id": "device",
        "query": "SELECT T2.Shop_Name FROM stock AS T1 JOIN shop AS T2 ON T1.Shop_ID  =  T2.Shop_ID GROUP BY T1.Shop_ID ORDER BY SUM(T1.quantity) DESC LIMIT 1",
        "query_toks": [
            "SELECT",
            "T2.Shop_Name",
            "FROM",
            "stock",
            "AS",
            "T1",
            "JOIN",
            "shop",
            "AS",
            "T2",
            "ON",
            "T1.Shop_ID",
            "=",
            "T2.Shop_ID",
            "GROUP",
            "BY",
            "T1.Shop_ID",
            "ORDER",
            "BY",
            "SUM",
            "(",
            "T1.quantity",
            ")",
            "DESC",
            "LIMIT",
            "1"
        ],
        "query_toks_no_value": [
            "select",
            "t2",
            ".",
            "shop_name",
            "from",
            "stock",
            "as",
            "t1",
            "join",
            "shop",
            "as",
            "t2",
            "on",
            "t1",
            ".",
            "shop_id",
            "=",
            "t2",
            ".",
            "shop_id",
            "group",
            "by",
            "t1",
            ".",
            "shop_id",
            "order",
            "by",
            "sum",
            "(",
            "t1",
            ".",
            "quantity",
            ")",
            "desc",
            "limit",
            "value"
        ],
        "question": "Show the name of the shop that have the largest quantity of devices in stock.",
        "question_toks": [
            "Show",
            "the",
            "name",
            "of",
            "the",
            "shop",
            "that",
            "have",
            "the",
            "largest",
            "quantity",
            "of",
            "devices",
            "in",
            "stock",
            "."
        ],
        "sql": {
            "from": {
                "table_units": [
                    [
                        "table_unit",
                        2
                    ],
                    [
                        "table_unit",
                        1
                    ]
                ],
                "conds": [
                    [
                        false,
                        2,
                        [
                            0,
                            [
                                0,
                                12,
                                false
                            ],
                            null
                        ],
                        [
                            0,
                            7,
                            false
                        ],
                        null
                    ]
                ]
            },
            "select": [
                false,
                [
                    [
                        0,
                        [
                            0,
                            [
                                0,
                                8,
                                false
                            ],
                            null
                        ]
                    ]
                ]
            ],
            "where": [],
            "groupBy": [
                [
                    0,
                    12,
                    false
                ]
            ],
            "having": [],
            "orderBy": [
                "desc",
                [
                    [
                        0,
                        [
                            4,
                            14,
                            false
                        ],
                        null
                    ]
                ]
            ],
            "limit": 1,
            "intersect": null,
            "union": null,
            "except": null
        },
        "complexity": "extra",
        "query_len": 26
    }
]