[
    {
        "db_id": "election_representative",
        "query": "SELECT Name ,  Party FROM representative",
        "query_toks": [
            "SELECT",
            "Name",
            ",",
            "Party",
            "FROM",
            "representative"
        ],
        "query_toks_no_value": [
            "select",
            "name",
            ",",
            "party",
            "from",
            "representative"
        ],
        "question": "What are the names and parties of representatives?",
        "question_toks": [
            "What",
            "are",
            "the",
            "names",
            "and",
            "parties",
            "of",
            "representatives",
            "?"
        ],
        "sql": {
            "from": {
                "table_units": [
                    [
                        "table_unit",
                        1
                    ]
                ],
                "conds": []
            },
            "select": [
                false,
                [
                    [
                        0,
                        [
                            0,
                            [
                                0,
                                9,
                                false
                            ],
                            null
                        ]
                    ],
                    [
                        0,
                        [
                            0,
                            [
                                0,
                                11,
                                false
                            ],
                            null
                        ]
                    ]
                ]
            ],
            "where": [],
            "groupBy": [],
            "having": [],
            "orderBy": [],
            "limit": null,
            "intersect": null,
            "union": null,
            "except": null
        },
        "complexity": "medium",
        "query_len": 6
    },
    {
        "db_id": "election_representative",
        "query": "SELECT count(*) FROM election",
        "query_toks": [
            "SELECT",
            "count",
            "(",
            "*",
            ")",
            "FROM",
            "election"
        ],
        "query_toks_no_value": [
            "select",
            "count",
            "(",
            "*",
            ")",
            "from",
            "election"
        ],
        "question": "How many elections are there?",
        "question_toks": [
            "How",
            "many",
            "elections",
            "are",
            "there",
            "?"
        ],
        "sql": {
            "from": {
                "table_units": [
                    [
                        "table_unit",
                        0
                    ]
                ],
                "conds": []
            },
            "select": [
                false,
                [
                    [
                        3,
                        [
                            0,
                            [
                                0,
                                0,
                                false
                            ],
                            null
                        ]
                    ]
                ]
            ],
            "where": [],
            "groupBy": [],
            "having": [],
            "orderBy": [],
            "limit": null,
            "intersect": null,
            "union": null,
            "except": null
        },
        "complexity": "easy",
        "query_len": 7
    },
    {
        "db_id": "election_representative",
        "query": "SELECT Votes FROM election ORDER BY Votes DESC",
        "query_toks": [
            "SELECT",
            "Votes",
            "FROM",
            "election",
            "ORDER",
            "BY",
            "Votes",
            "DESC"
        ],
        "query_toks_no_value": [
            "select",
            "votes",
            "from",
            "election",
            "order",
            "by",
            "votes",
            "desc"
        ],
        "question": "List the votes of elections in descending order.",
        "question_toks": [
            "List",
            "the",
            "votes",
            "of",
            "elections",
            "in",
            "descending",
            "order",
            "."
        ],
        "sql": {
            "from": {
                "table_units": [
                    [
                        "table_unit",
                        0
                    ]
                ],
                "conds": []
            },
            "select": [
                false,
                [
                    [
                        0,
                        [
                            0,
                            [
                                0,
                                4,
                                false
                            ],
                            null
                        ]
                    ]
                ]
            ],
            "where": [],
            "groupBy": [],
            "having": [],
            "orderBy": [
                "desc",
                [
                    [
                        0,
                        [
                            0,
                            4,
                            false
                        ],
                        null
                    ]
                ]
            ],
            "limit": null,
            "intersect": null,
            "union": null,
            "except": null
        },
        "complexity": "easy",
        "query_len": 8
    },
    {
        "db_id": "election_representative",
        "query": "SELECT Name FROM Representative WHERE Party != \"Republican\"",
        "query_toks": [
            "SELECT",
            "Name",
            "FROM",
            "Representative",
            "WHERE",
            "Party",
            "!",
            "=",
            "``",
            "Republican",
            "''"
        ],
        "query_toks_no_value": [
            "select",
            "name",
            "from",
            "representative",
            "where",
            "party",
            "!",
            "=",
            "value"
        ],
        "question": "What are the names of representatives whose party is not \"Republican\"?",
        "question_toks": [
            "What",
            "are",
            "the",
            "names",
            "of",
            "representatives",
            "whose",
            "party",
            "is",
            "not",
            "``",
            "Republican",
            "''",
            "?"
        ],
        "sql": {
            "from": {
                "table_units": [
                    [
                        "table_unit",
                        1
                    ]
                ],
                "conds": []
            },
            "select": [
                false,
                [
                    [
                        0,
                        [
                            0,
                            [
                                0,
                                9,
                                false
                            ],
                            null
                        ]
                    ]
                ]
            ],
            "where": [
                [
                    false,
                    7,
                    [
                        0,
                        [
                            0,
                            11,
                            false
                        ],
                        null
                    ],
                    "\"Republican\"",
                    null
                ]
            ],
            "groupBy": [],
            "having": [],
            "orderBy": [],
            "limit": null,
            "intersect": null,
            "union": null,
            "except": null
        },
        "complexity": "easy",
        "query_len": 11
    },
    {
        "db_id": "election_representative",
        "query": "SELECT min(Vote_Percent) ,  max(Vote_Percent) FROM election",
        "query_toks": [
            "SELECT",
            "min",
            "(",
            "Vote_Percent",
            ")",
            ",",
            "max",
            "(",
            "Vote_Percent",
            ")",
            "FROM",
            "election"
        ],
        "query_toks_no_value": [
            "select",
            "min",
            "(",
            "vote_percent",
            ")",
            ",",
            "max",
            "(",
            "vote_percent",
            ")",
            "from",
            "election"
        ],
        "question": "What are the minimum and maximum vote percents of elections?",
        "question_toks": [
            "What",
            "are",
            "the",
            "minimum",
            "and",
            "maximum",
            "vote",
            "percents",
            "of",
            "elections",
            "?"
        ],
        "sql": {
            "from": {
                "table_units": [
                    [
                        "table_unit",
                        0
                    ]
                ],
                "conds": []
            },
            "select": [
                false,
                [
                    [
                        2,
                        [
                            0,
                            [
                                0,
                                5,
                                false
                            ],
                            null
                        ]
                    ],
                    [
                        1,
                        [
                            0,
                            [
                                0,
                                5,
                                false
                            ],
                            null
                        ]
                    ]
                ]
            ],
            "where": [],
            "groupBy": [],
            "having": [],
            "orderBy": [],
            "limit": null,
            "intersect": null,
            "union": null,
            "except": null
        },
        "complexity": "medium",
        "query_len": 12
    },
    {
        "db_id": "election_representative",
        "query": "SELECT Party ,  COUNT(*) FROM representative GROUP BY Party",
        "query_toks": [
            "SELECT",
            "Party",
            ",",
            "COUNT",
            "(",
            "*",
            ")",
            "FROM",
            "representative",
            "GROUP",
            "BY",
            "Party"
        ],
        "query_toks_no_value": [
            "select",
            "party",
            ",",
            "count",
            "(",
            "*",
            ")",
            "from",
            "representative",
            "group",
            "by",
            "party"
        ],
        "question": "What are the different parties of representative? Show the party name and the number of representatives in each party.",
        "question_toks": [
            "What",
            "are",
            "the",
            "different",
            "parties",
            "of",
            "representative",
            "?",
            "Show",
            "the",
            "party",
            "name",
            "and",
            "the",
            "number",
            "of",
            "representatives",
            "in",
            "each",
            "party",
            "."
        ],
        "sql": {
            "from": {
                "table_units": [
                    [
                        "table_unit",
                        1
                    ]
                ],
                "conds": []
            },
            "select": [
                false,
                [
                    [
                        0,
                        [
                            0,
                            [
                                0,
                                11,
                                false
                            ],
                            null
                        ]
                    ],
                    [
                        3,
                        [
                            0,
                            [
                                0,
                                0,
                                false
                            ],
                            null
                        ]
                    ]
                ]
            ],
            "where": [],
            "groupBy": [
                [
                    0,
                    11,
                    false
                ]
            ],
            "having": [],
            "orderBy": [],
            "limit": null,
            "intersect": null,
            "union": null,
            "except": null
        },
        "complexity": "medium",
        "query_len": 12
    },
    {
        "db_id": "election_representative",
        "query": "SELECT Party FROM representative GROUP BY Party HAVING COUNT(*)  >=  3",
        "query_toks": [
            "SELECT",
            "Party",
            "FROM",
            "representative",
            "GROUP",
            "BY",
            "Party",
            "HAVING",
            "COUNT",
            "(",
            "*",
            ")",
            ">",
            "=",
            "3"
        ],
        "query_toks_no_value": [
            "select",
            "party",
            "from",
            "representative",
            "group",
            "by",
            "party",
            "having",
            "count",
            "(",
            "*",
            ")",
            ">",
            "=",
            "value"
        ],
        "question": "What parties have at least three representatives?",
        "question_toks": [
            "What",
            "parties",
            "have",
            "at",
            "least",
            "three",
            "representatives",
            "?"
        ],
        "sql": {
            "from": {
                "table_units": [
                    [
                        "table_unit",
                        1
                    ]
                ],
                "conds": []
            },
            "select": [
                false,
                [
                    [
                        0,
                        [
                            0,
                            [
                                0,
                                11,
                                false
                            ],
                            null
                        ]
                    ]
                ]
            ],
            "where": [],
            "groupBy": [
                [
                    0,
                    11,
                    false
                ]
            ],
            "having": [
                [
                    false,
                    5,
                    [
                        0,
                        [
                            3,
                            0,
                            false
                        ],
                        null
                    ],
                    3.0,
                    null
                ]
            ],
            "orderBy": [],
            "limit": null,
            "intersect": null,
            "union": null,
            "except": null
        },
        "complexity": "easy",
        "query_len": 15
    },
    {
        "db_id": "election_representative",
        "query": "SELECT State FROM representative GROUP BY State HAVING COUNT(*)  >=  2",
        "query_toks": [
            "SELECT",
            "State",
            "FROM",
            "representative",
            "GROUP",
            "BY",
            "State",
            "HAVING",
            "COUNT",
            "(",
            "*",
            ")",
            ">",
            "=",
            "2"
        ],
        "query_toks_no_value": [
            "select",
            "state",
            "from",
            "representative",
            "group",
            "by",
            "state",
            "having",
            "count",
            "(",
            "*",
            ")",
            ">",
            "=",
            "value"
        ],
        "question": "What states have at least two representatives?",
        "question_toks": [
            "What",
            "states",
            "have",
            "at",
            "least",
            "two",
            "representatives",
            "?"
        ],
        "sql": {
            "from": {
                "table_units": [
                    [
                        "table_unit",
                        1
                    ]
                ],
                "conds": []
            },
            "select": [
                false,
                [
                    [
                        0,
                        [
                            0,
                            [
                                0,
                                10,
                                false
                            ],
                            null
                        ]
                    ]
                ]
            ],
            "where": [],
            "groupBy": [
                [
                    0,
                    10,
                    false
                ]
            ],
            "having": [
                [
                    false,
                    5,
                    [
                        0,
                        [
                            3,
                            0,
                            false
                        ],
                        null
                    ],
                    2.0,
                    null
                ]
            ],
            "orderBy": [],
            "limit": null,
            "intersect": null,
            "union": null,
            "except": null
        },
        "complexity": "easy",
        "query_len": 15
    },
    {
        "db_id": "election_representative",
        "query": "SELECT Lifespan FROM representative WHERE State  =  \"New York\" OR State  =  \"Indiana\"",
        "query_toks": [
            "SELECT",
            "Lifespan",
            "FROM",
            "representative",
            "WHERE",
            "State",
            "=",
            "``",
            "New",
            "York",
            "''",
            "OR",
            "State",
            "=",
            "``",
            "Indiana",
            "''"
        ],
        "query_toks_no_value": [
            "select",
            "lifespan",
            "from",
            "representative",
            "where",
            "state",
            "=",
            "value",
            "or",
            "state",
            "=",
            "value"
        ],
        "question": "What are the life spans of representatives from New York state or Indiana state?",
        "question_toks": [
            "What",
            "are",
            "the",
            "life",
            "spans",
            "of",
            "representatives",
            "from",
            "New",
            "York",
            "state",
            "or",
            "Indiana",
            "state",
            "?"
        ],
        "sql": {
            "from": {
                "table_units": [
                    [
                        "table_unit",
                        1
                    ]
                ],
                "conds": []
            },
            "select": [
                false,
                [
                    [
                        0,
                        [
                            0,
                            [
                                0,
                                12,
                                false
                            ],
                            null
                        ]
                    ]
                ]
            ],
            "where": [
                [
                    false,
                    2,
                    [
                        0,
                        [
                            0,
                            10,
                            false
                        ],
                        null
                    ],
                    "\"New York\"",
                    null
                ],
                "or",
                [
                    false,
                    2,
                    [
                        0,
                        [
                            0,
                            10,
                            false
                        ],
                        null
                    ],
                    "\"Indiana\"",
                    null
                ]
            ],
            "groupBy": [],
            "having": [],
            "orderBy": [],
            "limit": null,
            "intersect": null,
            "union": null,
            "except": null
        },
        "complexity": "medium",
        "query_len": 17
    },
    {
        "db_id": "election_representative",
        "query": "SELECT T2.Name FROM election AS T1 JOIN representative AS T2 ON T1.Representative_ID  =  T2.Representative_ID WHERE Votes  >  10000",
        "query_toks": [
            "SELECT",
            "T2.Name",
            "FROM",
            "election",
            "AS",
            "T1",
            "JOIN",
            "representative",
            "AS",
            "T2",
            "ON",
            "T1.Representative_ID",
            "=",
            "T2.Representative_ID",
            "WHERE",
            "Votes",
            ">",
            "10000"
        ],
        "query_toks_no_value": [
            "select",
            "t2",
            ".",
            "name",
            "from",
            "election",
            "as",
            "t1",
            "join",
            "representative",
            "as",
            "t2",
            "on",
            "t1",
            ".",
            "representative_id",
            "=",
            "t2",
            ".",
            "representative_id",
            "where",
            "votes",
            ">",
            "value"
        ],
        "question": "What are the names of representatives with more than 10000 votes in election?",
        "question_toks": [
            "What",
            "are",
            "the",
            "names",
            "of",
            "representatives",
            "with",
            "more",
            "than",
            "10000",
            "votes",
            "in",
            "election",
            "?"
        ],
        "sql": {
            "from": {
                "table_units": [
                    [
                        "table_unit",
                        0
                    ],
                    [
                        "table_unit",
                        1
                    ]
                ],
                "conds": [
                    [
                        false,
                        2,
                        [
                            0,
                            [
                                0,
                                2,
                                false
                            ],
                            null
                        ],
                        [
                            0,
                            8,
                            false
                        ],
                        null
                    ]
                ]
            },
            "select": [
                false,
                [
                    [
                        0,
                        [
                            0,
                            [
                                0,
                                9,
                                false
                            ],
                            null
                        ]
                    ]
                ]
            ],
            "where": [
                [
                    false,
                    3,
                    [
                        0,
                        [
                            0,
                            4,
                            false
                        ],
                        null
                    ],
                    10000.0,
                    null
                ]
            ],
            "groupBy": [],
            "having": [],
            "orderBy": [],
            "limit": null,
            "intersect": null,
            "union": null,
            "except": null
        },
        "complexity": "medium",
        "query_len": 18
    },
    {
        "db_id": "election_representative",
        "query": "SELECT T2.Name FROM election AS T1 JOIN representative AS T2 ON T1.Representative_ID  =  T2.Representative_ID ORDER BY votes DESC",
        "query_toks": [
            "SELECT",
            "T2.Name",
            "FROM",
            "election",
            "AS",
            "T1",
            "JOIN",
            "representative",
            "AS",
            "T2",
            "ON",
            "T1.Representative_ID",
            "=",
            "T2.Representative_ID",
            "ORDER",
            "BY",
            "votes",
            "DESC"
        ],
        "query_toks_no_value": [
            "select",
            "t2",
            ".",
            "name",
            "from",
            "election",
            "as",
            "t1",
            "join",
            "representative",
            "as",
            "t2",
            "on",
            "t1",
            ".",
            "representative_id",
            "=",
            "t2",
            ".",
            "representative_id",
            "order",
            "by",
            "votes",
            "desc"
        ],
        "question": "What are the names of representatives in descending order of votes?",
        "question_toks": [
            "What",
            "are",
            "the",
            "names",
            "of",
            "representatives",
            "in",
            "descending",
            "order",
            "of",
            "votes",
            "?"
        ],
        "sql": {
            "from": {
                "table_units": [
                    [
                        "table_unit",
                        0
                    ],
                    [
                        "table_unit",
                        1
                    ]
                ],
                "conds": [
                    [
                        false,
                        2,
                        [
                            0,
                            [
                                0,
                                2,
                                false
                            ],
                            null
                        ],
                        [
                            0,
                            8,
                            false
                        ],
                        null
                    ]
                ]
            },
            "select": [
                false,
                [
                    [
                        0,
                        [
                            0,
                            [
                                0,
                                9,
                                false
                            ],
                            null
                        ]
                    ]
                ]
            ],
            "where": [],
            "groupBy": [],
            "having": [],
            "orderBy": [
                "desc",
                [
                    [
                        0,
                        [
                            0,
                            4,
                            false
                        ],
                        null
                    ]
                ]
            ],
            "limit": null,
            "intersect": null,
            "union": null,
            "except": null
        },
        "complexity": "medium",
        "query_len": 18
    },
    {
        "db_id": "election_representative",
        "query": "SELECT T2.Party FROM election AS T1 JOIN representative AS T2 ON T1.Representative_ID  =  T2.Representative_ID ORDER BY votes ASC LIMIT 1",
        "query_toks": [
            "SELECT",
            "T2.Party",
            "FROM",
            "election",
            "AS",
            "T1",
            "JOIN",
            "representative",
            "AS",
            "T2",
            "ON",
            "T1.Representative_ID",
            "=",
            "T2.Representative_ID",
            "ORDER",
            "BY",
            "votes",
            "ASC",
            "LIMIT",
            "1"
        ],
        "query_toks_no_value": [
            "select",
            "t2",
            ".",
            "party",
            "from",
            "election",
            "as",
            "t1",
            "join",
            "representative",
            "as",
            "t2",
            "on",
            "t1",
            ".",
            "representative_id",
            "=",
            "t2",
            ".",
            "representative_id",
            "order",
            "by",
            "votes",
            "asc",
            "limit",
            "value"
        ],
        "question": "What is the party of the representative that has the smallest number of votes.",
        "question_toks": [
            "What",
            "is",
            "the",
            "party",
            "of",
            "the",
            "representative",
            "that",
            "has",
            "the",
            "smallest",
            "number",
            "of",
            "votes",
            "."
        ],
        "sql": {
            "from": {
                "table_units": [
                    [
                        "table_unit",
                        0
                    ],
                    [
                        "table_unit",
                        1
                    ]
                ],
                "conds": [
                    [
                        false,
                        2,
                        [
                            0,
                            [
                                0,
                                2,
                                false
                            ],
                            null
                        ],
                        [
                            0,
                            8,
                            false
                        ],
                        null
                    ]
                ]
            },
            "select": [
                false,
                [
                    [
                        0,
                        [
                            0,
                            [
                                0,
                                11,
                                false
                            ],
                            null
                        ]
                    ]
                ]
            ],
            "where": [],
            "groupBy": [],
            "having": [],
            "orderBy": [
                "asc",
                [
                    [
                        0,
                        [
                            0,
                            4,
                            false
                        ],
                        null
                    ]
                ]
            ],
            "limit": 1,
            "intersect": null,
            "union": null,
            "except": null
        },
        "complexity": "hard",
        "query_len": 20
    },
    {
        "db_id": "election_representative",
        "query": "SELECT Party ,  COUNT(*) FROM representative GROUP BY Party ORDER BY COUNT(*) DESC LIMIT 1",
        "query_toks": [
            "SELECT",
            "Party",
            ",",
            "COUNT",
            "(",
            "*",
            ")",
            "FROM",
            "representative",
            "GROUP",
            "BY",
            "Party",
            "ORDER",
            "BY",
            "COUNT",
            "(",
            "*",
            ")",
            "DESC",
            "LIMIT",
            "1"
        ],
        "query_toks_no_value": [
            "select",
            "party",
            ",",
            "count",
            "(",
            "*",
            ")",
            "from",
            "representative",
            "group",
            "by",
            "party",
            "order",
            "by",
            "count",
            "(",
            "*",
            ")",
            "desc",
            "limit",
            "value"
        ],
        "question": "What is the party that has the largest number of representatives?",
        "question_toks": [
            "What",
            "is",
            "the",
            "party",
            "that",
            "has",
            "the",
            "largest",
            "number",
            "of",
            "representatives",
            "?"
        ],
        "sql": {
            "from": {
                "table_units": [
                    [
                        "table_unit",
                        1
                    ]
                ],
                "conds": []
            },
            "select": [
                false,
                [
                    [
                        0,
                        [
                            0,
                            [
                                0,
                                11,
                                false
                            ],
                            null
                        ]
                    ],
                    [
                        3,
                        [
                            0,
                            [
                                0,
                                0,
                                false
                            ],
                            null
                        ]
                    ]
                ]
            ],
            "where": [],
            "groupBy": [
                [
                    0,
                    11,
                    false
                ]
            ],
            "having": [],
            "orderBy": [
                "desc",
                [
                    [
                        0,
                        [
                            3,
                            0,
                            false
                        ],
                        null
                    ]
                ]
            ],
            "limit": 1,
            "intersect": null,
            "union": null,
            "except": null
        },
        "complexity": "hard",
        "query_len": 21
    },
    {
        "db_id": "election_representative",
        "query": "SELECT Party FROM representative WHERE State  =  \"New York\" INTERSECT SELECT Party FROM representative WHERE State  =  \"Pennsylvania\"",
        "query_toks": [
            "SELECT",
            "Party",
            "FROM",
            "representative",
            "WHERE",
            "State",
            "=",
            "``",
            "New",
            "York",
            "''",
            "INTERSECT",
            "SELECT",
            "Party",
            "FROM",
            "representative",
            "WHERE",
            "State",
            "=",
            "``",
            "Pennsylvania",
            "''"
        ],
        "query_toks_no_value": [
            "select",
            "party",
            "from",
            "representative",
            "where",
            "state",
            "=",
            "value",
            "intersect",
            "select",
            "party",
            "from",
            "representative",
            "where",
            "state",
            "=",
            "value"
        ],
        "question": "Show the parties that have both representatives in New York state and representatives in Pennsylvania state.",
        "question_toks": [
            "Show",
            "the",
            "parties",
            "that",
            "have",
            "both",
            "representatives",
            "in",
            "New",
            "York",
            "state",
            "and",
            "representatives",
            "in",
            "Pennsylvania",
            "state",
            "."
        ],
        "sql": {
            "from": {
                "table_units": [
                    [
                        "table_unit",
                        1
                    ]
                ],
                "conds": []
            },
            "select": [
                false,
                [
                    [
                        0,
                        [
                            0,
                            [
                                0,
                                11,
                                false
                            ],
                            null
                        ]
                    ]
                ]
            ],
            "where": [
                [
                    false,
                    2,
                    [
                        0,
                        [
                            0,
                            10,
                            false
                        ],
                        null
                    ],
                    "\"New York\"",
                    null
                ]
            ],
            "groupBy": [],
            "having": [],
            "orderBy": [],
            "limit": null,
            "intersect": {
                "from": {
                    "table_units": [
                        [
                            "table_unit",
                            1
                        ]
                    ],
                    "conds": []
                },
                "select": [
                    false,
                    [
                        [
                            0,
                            [
                                0,
                                [
                                    0,
                                    11,
                                    false
                                ],
                                null
                            ]
                        ]
                    ]
                ],
                "where": [
                    [
                        false,
                        2,
                        [
                            0,
                            [
                                0,
                                10,
                                false
                            ],
                            null
                        ],
                        "\"Pennsylvania\"",
                        null
                    ]
                ],
                "groupBy": [],
                "having": [],
                "orderBy": [],
                "limit": null,
                "intersect": null,
                "union": null,
                "except": null
            },
            "union": null,
            "except": null
        },
        "complexity": "hard",
        "query_len": 22
    }
]