[
    {
        "db_id": "entertainment_awards",
        "query": "SELECT count(*) FROM artwork",
        "query_toks": [
            "SELECT",
            "count",
            "(",
            "*",
            ")",
            "FROM",
            "artwork"
        ],
        "query_toks_no_value": [
            "select",
            "count",
            "(",
            "*",
            ")",
            "from",
            "artwork"
        ],
        "question": "How many artworks are there?",
        "question_toks": [
            "How",
            "many",
            "artworks",
            "are",
            "there",
            "?"
        ],
        "sql": {
            "from": {
                "table_units": [
                    [
                        "table_unit",
                        1
                    ]
                ],
                "conds": []
            },
            "select": [
                false,
                [
                    [
                        3,
                        [
                            0,
                            [
                                0,
                                0,
                                false
                            ],
                            null
                        ]
                    ]
                ]
            ],
            "where": [],
            "groupBy": [],
            "having": [],
            "orderBy": [],
            "limit": null,
            "intersect": null,
            "union": null,
            "except": null
        },
        "complexity": "easy",
        "query_len": 7
    },
    {
        "db_id": "entertainment_awards",
        "query": "SELECT avg(Num_of_Audience) FROM festival_detail",
        "query_toks": [
            "SELECT",
            "avg",
            "(",
            "Num_of_Audience",
            ")",
            "FROM",
            "festival_detail"
        ],
        "query_toks_no_value": [
            "select",
            "avg",
            "(",
            "num_of_audience",
            ")",
            "from",
            "festival_detail"
        ],
        "question": "What is the average number of audience for festivals?",
        "question_toks": [
            "What",
            "is",
            "the",
            "average",
            "number",
            "of",
            "audience",
            "for",
            "festivals",
            "?"
        ],
        "sql": {
            "from": {
                "table_units": [
                    [
                        "table_unit",
                        0
                    ]
                ],
                "conds": []
            },
            "select": [
                false,
                [
                    [
                        5,
                        [
                            0,
                            [
                                0,
                                6,
                                false
                            ],
                            null
                        ]
                    ]
                ]
            ],
            "where": [],
            "groupBy": [],
            "having": [],
            "orderBy": [],
            "limit": null,
            "intersect": null,
            "union": null,
            "except": null
        },
        "complexity": "easy",
        "query_len": 7
    },
    {
        "db_id": "entertainment_awards",
        "query": "SELECT sum(Num_of_Audience) FROM festival_detail",
        "query_toks": [
            "SELECT",
            "sum",
            "(",
            "Num_of_Audience",
            ")",
            "FROM",
            "festival_detail"
        ],
        "query_toks_no_value": [
            "select",
            "sum",
            "(",
            "num_of_audience",
            ")",
            "from",
            "festival_detail"
        ],
        "question": "What are the total number of the audiences who visited any of the festivals?",
        "question_toks": [
            "What",
            "are",
            "the",
            "total",
            "number",
            "of",
            "the",
            "audiences",
            "who",
            "visited",
            "any",
            "of",
            "the",
            "festivals",
            "?"
        ],
        "sql": {
            "from": {
                "table_units": [
                    [
                        "table_unit",
                        0
                    ]
                ],
                "conds": []
            },
            "select": [
                false,
                [
                    [
                        4,
                        [
                            0,
                            [
                                0,
                                6,
                                false
                            ],
                            null
                        ]
                    ]
                ]
            ],
            "where": [],
            "groupBy": [],
            "having": [],
            "orderBy": [],
            "limit": null,
            "intersect": null,
            "union": null,
            "except": null
        },
        "complexity": "easy",
        "query_len": 7
    },
    {
        "db_id": "entertainment_awards",
        "query": "SELECT Chair_Name FROM festival_detail ORDER BY YEAR ASC",
        "query_toks": [
            "SELECT",
            "Chair_Name",
            "FROM",
            "festival_detail",
            "ORDER",
            "BY",
            "YEAR",
            "ASC"
        ],
        "query_toks_no_value": [
            "select",
            "chair_name",
            "from",
            "festival_detail",
            "order",
            "by",
            "year",
            "asc"
        ],
        "question": "What are the names of the chairs of festivals, sorted in ascending order of the year held?",
        "question_toks": [
            "What",
            "are",
            "the",
            "names",
            "of",
            "the",
            "chairs",
            "of",
            "festivals",
            ",",
            "sorted",
            "in",
            "ascending",
            "order",
            "of",
            "the",
            "year",
            "held",
            "?"
        ],
        "sql": {
            "from": {
                "table_units": [
                    [
                        "table_unit",
                        0
                    ]
                ],
                "conds": []
            },
            "select": [
                false,
                [
                    [
                        0,
                        [
                            0,
                            [
                                0,
                                3,
                                false
                            ],
                            null
                        ]
                    ]
                ]
            ],
            "where": [],
            "groupBy": [],
            "having": [],
            "orderBy": [
                "asc",
                [
                    [
                        0,
                        [
                            0,
                            5,
                            false
                        ],
                        null
                    ]
                ]
            ],
            "limit": null,
            "intersect": null,
            "union": null,
            "except": null
        },
        "complexity": "easy",
        "query_len": 8
    },
    {
        "db_id": "entertainment_awards",
        "query": "SELECT Festival_Name FROM festival_detail WHERE YEAR  =  2007",
        "query_toks": [
            "SELECT",
            "Festival_Name",
            "FROM",
            "festival_detail",
            "WHERE",
            "YEAR",
            "=",
            "2007"
        ],
        "query_toks_no_value": [
            "select",
            "festival_name",
            "from",
            "festival_detail",
            "where",
            "year",
            "=",
            "value"
        ],
        "question": "What are the names of festivals held in year 2007?",
        "question_toks": [
            "What",
            "are",
            "the",
            "names",
            "of",
            "festivals",
            "held",
            "in",
            "year",
            "2007",
            "?"
        ],
        "sql": {
            "from": {
                "table_units": [
                    [
                        "table_unit",
                        0
                    ]
                ],
                "conds": []
            },
            "select": [
                false,
                [
                    [
                        0,
                        [
                            0,
                            [
                                0,
                                2,
                                false
                            ],
                            null
                        ]
                    ]
                ]
            ],
            "where": [
                [
                    false,
                    2,
                    [
                        0,
                        [
                            0,
                            5,
                            false
                        ],
                        null
                    ],
                    2007.0,
                    null
                ]
            ],
            "groupBy": [],
            "having": [],
            "orderBy": [],
            "limit": null,
            "intersect": null,
            "union": null,
            "except": null
        },
        "complexity": "easy",
        "query_len": 8
    },
    {
        "db_id": "entertainment_awards",
        "query": "SELECT LOCATION FROM festival_detail ORDER BY Num_of_Audience DESC LIMIT 1",
        "query_toks": [
            "SELECT",
            "LOCATION",
            "FROM",
            "festival_detail",
            "ORDER",
            "BY",
            "Num_of_Audience",
            "DESC",
            "LIMIT",
            "1"
        ],
        "query_toks_no_value": [
            "select",
            "location",
            "from",
            "festival_detail",
            "order",
            "by",
            "num_of_audience",
            "desc",
            "limit",
            "value"
        ],
        "question": "What is the location of the festival with the largest number of audience?",
        "question_toks": [
            "What",
            "is",
            "the",
            "location",
            "of",
            "the",
            "festival",
            "with",
            "the",
            "largest",
            "number",
            "of",
            "audience",
            "?"
        ],
        "sql": {
            "from": {
                "table_units": [
                    [
                        "table_unit",
                        0
                    ]
                ],
                "conds": []
            },
            "select": [
                false,
                [
                    [
                        0,
                        [
                            0,
                            [
                                0,
                                4,
                                false
                            ],
                            null
                        ]
                    ]
                ]
            ],
            "where": [],
            "groupBy": [],
            "having": [],
            "orderBy": [
                "desc",
                [
                    [
                        0,
                        [
                            0,
                            6,
                            false
                        ],
                        null
                    ]
                ]
            ],
            "limit": 1,
            "intersect": null,
            "union": null,
            "except": null
        },
        "complexity": "medium",
        "query_len": 10
    },
    {
        "db_id": "entertainment_awards",
        "query": "SELECT TYPE ,  COUNT(*) FROM artwork GROUP BY TYPE",
        "query_toks": [
            "SELECT",
            "TYPE",
            ",",
            "COUNT",
            "(",
            "*",
            ")",
            "FROM",
            "artwork",
            "GROUP",
            "BY",
            "TYPE"
        ],
        "query_toks_no_value": [
            "select",
            "type",
            ",",
            "count",
            "(",
            "*",
            ")",
            "from",
            "artwork",
            "group",
            "by",
            "type"
        ],
        "question": "Please show different types of artworks with the corresponding number of artworks of each type.",
        "question_toks": [
            "Please",
            "show",
            "different",
            "types",
            "of",
            "artworks",
            "with",
            "the",
            "corresponding",
            "number",
            "of",
            "artworks",
            "of",
            "each",
            "type",
            "."
        ],
        "sql": {
            "from": {
                "table_units": [
                    [
                        "table_unit",
                        1
                    ]
                ],
                "conds": []
            },
            "select": [
                false,
                [
                    [
                        0,
                        [
                            0,
                            [
                                0,
                                8,
                                false
                            ],
                            null
                        ]
                    ],
                    [
                        3,
                        [
                            0,
                            [
                                0,
                                0,
                                false
                            ],
                            null
                        ]
                    ]
                ]
            ],
            "where": [],
            "groupBy": [
                [
                    0,
                    8,
                    false
                ]
            ],
            "having": [],
            "orderBy": [],
            "limit": null,
            "intersect": null,
            "union": null,
            "except": null
        },
        "complexity": "medium",
        "query_len": 12
    },
    {
        "db_id": "entertainment_awards",
        "query": "SELECT Num_of_Audience FROM festival_detail WHERE YEAR  =  2008 OR YEAR  =  2010",
        "query_toks": [
            "SELECT",
            "Num_of_Audience",
            "FROM",
            "festival_detail",
            "WHERE",
            "YEAR",
            "=",
            "2008",
            "OR",
            "YEAR",
            "=",
            "2010"
        ],
        "query_toks_no_value": [
            "select",
            "num_of_audience",
            "from",
            "festival_detail",
            "where",
            "year",
            "=",
            "value",
            "or",
            "year",
            "=",
            "value"
        ],
        "question": "Show the number of audience in year 2008 or 2010.",
        "question_toks": [
            "Show",
            "the",
            "number",
            "of",
            "audience",
            "in",
            "year",
            "2008",
            "or",
            "2010",
            "."
        ],
        "sql": {
            "from": {
                "table_units": [
                    [
                        "table_unit",
                        0
                    ]
                ],
                "conds": []
            },
            "select": [
                false,
                [
                    [
                        0,
                        [
                            0,
                            [
                                0,
                                6,
                                false
                            ],
                            null
                        ]
                    ]
                ]
            ],
            "where": [
                [
                    false,
                    2,
                    [
                        0,
                        [
                            0,
                            5,
                            false
                        ],
                        null
                    ],
                    2008.0,
                    null
                ],
                "or",
                [
                    false,
                    2,
                    [
                        0,
                        [
                            0,
                            5,
                            false
                        ],
                        null
                    ],
                    2010.0,
                    null
                ]
            ],
            "groupBy": [],
            "having": [],
            "orderBy": [],
            "limit": null,
            "intersect": null,
            "union": null,
            "except": null
        },
        "complexity": "medium",
        "query_len": 12
    },
    {
        "db_id": "entertainment_awards",
        "query": "SELECT Name FROM artwork WHERE TYPE != \"Program Talent Show\"",
        "query_toks": [
            "SELECT",
            "Name",
            "FROM",
            "artwork",
            "WHERE",
            "TYPE",
            "!",
            "=",
            "``",
            "Program",
            "Talent",
            "Show",
            "''"
        ],
        "query_toks_no_value": [
            "select",
            "name",
            "from",
            "artwork",
            "where",
            "type",
            "!",
            "=",
            "value"
        ],
        "question": "List the name of artworks whose type is not \"Program Talent Show\".",
        "question_toks": [
            "List",
            "the",
            "name",
            "of",
            "artworks",
            "whose",
            "type",
            "is",
            "not",
            "``",
            "Program",
            "Talent",
            "Show",
            "''",
            "."
        ],
        "sql": {
            "from": {
                "table_units": [
                    [
                        "table_unit",
                        1
                    ]
                ],
                "conds": []
            },
            "select": [
                false,
                [
                    [
                        0,
                        [
                            0,
                            [
                                0,
                                9,
                                false
                            ],
                            null
                        ]
                    ]
                ]
            ],
            "where": [
                [
                    false,
                    7,
                    [
                        0,
                        [
                            0,
                            8,
                            false
                        ],
                        null
                    ],
                    "\"Program Talent Show\"",
                    null
                ]
            ],
            "groupBy": [],
            "having": [],
            "orderBy": [],
            "limit": null,
            "intersect": null,
            "union": null,
            "except": null
        },
        "complexity": "easy",
        "query_len": 13
    },
    {
        "db_id": "entertainment_awards",
        "query": "SELECT YEAR FROM festival_detail GROUP BY YEAR HAVING COUNT(*)  >  1",
        "query_toks": [
            "SELECT",
            "YEAR",
            "FROM",
            "festival_detail",
            "GROUP",
            "BY",
            "YEAR",
            "HAVING",
            "COUNT",
            "(",
            "*",
            ")",
            ">",
            "1"
        ],
        "query_toks_no_value": [
            "select",
            "year",
            "from",
            "festival_detail",
            "group",
            "by",
            "year",
            "having",
            "count",
            "(",
            "*",
            ")",
            ">",
            "value"
        ],
        "question": "List the year in which there are more than one festivals.",
        "question_toks": [
            "List",
            "the",
            "year",
            "in",
            "which",
            "there",
            "are",
            "more",
            "than",
            "one",
            "festivals",
            "."
        ],
        "sql": {
            "from": {
                "table_units": [
                    [
                        "table_unit",
                        0
                    ]
                ],
                "conds": []
            },
            "select": [
                false,
                [
                    [
                        0,
                        [
                            0,
                            [
                                0,
                                5,
                                false
                            ],
                            null
                        ]
                    ]
                ]
            ],
            "where": [],
            "groupBy": [
                [
                    0,
                    5,
                    false
                ]
            ],
            "having": [
                [
                    false,
                    3,
                    [
                        0,
                        [
                            3,
                            0,
                            false
                        ],
                        null
                    ],
                    1.0,
                    null
                ]
            ],
            "orderBy": [],
            "limit": null,
            "intersect": null,
            "union": null,
            "except": null
        },
        "complexity": "easy",
        "query_len": 14
    },
    {
        "db_id": "entertainment_awards",
        "query": "SELECT TYPE FROM artwork GROUP BY TYPE ORDER BY COUNT(*) DESC LIMIT 1",
        "query_toks": [
            "SELECT",
            "TYPE",
            "FROM",
            "artwork",
            "GROUP",
            "BY",
            "TYPE",
            "ORDER",
            "BY",
            "COUNT",
            "(",
            "*",
            ")",
            "DESC",
            "LIMIT",
            "1"
        ],
        "query_toks_no_value": [
            "select",
            "type",
            "from",
            "artwork",
            "group",
            "by",
            "type",
            "order",
            "by",
            "count",
            "(",
            "*",
            ")",
            "desc",
            "limit",
            "value"
        ],
        "question": "List the most common type of artworks.",
        "question_toks": [
            "List",
            "the",
            "most",
            "common",
            "type",
            "of",
            "artworks",
            "."
        ],
        "sql": {
            "from": {
                "table_units": [
                    [
                        "table_unit",
                        1
                    ]
                ],
                "conds": []
            },
            "select": [
                false,
                [
                    [
                        0,
                        [
                            0,
                            [
                                0,
                                8,
                                false
                            ],
                            null
                        ]
                    ]
                ]
            ],
            "where": [],
            "groupBy": [
                [
                    0,
                    8,
                    false
                ]
            ],
            "having": [],
            "orderBy": [
                "desc",
                [
                    [
                        0,
                        [
                            3,
                            0,
                            false
                        ],
                        null
                    ]
                ]
            ],
            "limit": 1,
            "intersect": null,
            "union": null,
            "except": null
        },
        "complexity": "hard",
        "query_len": 16
    },
    {
        "db_id": "entertainment_awards",
        "query": "SELECT YEAR FROM festival_detail WHERE LOCATION  =  'United States' INTERSECT SELECT YEAR FROM festival_detail WHERE LOCATION != 'United States'",
        "query_toks": [
            "SELECT",
            "YEAR",
            "FROM",
            "festival_detail",
            "WHERE",
            "LOCATION",
            "=",
            "'United",
            "States",
            "'",
            "INTERSECT",
            "SELECT",
            "YEAR",
            "FROM",
            "festival_detail",
            "WHERE",
            "LOCATION",
            "!",
            "=",
            "'United",
            "States",
            "'"
        ],
        "query_toks_no_value": [
            "select",
            "year",
            "from",
            "festival_detail",
            "where",
            "location",
            "=",
            "value",
            "intersect",
            "select",
            "year",
            "from",
            "festival_detail",
            "where",
            "location",
            "!",
            "=",
            "value"
        ],
        "question": "In which year are there festivals both inside the 'United States' and outside the 'United States'?",
        "question_toks": [
            "In",
            "which",
            "year",
            "are",
            "there",
            "festivals",
            "both",
            "inside",
            "the",
            "'United",
            "States",
            "'",
            "and",
            "outside",
            "the",
            "'United",
            "States",
            "'",
            "?"
        ],
        "sql": {
            "from": {
                "table_units": [
                    [
                        "table_unit",
                        0
                    ]
                ],
                "conds": []
            },
            "select": [
                false,
                [
                    [
                        0,
                        [
                            0,
                            [
                                0,
                                5,
                                false
                            ],
                            null
                        ]
                    ]
                ]
            ],
            "where": [
                [
                    false,
                    2,
                    [
                        0,
                        [
                            0,
                            4,
                            false
                        ],
                        null
                    ],
                    "\"United States\"",
                    null
                ]
            ],
            "groupBy": [],
            "having": [],
            "orderBy": [],
            "limit": null,
            "intersect": {
                "from": {
                    "table_units": [
                        [
                            "table_unit",
                            0
                        ]
                    ],
                    "conds": []
                },
                "select": [
                    false,
                    [
                        [
                            0,
                            [
                                0,
                                [
                                    0,
                                    5,
                                    false
                                ],
                                null
                            ]
                        ]
                    ]
                ],
                "where": [
                    [
                        false,
                        7,
                        [
                            0,
                            [
                                0,
                                4,
                                false
                            ],
                            null
                        ],
                        "\"United States\"",
                        null
                    ]
                ],
                "groupBy": [],
                "having": [],
                "orderBy": [],
                "limit": null,
                "intersect": null,
                "union": null,
                "except": null
            },
            "union": null,
            "except": null
        },
        "complexity": "hard",
        "query_len": 22
    },
    {
        "db_id": "entertainment_awards",
        "query": "SELECT T2.Name ,  T3.Festival_Name FROM nomination AS T1 JOIN artwork AS T2 ON T1.Artwork_ID  =  T2.Artwork_ID JOIN festival_detail AS T3 ON T1.Festival_ID  =  T3.Festival_ID",
        "query_toks": [
            "SELECT",
            "T2.Name",
            ",",
            "T3.Festival_Name",
            "FROM",
            "nomination",
            "AS",
            "T1",
            "JOIN",
            "artwork",
            "AS",
            "T2",
            "ON",
            "T1.Artwork_ID",
            "=",
            "T2.Artwork_ID",
            "JOIN",
            "festival_detail",
            "AS",
            "T3",
            "ON",
            "T1.Festival_ID",
            "=",
            "T3.Festival_ID"
        ],
        "query_toks_no_value": [
            "select",
            "t2",
            ".",
            "name",
            ",",
            "t3",
            ".",
            "festival_name",
            "from",
            "nomination",
            "as",
            "t1",
            "join",
            "artwork",
            "as",
            "t2",
            "on",
            "t1",
            ".",
            "artwork_id",
            "=",
            "t2",
            ".",
            "artwork_id",
            "join",
            "festival_detail",
            "as",
            "t3",
            "on",
            "t1",
            ".",
            "festival_id",
            "=",
            "t3",
            ".",
            "festival_id"
        ],
        "question": "For each nomination, show the name of the artwork and name of the festival where it is nominated.",
        "question_toks": [
            "For",
            "each",
            "nomination",
            ",",
            "show",
            "the",
            "name",
            "of",
            "the",
            "artwork",
            "and",
            "name",
            "of",
            "the",
            "festival",
            "where",
            "it",
            "is",
            "nominated",
            "."
        ],
        "sql": {
            "from": {
                "table_units": [
                    [
                        "table_unit",
                        2
                    ],
                    [
                        "table_unit",
                        1
                    ],
                    [
                        "table_unit",
                        0
                    ]
                ],
                "conds": [
                    [
                        false,
                        2,
                        [
                            0,
                            [
                                0,
                                10,
                                false
                            ],
                            null
                        ],
                        [
                            0,
                            7,
                            false
                        ],
                        null
                    ],
                    "and",
                    [
                        false,
                        2,
                        [
                            0,
                            [
                                0,
                                11,
                                false
                            ],
                            null
                        ],
                        [
                            0,
                            1,
                            false
                        ],
                        null
                    ]
                ]
            },
            "select": [
                false,
                [
                    [
                        0,
                        [
                            0,
                            [
                                0,
                                9,
                                false
                            ],
                            null
                        ]
                    ],
                    [
                        0,
                        [
                            0,
                            [
                                0,
                                2,
                                false
                            ],
                            null
                        ]
                    ]
                ]
            ],
            "where": [],
            "groupBy": [],
            "having": [],
            "orderBy": [],
            "limit": null,
            "intersect": null,
            "union": null,
            "except": null
        },
        "complexity": "medium",
        "query_len": 24
    },
    {
        "db_id": "entertainment_awards",
        "query": "SELECT DISTINCT T2.Type FROM nomination AS T1 JOIN artwork AS T2 ON T1.Artwork_ID  =  T2.Artwork_ID JOIN festival_detail AS T3 ON T1.Festival_ID  =  T3.Festival_ID WHERE T3.Year  =  2007",
        "query_toks": [
            "SELECT",
            "DISTINCT",
            "T2.Type",
            "FROM",
            "nomination",
            "AS",
            "T1",
            "JOIN",
            "artwork",
            "AS",
            "T2",
            "ON",
            "T1.Artwork_ID",
            "=",
            "T2.Artwork_ID",
            "JOIN",
            "festival_detail",
            "AS",
            "T3",
            "ON",
            "T1.Festival_ID",
            "=",
            "T3.Festival_ID",
            "WHERE",
            "T3.Year",
            "=",
            "2007"
        ],
        "query_toks_no_value": [
            "select",
            "distinct",
            "t2",
            ".",
            "type",
            "from",
            "nomination",
            "as",
            "t1",
            "join",
            "artwork",
            "as",
            "t2",
            "on",
            "t1",
            ".",
            "artwork_id",
            "=",
            "t2",
            ".",
            "artwork_id",
            "join",
            "festival_detail",
            "as",
            "t3",
            "on",
            "t1",
            ".",
            "festival_id",
            "=",
            "t3",
            ".",
            "festival_id",
            "where",
            "t3",
            ".",
            "year",
            "=",
            "value"
        ],
        "question": "Show distinct types of artworks that are nominated in festivals in 2007.",
        "question_toks": [
            "Show",
            "distinct",
            "types",
            "of",
            "artworks",
            "that",
            "are",
            "nominated",
            "in",
            "festivals",
            "in",
            "2007",
            "."
        ],
        "sql": {
            "from": {
                "table_units": [
                    [
                        "table_unit",
                        2
                    ],
                    [
                        "table_unit",
                        1
                    ],
                    [
                        "table_unit",
                        0
                    ]
                ],
                "conds": [
                    [
                        false,
                        2,
                        [
                            0,
                            [
                                0,
                                10,
                                false
                            ],
                            null
                        ],
                        [
                            0,
                            7,
                            false
                        ],
                        null
                    ],
                    "and",
                    [
                        false,
                        2,
                        [
                            0,
                            [
                                0,
                                11,
                                false
                            ],
                            null
                        ],
                        [
                            0,
                            1,
                            false
                        ],
                        null
                    ]
                ]
            },
            "select": [
                true,
                [
                    [
                        0,
                        [
                            0,
                            [
                                0,
                                8,
                                false
                            ],
                            null
                        ]
                    ]
                ]
            ],
            "where": [
                [
                    false,
                    2,
                    [
                        0,
                        [
                            0,
                            5,
                            false
                        ],
                        null
                    ],
                    2007.0,
                    null
                ]
            ],
            "groupBy": [],
            "having": [],
            "orderBy": [],
            "limit": null,
            "intersect": null,
            "union": null,
            "except": null
        },
        "complexity": "hard",
        "query_len": 27
    },
    {
        "db_id": "entertainment_awards",
        "query": "SELECT T3.Festival_Name FROM nomination AS T1 JOIN artwork AS T2 ON T1.Artwork_ID  =  T2.Artwork_ID JOIN festival_detail AS T3 ON T1.Festival_ID  =  T3.Festival_ID WHERE T2.Type  =  \"Program Talent Show\"",
        "query_toks": [
            "SELECT",
            "T3.Festival_Name",
            "FROM",
            "nomination",
            "AS",
            "T1",
            "JOIN",
            "artwork",
            "AS",
            "T2",
            "ON",
            "T1.Artwork_ID",
            "=",
            "T2.Artwork_ID",
            "JOIN",
            "festival_detail",
            "AS",
            "T3",
            "ON",
            "T1.Festival_ID",
            "=",
            "T3.Festival_ID",
            "WHERE",
            "T2.Type",
            "=",
            "``",
            "Program",
            "Talent",
            "Show",
            "''"
        ],
        "query_toks_no_value": [
            "select",
            "t3",
            ".",
            "festival_name",
            "from",
            "nomination",
            "as",
            "t1",
            "join",
            "artwork",
            "as",
            "t2",
            "on",
            "t1",
            ".",
            "artwork_id",
            "=",
            "t2",
            ".",
            "artwork_id",
            "join",
            "festival_detail",
            "as",
            "t3",
            "on",
            "t1",
            ".",
            "festival_id",
            "=",
            "t3",
            ".",
            "festival_id",
            "where",
            "t2",
            ".",
            "type",
            "=",
            "value"
        ],
        "question": "Show the names of festivals that have nominated artworks of type \"Program Talent Show\".",
        "question_toks": [
            "Show",
            "the",
            "names",
            "of",
            "festivals",
            "that",
            "have",
            "nominated",
            "artworks",
            "of",
            "type",
            "``",
            "Program",
            "Talent",
            "Show",
            "''",
            "."
        ],
        "sql": {
            "from": {
                "table_units": [
                    [
                        "table_unit",
                        2
                    ],
                    [
                        "table_unit",
                        1
                    ],
                    [
                        "table_unit",
                        0
                    ]
                ],
                "conds": [
                    [
                        false,
                        2,
                        [
                            0,
                            [
                                0,
                                10,
                                false
                            ],
                            null
                        ],
                        [
                            0,
                            7,
                            false
                        ],
                        null
                    ],
                    "and",
                    [
                        false,
                        2,
                        [
                            0,
                            [
                                0,
                                11,
                                false
                            ],
                            null
                        ],
                        [
                            0,
                            1,
                            false
                        ],
                        null
                    ]
                ]
            },
            "select": [
                false,
                [
                    [
                        0,
                        [
                            0,
                            [
                                0,
                                2,
                                false
                            ],
                            null
                        ]
                    ]
                ]
            ],
            "where": [
                [
                    false,
                    2,
                    [
                        0,
                        [
                            0,
                            8,
                            false
                        ],
                        null
                    ],
                    "\"Program Talent Show\"",
                    null
                ]
            ],
            "groupBy": [],
            "having": [],
            "orderBy": [],
            "limit": null,
            "intersect": null,
            "union": null,
            "except": null
        },
        "complexity": "hard",
        "query_len": 30
    },
    {
        "db_id": "entertainment_awards",
        "query": "SELECT T1.Festival_ID ,  T3.Festival_Name ,  COUNT(*) FROM nomination AS T1 JOIN artwork AS T2 ON T1.Artwork_ID  =  T2.Artwork_ID JOIN festival_detail AS T3 ON T1.Festival_ID  =  T3.Festival_ID GROUP BY T1.Festival_ID",
        "query_toks": [
            "SELECT",
            "T1.Festival_ID",
            ",",
            "T3.Festival_Name",
            ",",
            "COUNT",
            "(",
            "*",
            ")",
            "FROM",
            "nomination",
            "AS",
            "T1",
            "JOIN",
            "artwork",
            "AS",
            "T2",
            "ON",
            "T1.Artwork_ID",
            "=",
            "T2.Artwork_ID",
            "JOIN",
            "festival_detail",
            "AS",
            "T3",
            "ON",
            "T1.Festival_ID",
            "=",
            "T3.Festival_ID",
            "GROUP",
            "BY",
            "T1.Festival_ID"
        ],
        "query_toks_no_value": [
            "select",
            "t1",
            ".",
            "festival_id",
            ",",
            "t3",
            ".",
            "festival_name",
            ",",
            "count",
            "(",
            "*",
            ")",
            "from",
            "nomination",
            "as",
            "t1",
            "join",
            "artwork",
            "as",
            "t2",
            "on",
            "t1",
            ".",
            "artwork_id",
            "=",
            "t2",
            ".",
            "artwork_id",
            "join",
            "festival_detail",
            "as",
            "t3",
            "on",
            "t1",
            ".",
            "festival_id",
            "=",
            "t3",
            ".",
            "festival_id",
            "group",
            "by",
            "t1",
            ".",
            "festival_id"
        ],
        "question": "Show the id, name of each festival and the number of artworks it has nominated.",
        "question_toks": [
            "Show",
            "the",
            "id",
            ",",
            "name",
            "of",
            "each",
            "festival",
            "and",
            "the",
            "number",
            "of",
            "artworks",
            "it",
            "has",
            "nominated",
            "."
        ],
        "sql": {
            "from": {
                "table_units": [
                    [
                        "table_unit",
                        2
                    ],
                    [
                        "table_unit",
                        1
                    ],
                    [
                        "table_unit",
                        0
                    ]
                ],
                "conds": [
                    [
                        false,
                        2,
                        [
                            0,
                            [
                                0,
                                10,
                                false
                            ],
                            null
                        ],
                        [
                            0,
                            7,
                            false
                        ],
                        null
                    ],
                    "and",
                    [
                        false,
                        2,
                        [
                            0,
                            [
                                0,
                                11,
                                false
                            ],
                            null
                        ],
                        [
                            0,
                            1,
                            false
                        ],
                        null
                    ]
                ]
            },
            "select": [
                false,
                [
                    [
                        0,
                        [
                            0,
                            [
                                0,
                                11,
                                false
                            ],
                            null
                        ]
                    ],
                    [
                        0,
                        [
                            0,
                            [
                                0,
                                2,
                                false
                            ],
                            null
                        ]
                    ],
                    [
                        3,
                        [
                            0,
                            [
                                0,
                                0,
                                false
                            ],
                            null
                        ]
                    ]
                ]
            ],
            "where": [],
            "groupBy": [
                [
                    0,
                    11,
                    false
                ]
            ],
            "having": [],
            "orderBy": [],
            "limit": null,
            "intersect": null,
            "union": null,
            "except": null
        },
        "complexity": "hard",
        "query_len": 32
    }
]