[
    {
        "db_id": "flight_company",
        "query": "SELECT name FROM airport WHERE country != 'Iceland'",
        "query_toks": [
            "SELECT",
            "name",
            "FROM",
            "airport",
            "WHERE",
            "country",
            "!",
            "=",
            "'Iceland",
            "'"
        ],
        "query_toks_no_value": [
            "select",
            "name",
            "from",
            "airport",
            "where",
            "country",
            "!",
            "=",
            "value"
        ],
        "question": "What are the names of the airports which are not in the country 'Iceland'?",
        "question_toks": [
            "What",
            "are",
            "the",
            "names",
            "of",
            "the",
            "airports",
            "which",
            "are",
            "not",
            "in",
            "the",
            "country",
            "'Iceland",
            "'",
            "?"
        ],
        "sql": {
            "from": {
                "table_units": [
                    [
                        "table_unit",
                        0
                    ]
                ],
                "conds": []
            },
            "select": [
                false,
                [
                    [
                        0,
                        [
                            0,
                            [
                                0,
                                6,
                                false
                            ],
                            null
                        ]
                    ]
                ]
            ],
            "where": [
                [
                    false,
                    7,
                    [
                        0,
                        [
                            0,
                            3,
                            false
                        ],
                        null
                    ],
                    "\"Iceland\"",
                    null
                ]
            ],
            "groupBy": [],
            "having": [],
            "orderBy": [],
            "limit": null,
            "intersect": null,
            "union": null,
            "except": null
        },
        "complexity": "easy",
        "query_len": 10
    },
    {
        "db_id": "flight_company",
        "query": "SELECT count(*) FROM flight WHERE velocity  >  200",
        "query_toks": [
            "SELECT",
            "count",
            "(",
            "*",
            ")",
            "FROM",
            "flight",
            "WHERE",
            "velocity",
            ">",
            "200"
        ],
        "query_toks_no_value": [
            "select",
            "count",
            "(",
            "*",
            ")",
            "from",
            "flight",
            "where",
            "velocity",
            ">",
            "value"
        ],
        "question": "How many flights have a velocity larger than 200?",
        "question_toks": [
            "How",
            "many",
            "flights",
            "have",
            "a",
            "velocity",
            "larger",
            "than",
            "200",
            "?"
        ],
        "sql": {
            "from": {
                "table_units": [
                    [
                        "table_unit",
                        2
                    ]
                ],
                "conds": []
            },
            "select": [
                false,
                [
                    [
                        3,
                        [
                            0,
                            [
                                0,
                                0,
                                false
                            ],
                            null
                        ]
                    ]
                ]
            ],
            "where": [
                [
                    false,
                    3,
                    [
                        0,
                        [
                            0,
                            17,
                            false
                        ],
                        null
                    ],
                    200.0,
                    null
                ]
            ],
            "groupBy": [],
            "having": [],
            "orderBy": [],
            "limit": null,
            "intersect": null,
            "union": null,
            "except": null
        },
        "complexity": "easy",
        "query_len": 11
    },
    {
        "db_id": "flight_company",
        "query": "SELECT vehicle_flight_number ,  date ,  pilot FROM flight ORDER BY altitude ASC",
        "query_toks": [
            "SELECT",
            "vehicle_flight_number",
            ",",
            "date",
            ",",
            "pilot",
            "FROM",
            "flight",
            "ORDER",
            "BY",
            "altitude",
            "ASC"
        ],
        "query_toks_no_value": [
            "select",
            "vehicle_flight_number",
            ",",
            "date",
            ",",
            "pilot",
            "from",
            "flight",
            "order",
            "by",
            "altitude",
            "asc"
        ],
        "question": "List the vehicle flight number, date and pilot of all the flights, ordered by altitude.",
        "question_toks": [
            "List",
            "the",
            "vehicle",
            "flight",
            "number",
            ",",
            "date",
            "and",
            "pilot",
            "of",
            "all",
            "the",
            "flights",
            ",",
            "ordered",
            "by",
            "altitude",
            "."
        ],
        "sql": {
            "from": {
                "table_units": [
                    [
                        "table_unit",
                        2
                    ]
                ],
                "conds": []
            },
            "select": [
                false,
                [
                    [
                        0,
                        [
                            0,
                            [
                                0,
                                14,
                                false
                            ],
                            null
                        ]
                    ],
                    [
                        0,
                        [
                            0,
                            [
                                0,
                                15,
                                false
                            ],
                            null
                        ]
                    ],
                    [
                        0,
                        [
                            0,
                            [
                                0,
                                16,
                                false
                            ],
                            null
                        ]
                    ]
                ]
            ],
            "where": [],
            "groupBy": [],
            "having": [],
            "orderBy": [
                "asc",
                [
                    [
                        0,
                        [
                            0,
                            18,
                            false
                        ],
                        null
                    ]
                ]
            ],
            "limit": null,
            "intersect": null,
            "union": null,
            "except": null
        },
        "complexity": "medium",
        "query_len": 12
    },
    {
        "db_id": "flight_company",
        "query": "SELECT name FROM airport WHERE name LIKE '%international%'",
        "query_toks": [
            "SELECT",
            "name",
            "FROM",
            "airport",
            "WHERE",
            "name",
            "LIKE",
            "'",
            "%",
            "international",
            "%",
            "'"
        ],
        "query_toks_no_value": [
            "select",
            "name",
            "from",
            "airport",
            "where",
            "name",
            "like",
            "value"
        ],
        "question": "Which of the airport names contains the word 'international'?",
        "question_toks": [
            "Which",
            "of",
            "the",
            "airport",
            "names",
            "contains",
            "the",
            "word",
            "'international",
            "'",
            "?"
        ],
        "sql": {
            "from": {
                "table_units": [
                    [
                        "table_unit",
                        0
                    ]
                ],
                "conds": []
            },
            "select": [
                false,
                [
                    [
                        0,
                        [
                            0,
                            [
                                0,
                                6,
                                false
                            ],
                            null
                        ]
                    ]
                ]
            ],
            "where": [
                [
                    false,
                    9,
                    [
                        0,
                        [
                            0,
                            6,
                            false
                        ],
                        null
                    ],
                    "\"%international%\"",
                    null
                ]
            ],
            "groupBy": [],
            "having": [],
            "orderBy": [],
            "limit": null,
            "intersect": null,
            "union": null,
            "except": null
        },
        "complexity": "medium",
        "query_len": 12
    },
    {
        "db_id": "flight_company",
        "query": "SELECT count(*) ,  country FROM airport GROUP BY country",
        "query_toks": [
            "SELECT",
            "count",
            "(",
            "*",
            ")",
            ",",
            "country",
            "FROM",
            "airport",
            "GROUP",
            "BY",
            "country"
        ],
        "query_toks_no_value": [
            "select",
            "count",
            "(",
            "*",
            ")",
            ",",
            "country",
            "from",
            "airport",
            "group",
            "by",
            "country"
        ],
        "question": "how many airports are there in each country?",
        "question_toks": [
            "how",
            "many",
            "airports",
            "are",
            "there",
            "in",
            "each",
            "country",
            "?"
        ],
        "sql": {
            "from": {
                "table_units": [
                    [
                        "table_unit",
                        0
                    ]
                ],
                "conds": []
            },
            "select": [
                false,
                [
                    [
                        3,
                        [
                            0,
                            [
                                0,
                                0,
                                false
                            ],
                            null
                        ]
                    ],
                    [
                        0,
                        [
                            0,
                            [
                                0,
                                3,
                                false
                            ],
                            null
                        ]
                    ]
                ]
            ],
            "where": [],
            "groupBy": [
                [
                    0,
                    3,
                    false
                ]
            ],
            "having": [],
            "orderBy": [],
            "limit": null,
            "intersect": null,
            "union": null,
            "except": null
        },
        "complexity": "medium",
        "query_len": 12
    },
    {
        "db_id": "flight_company",
        "query": "SELECT id ,  country ,  city ,  name FROM airport ORDER BY name",
        "query_toks": [
            "SELECT",
            "id",
            ",",
            "country",
            ",",
            "city",
            ",",
            "name",
            "FROM",
            "airport",
            "ORDER",
            "BY",
            "name"
        ],
        "query_toks_no_value": [
            "select",
            "id",
            ",",
            "country",
            ",",
            "city",
            ",",
            "name",
            "from",
            "airport",
            "order",
            "by",
            "name"
        ],
        "question": "List the id, country, city and name of the airports ordered alphabetically by the name.",
        "question_toks": [
            "List",
            "the",
            "id",
            ",",
            "country",
            ",",
            "city",
            "and",
            "name",
            "of",
            "the",
            "airports",
            "ordered",
            "alphabetically",
            "by",
            "the",
            "name",
            "."
        ],
        "sql": {
            "from": {
                "table_units": [
                    [
                        "table_unit",
                        0
                    ]
                ],
                "conds": []
            },
            "select": [
                false,
                [
                    [
                        0,
                        [
                            0,
                            [
                                0,
                                1,
                                false
                            ],
                            null
                        ]
                    ],
                    [
                        0,
                        [
                            0,
                            [
                                0,
                                3,
                                false
                            ],
                            null
                        ]
                    ],
                    [
                        0,
                        [
                            0,
                            [
                                0,
                                2,
                                false
                            ],
                            null
                        ]
                    ],
                    [
                        0,
                        [
                            0,
                            [
                                0,
                                6,
                                false
                            ],
                            null
                        ]
                    ]
                ]
            ],
            "where": [],
            "groupBy": [],
            "having": [],
            "orderBy": [
                "asc",
                [
                    [
                        0,
                        [
                            0,
                            6,
                            false
                        ],
                        null
                    ]
                ]
            ],
            "limit": null,
            "intersect": null,
            "union": null,
            "except": null
        },
        "complexity": "medium",
        "query_len": 13
    },
    {
        "db_id": "flight_company",
        "query": "SELECT country FROM airport GROUP BY country HAVING count(*)  >  2",
        "query_toks": [
            "SELECT",
            "country",
            "FROM",
            "airport",
            "GROUP",
            "BY",
            "country",
            "HAVING",
            "count",
            "(",
            "*",
            ")",
            ">",
            "2"
        ],
        "query_toks_no_value": [
            "select",
            "country",
            "from",
            "airport",
            "group",
            "by",
            "country",
            "having",
            "count",
            "(",
            "*",
            ")",
            ">",
            "value"
        ],
        "question": "which countries have more than 2 airports?",
        "question_toks": [
            "which",
            "countries",
            "have",
            "more",
            "than",
            "2",
            "airports",
            "?"
        ],
        "sql": {
            "from": {
                "table_units": [
                    [
                        "table_unit",
                        0
                    ]
                ],
                "conds": []
            },
            "select": [
                false,
                [
                    [
                        0,
                        [
                            0,
                            [
                                0,
                                3,
                                false
                            ],
                            null
                        ]
                    ]
                ]
            ],
            "where": [],
            "groupBy": [
                [
                    0,
                    3,
                    false
                ]
            ],
            "having": [
                [
                    false,
                    3,
                    [
                        0,
                        [
                            3,
                            0,
                            false
                        ],
                        null
                    ],
                    2.0,
                    null
                ]
            ],
            "orderBy": [],
            "limit": null,
            "intersect": null,
            "union": null,
            "except": null
        },
        "complexity": "easy",
        "query_len": 14
    },
    {
        "db_id": "flight_company",
        "query": "SELECT pilot FROM flight GROUP BY pilot ORDER BY count(*) DESC LIMIT 1",
        "query_toks": [
            "SELECT",
            "pilot",
            "FROM",
            "flight",
            "GROUP",
            "BY",
            "pilot",
            "ORDER",
            "BY",
            "count",
            "(",
            "*",
            ")",
            "DESC",
            "LIMIT",
            "1"
        ],
        "query_toks_no_value": [
            "select",
            "pilot",
            "from",
            "flight",
            "group",
            "by",
            "pilot",
            "order",
            "by",
            "count",
            "(",
            "*",
            ")",
            "desc",
            "limit",
            "value"
        ],
        "question": "which pilot is in charge of the most number of flights?",
        "question_toks": [
            "which",
            "pilot",
            "is",
            "in",
            "charge",
            "of",
            "the",
            "most",
            "number",
            "of",
            "flights",
            "?"
        ],
        "sql": {
            "from": {
                "table_units": [
                    [
                        "table_unit",
                        2
                    ]
                ],
                "conds": []
            },
            "select": [
                false,
                [
                    [
                        0,
                        [
                            0,
                            [
                                0,
                                16,
                                false
                            ],
                            null
                        ]
                    ]
                ]
            ],
            "where": [],
            "groupBy": [
                [
                    0,
                    16,
                    false
                ]
            ],
            "having": [],
            "orderBy": [
                "desc",
                [
                    [
                        0,
                        [
                            3,
                            0,
                            false
                        ],
                        null
                    ]
                ]
            ],
            "limit": 1,
            "intersect": null,
            "union": null,
            "except": null
        },
        "complexity": "hard",
        "query_len": 16
    },
    {
        "db_id": "flight_company",
        "query": "SELECT DISTINCT T1.type FROM operate_company AS T1 JOIN flight AS t2 ON T1.id  =  T2.company_id WHERE T2.velocity  <  200",
        "query_toks": [
            "SELECT",
            "DISTINCT",
            "T1.type",
            "FROM",
            "operate_company",
            "AS",
            "T1",
            "JOIN",
            "flight",
            "AS",
            "t2",
            "ON",
            "T1.id",
            "=",
            "T2.company_id",
            "WHERE",
            "T2.velocity",
            "<",
            "200"
        ],
        "query_toks_no_value": [
            "select",
            "distinct",
            "t1",
            ".",
            "type",
            "from",
            "operate_company",
            "as",
            "t1",
            "join",
            "flight",
            "as",
            "t2",
            "on",
            "t1",
            ".",
            "id",
            "=",
            "t2",
            ".",
            "company_id",
            "where",
            "t2",
            ".",
            "velocity",
            "<",
            "value"
        ],
        "question": "What are the distinct types of the companies that have operated any flights with velocity less than 200?",
        "question_toks": [
            "What",
            "are",
            "the",
            "distinct",
            "types",
            "of",
            "the",
            "companies",
            "that",
            "have",
            "operated",
            "any",
            "flights",
            "with",
            "velocity",
            "less",
            "than",
            "200",
            "?"
        ],
        "sql": {
            "from": {
                "table_units": [
                    [
                        "table_unit",
                        1
                    ],
                    [
                        "table_unit",
                        2
                    ]
                ],
                "conds": [
                    [
                        false,
                        2,
                        [
                            0,
                            [
                                0,
                                7,
                                false
                            ],
                            null
                        ],
                        [
                            0,
                            20,
                            false
                        ],
                        null
                    ]
                ]
            },
            "select": [
                true,
                [
                    [
                        0,
                        [
                            0,
                            [
                                0,
                                9,
                                false
                            ],
                            null
                        ]
                    ]
                ]
            ],
            "where": [
                [
                    false,
                    4,
                    [
                        0,
                        [
                            0,
                            17,
                            false
                        ],
                        null
                    ],
                    200.0,
                    null
                ]
            ],
            "groupBy": [],
            "having": [],
            "orderBy": [],
            "limit": null,
            "intersect": null,
            "union": null,
            "except": null
        },
        "complexity": "medium",
        "query_len": 19
    },
    {
        "db_id": "flight_company",
        "query": "SELECT TYPE ,  count(*) FROM operate_company GROUP BY TYPE ORDER BY count(*) DESC LIMIT 1",
        "query_toks": [
            "SELECT",
            "TYPE",
            ",",
            "count",
            "(",
            "*",
            ")",
            "FROM",
            "operate_company",
            "GROUP",
            "BY",
            "TYPE",
            "ORDER",
            "BY",
            "count",
            "(",
            "*",
            ")",
            "DESC",
            "LIMIT",
            "1"
        ],
        "query_toks_no_value": [
            "select",
            "type",
            ",",
            "count",
            "(",
            "*",
            ")",
            "from",
            "operate_company",
            "group",
            "by",
            "type",
            "order",
            "by",
            "count",
            "(",
            "*",
            ")",
            "desc",
            "limit",
            "value"
        ],
        "question": "What is the most common company type, and how many are there?",
        "question_toks": [
            "What",
            "is",
            "the",
            "most",
            "common",
            "company",
            "type",
            ",",
            "and",
            "how",
            "many",
            "are",
            "there",
            "?"
        ],
        "sql": {
            "from": {
                "table_units": [
                    [
                        "table_unit",
                        1
                    ]
                ],
                "conds": []
            },
            "select": [
                false,
                [
                    [
                        0,
                        [
                            0,
                            [
                                0,
                                9,
                                false
                            ],
                            null
                        ]
                    ],
                    [
                        3,
                        [
                            0,
                            [
                                0,
                                0,
                                false
                            ],
                            null
                        ]
                    ]
                ]
            ],
            "where": [],
            "groupBy": [
                [
                    0,
                    9,
                    false
                ]
            ],
            "having": [],
            "orderBy": [
                "desc",
                [
                    [
                        0,
                        [
                            3,
                            0,
                            false
                        ],
                        null
                    ]
                ]
            ],
            "limit": 1,
            "intersect": null,
            "union": null,
            "except": null
        },
        "complexity": "hard",
        "query_len": 21
    },
    {
        "db_id": "flight_company",
        "query": "SELECT count(*) FROM airport WHERE id NOT IN ( SELECT airport_id FROM flight WHERE pilot  =  'Thompson' );",
        "query_toks": [
            "SELECT",
            "count",
            "(",
            "*",
            ")",
            "FROM",
            "airport",
            "WHERE",
            "id",
            "NOT",
            "IN",
            "(",
            "SELECT",
            "airport_id",
            "FROM",
            "flight",
            "WHERE",
            "pilot",
            "=",
            "'Thompson",
            "'",
            ")",
            ";"
        ],
        "query_toks_no_value": [
            "select",
            "count",
            "(",
            "*",
            ")",
            "from",
            "airport",
            "where",
            "id",
            "not",
            "in",
            "(",
            "select",
            "airport_id",
            "from",
            "flight",
            "where",
            "pilot",
            "=",
            "value",
            ")"
        ],
        "question": "How many airports haven't the pilot 'Thompson' driven an aircraft?",
        "question_toks": [
            "How",
            "many",
            "airports",
            "have",
            "n't",
            "the",
            "pilot",
            "'Thompson",
            "'",
            "driven",
            "an",
            "aircraft",
            "?"
        ],
        "sql": {
            "from": {
                "table_units": [
                    [
                        "table_unit",
                        0
                    ]
                ],
                "conds": []
            },
            "select": [
                false,
                [
                    [
                        3,
                        [
                            0,
                            [
                                0,
                                0,
                                false
                            ],
                            null
                        ]
                    ]
                ]
            ],
            "where": [
                [
                    true,
                    8,
                    [
                        0,
                        [
                            0,
                            1,
                            false
                        ],
                        null
                    ],
                    {
                        "from": {
                            "table_units": [
                                [
                                    "table_unit",
                                    2
                                ]
                            ],
                            "conds": []
                        },
                        "select": [
                            false,
                            [
                                [
                                    0,
                                    [
                                        0,
                                        [
                                            0,
                                            19,
                                            false
                                        ],
                                        null
                                    ]
                                ]
                            ]
                        ],
                        "where": [
                            [
                                false,
                                2,
                                [
                                    0,
                                    [
                                        0,
                                        16,
                                        false
                                    ],
                                    null
                                ],
                                "\"Thompson\"",
                                null
                            ]
                        ],
                        "groupBy": [],
                        "having": [],
                        "orderBy": [],
                        "limit": null,
                        "intersect": null,
                        "union": null,
                        "except": null
                    },
                    null
                ]
            ],
            "groupBy": [],
            "having": [],
            "orderBy": [],
            "limit": null,
            "intersect": null,
            "union": null,
            "except": null
        },
        "complexity": "extra",
        "query_len": 23
    },
    {
        "db_id": "flight_company",
        "query": "SELECT DISTINCT T2.pilot FROM airport AS T1 JOIN flight AS T2 ON T1.id  =  T2.airport_id WHERE T1.country  =  'United States' OR T1.name  =  'Billund Airport'",
        "query_toks": [
            "SELECT",
            "DISTINCT",
            "T2.pilot",
            "FROM",
            "airport",
            "AS",
            "T1",
            "JOIN",
            "flight",
            "AS",
            "T2",
            "ON",
            "T1.id",
            "=",
            "T2.airport_id",
            "WHERE",
            "T1.country",
            "=",
            "'United",
            "States",
            "'",
            "OR",
            "T1.name",
            "=",
            "'Billund",
            "Airport",
            "'"
        ],
        "query_toks_no_value": [
            "select",
            "distinct",
            "t2",
            ".",
            "pilot",
            "from",
            "airport",
            "as",
            "t1",
            "join",
            "flight",
            "as",
            "t2",
            "on",
            "t1",
            ".",
            "id",
            "=",
            "t2",
            ".",
            "airport_id",
            "where",
            "t1",
            ".",
            "country",
            "=",
            "value",
            "or",
            "t1",
            ".",
            "name",
            "=",
            "value"
        ],
        "question": "What are the different pilot names who had piloted a flight in the country 'United States' or in the airport named 'Billund Airport'?",
        "question_toks": [
            "What",
            "are",
            "the",
            "different",
            "pilot",
            "names",
            "who",
            "had",
            "piloted",
            "a",
            "flight",
            "in",
            "the",
            "country",
            "'United",
            "States",
            "'",
            "or",
            "in",
            "the",
            "airport",
            "named",
            "'Billund",
            "Airport",
            "'",
            "?"
        ],
        "sql": {
            "from": {
                "table_units": [
                    [
                        "table_unit",
                        0
                    ],
                    [
                        "table_unit",
                        2
                    ]
                ],
                "conds": [
                    [
                        false,
                        2,
                        [
                            0,
                            [
                                0,
                                1,
                                false
                            ],
                            null
                        ],
                        [
                            0,
                            19,
                            false
                        ],
                        null
                    ]
                ]
            },
            "select": [
                true,
                [
                    [
                        0,
                        [
                            0,
                            [
                                0,
                                16,
                                false
                            ],
                            null
                        ]
                    ]
                ]
            ],
            "where": [
                [
                    false,
                    2,
                    [
                        0,
                        [
                            0,
                            3,
                            false
                        ],
                        null
                    ],
                    "\"United States\"",
                    null
                ],
                "or",
                [
                    false,
                    2,
                    [
                        0,
                        [
                            0,
                            6,
                            false
                        ],
                        null
                    ],
                    "\"Billund Airport\"",
                    null
                ]
            ],
            "groupBy": [],
            "having": [],
            "orderBy": [],
            "limit": null,
            "intersect": null,
            "union": null,
            "except": null
        },
        "complexity": "hard",
        "query_len": 27
    },
    {
        "db_id": "flight_company",
        "query": "SELECT T1.id ,  T1.name ,  T1.IATA FROM airport AS T1 JOIN flight AS T2 ON T1.id  =  T2.airport_id GROUP BY T2.id ORDER BY count(*) DESC LIMIT 1",
        "query_toks": [
            "SELECT",
            "T1.id",
            ",",
            "T1.name",
            ",",
            "T1.IATA",
            "FROM",
            "airport",
            "AS",
            "T1",
            "JOIN",
            "flight",
            "AS",
            "T2",
            "ON",
            "T1.id",
            "=",
            "T2.airport_id",
            "GROUP",
            "BY",
            "T2.id",
            "ORDER",
            "BY",
            "count",
            "(",
            "*",
            ")",
            "DESC",
            "LIMIT",
            "1"
        ],
        "query_toks_no_value": [
            "select",
            "t1",
            ".",
            "id",
            ",",
            "t1",
            ".",
            "name",
            ",",
            "t1",
            ".",
            "iata",
            "from",
            "airport",
            "as",
            "t1",
            "join",
            "flight",
            "as",
            "t2",
            "on",
            "t1",
            ".",
            "id",
            "=",
            "t2",
            ".",
            "airport_id",
            "group",
            "by",
            "t2",
            ".",
            "id",
            "order",
            "by",
            "count",
            "(",
            "*",
            ")",
            "desc",
            "limit",
            "value"
        ],
        "question": "What is the id, name and IATA code of the airport that had most number of flights?",
        "question_toks": [
            "What",
            "is",
            "the",
            "id",
            ",",
            "name",
            "and",
            "IATA",
            "code",
            "of",
            "the",
            "airport",
            "that",
            "had",
            "most",
            "number",
            "of",
            "flights",
            "?"
        ],
        "sql": {
            "from": {
                "table_units": [
                    [
                        "table_unit",
                        0
                    ],
                    [
                        "table_unit",
                        2
                    ]
                ],
                "conds": [
                    [
                        false,
                        2,
                        [
                            0,
                            [
                                0,
                                1,
                                false
                            ],
                            null
                        ],
                        [
                            0,
                            19,
                            false
                        ],
                        null
                    ]
                ]
            },
            "select": [
                false,
                [
                    [
                        0,
                        [
                            0,
                            [
                                0,
                                1,
                                false
                            ],
                            null
                        ]
                    ],
                    [
                        0,
                        [
                            0,
                            [
                                0,
                                6,
                                false
                            ],
                            null
                        ]
                    ],
                    [
                        0,
                        [
                            0,
                            [
                                0,
                                4,
                                false
                            ],
                            null
                        ]
                    ]
                ]
            ],
            "where": [],
            "groupBy": [
                [
                    0,
                    13,
                    false
                ]
            ],
            "having": [],
            "orderBy": [
                "desc",
                [
                    [
                        0,
                        [
                            3,
                            0,
                            false
                        ],
                        null
                    ]
                ]
            ],
            "limit": 1,
            "intersect": null,
            "union": null,
            "except": null
        },
        "complexity": "extra",
        "query_len": 30
    },
    {
        "db_id": "flight_company",
        "query": "SELECT T3.id ,  count(*) FROM operate_company AS T1 JOIN flight AS t2 ON T1.id  =  T2.company_id JOIN airport AS T3 ON T2.airport_id  =  T3.id GROUP BY T3.id",
        "query_toks": [
            "SELECT",
            "T3.id",
            ",",
            "count",
            "(",
            "*",
            ")",
            "FROM",
            "operate_company",
            "AS",
            "T1",
            "JOIN",
            "flight",
            "AS",
            "t2",
            "ON",
            "T1.id",
            "=",
            "T2.company_id",
            "JOIN",
            "airport",
            "AS",
            "T3",
            "ON",
            "T2.airport_id",
            "=",
            "T3.id",
            "GROUP",
            "BY",
            "T3.id"
        ],
        "query_toks_no_value": [
            "select",
            "t3",
            ".",
            "id",
            ",",
            "count",
            "(",
            "*",
            ")",
            "from",
            "operate_company",
            "as",
            "t1",
            "join",
            "flight",
            "as",
            "t2",
            "on",
            "t1",
            ".",
            "id",
            "=",
            "t2",
            ".",
            "company_id",
            "join",
            "airport",
            "as",
            "t3",
            "on",
            "t2",
            ".",
            "airport_id",
            "=",
            "t3",
            ".",
            "id",
            "group",
            "by",
            "t3",
            ".",
            "id"
        ],
        "question": "How many companies operates airlines in each airport?",
        "question_toks": [
            "How",
            "many",
            "companies",
            "operates",
            "airlines",
            "in",
            "each",
            "airport",
            "?"
        ],
        "sql": {
            "from": {
                "table_units": [
                    [
                        "table_unit",
                        1
                    ],
                    [
                        "table_unit",
                        2
                    ],
                    [
                        "table_unit",
                        0
                    ]
                ],
                "conds": [
                    [
                        false,
                        2,
                        [
                            0,
                            [
                                0,
                                7,
                                false
                            ],
                            null
                        ],
                        [
                            0,
                            20,
                            false
                        ],
                        null
                    ],
                    "and",
                    [
                        false,
                        2,
                        [
                            0,
                            [
                                0,
                                19,
                                false
                            ],
                            null
                        ],
                        [
                            0,
                            1,
                            false
                        ],
                        null
                    ]
                ]
            },
            "select": [
                false,
                [
                    [
                        0,
                        [
                            0,
                            [
                                0,
                                1,
                                false
                            ],
                            null
                        ]
                    ],
                    [
                        3,
                        [
                            0,
                            [
                                0,
                                0,
                                false
                            ],
                            null
                        ]
                    ]
                ]
            ],
            "where": [],
            "groupBy": [
                [
                    0,
                    1,
                    false
                ]
            ],
            "having": [],
            "orderBy": [],
            "limit": null,
            "intersect": null,
            "union": null,
            "except": null
        },
        "complexity": "hard",
        "query_len": 30
    }
]