[
    {
        "db_id": "gymnast",
        "query": "SELECT count(*) FROM gymnast",
        "query_toks": [
            "SELECT",
            "count",
            "(",
            "*",
            ")",
            "FROM",
            "gymnast"
        ],
        "query_toks_no_value": [
            "select",
            "count",
            "(",
            "*",
            ")",
            "from",
            "gymnast"
        ],
        "question": "Count the number of gymnasts.",
        "question_toks": [
            "Count",
            "the",
            "number",
            "of",
            "gymnasts",
            "."
        ],
        "sql": {
            "from": {
                "table_units": [
                    [
                        "table_unit",
                        0
                    ]
                ],
                "conds": []
            },
            "select": [
                false,
                [
                    [
                        3,
                        [
                            0,
                            [
                                0,
                                0,
                                false
                            ],
                            null
                        ]
                    ]
                ]
            ],
            "where": [],
            "groupBy": [],
            "having": [],
            "orderBy": [],
            "limit": null,
            "intersect": null,
            "union": null,
            "except": null
        },
        "complexity": "easy",
        "query_len": 7
    },
    {
        "db_id": "gymnast",
        "query": "SELECT avg(Horizontal_Bar_Points) FROM gymnast",
        "query_toks": [
            "SELECT",
            "avg",
            "(",
            "Horizontal_Bar_Points",
            ")",
            "FROM",
            "gymnast"
        ],
        "query_toks_no_value": [
            "select",
            "avg",
            "(",
            "horizontal_bar_points",
            ")",
            "from",
            "gymnast"
        ],
        "question": "What is the average horizontal bar points for all gymnasts?",
        "question_toks": [
            "What",
            "is",
            "the",
            "average",
            "horizontal",
            "bar",
            "points",
            "for",
            "all",
            "gymnasts",
            "?"
        ],
        "sql": {
            "from": {
                "table_units": [
                    [
                        "table_unit",
                        0
                    ]
                ],
                "conds": []
            },
            "select": [
                false,
                [
                    [
                        5,
                        [
                            0,
                            [
                                0,
                                7,
                                false
                            ],
                            null
                        ]
                    ]
                ]
            ],
            "where": [],
            "groupBy": [],
            "having": [],
            "orderBy": [],
            "limit": null,
            "intersect": null,
            "union": null,
            "except": null
        },
        "complexity": "easy",
        "query_len": 7
    },
    {
        "db_id": "gymnast",
        "query": "SELECT avg(Horizontal_Bar_Points) FROM gymnast",
        "query_toks": [
            "SELECT",
            "avg",
            "(",
            "Horizontal_Bar_Points",
            ")",
            "FROM",
            "gymnast"
        ],
        "query_toks_no_value": [
            "select",
            "avg",
            "(",
            "horizontal_bar_points",
            ")",
            "from",
            "gymnast"
        ],
        "question": "Return the average horizontal bar points across all gymnasts.",
        "question_toks": [
            "Return",
            "the",
            "average",
            "horizontal",
            "bar",
            "points",
            "across",
            "all",
            "gymnasts",
            "."
        ],
        "sql": {
            "from": {
                "table_units": [
                    [
                        "table_unit",
                        0
                    ]
                ],
                "conds": []
            },
            "select": [
                false,
                [
                    [
                        5,
                        [
                            0,
                            [
                                0,
                                7,
                                false
                            ],
                            null
                        ]
                    ]
                ]
            ],
            "where": [],
            "groupBy": [],
            "having": [],
            "orderBy": [],
            "limit": null,
            "intersect": null,
            "union": null,
            "except": null
        },
        "complexity": "easy",
        "query_len": 7
    },
    {
        "db_id": "gymnast",
        "query": "SELECT Total_Points FROM gymnast ORDER BY Total_Points DESC",
        "query_toks": [
            "SELECT",
            "Total_Points",
            "FROM",
            "gymnast",
            "ORDER",
            "BY",
            "Total_Points",
            "DESC"
        ],
        "query_toks_no_value": [
            "select",
            "total_points",
            "from",
            "gymnast",
            "order",
            "by",
            "total_points",
            "desc"
        ],
        "question": "What are the total points for all gymnasts, ordered by total points descending?",
        "question_toks": [
            "What",
            "are",
            "the",
            "total",
            "points",
            "for",
            "all",
            "gymnasts",
            ",",
            "ordered",
            "by",
            "total",
            "points",
            "descending",
            "?"
        ],
        "sql": {
            "from": {
                "table_units": [
                    [
                        "table_unit",
                        0
                    ]
                ],
                "conds": []
            },
            "select": [
                false,
                [
                    [
                        0,
                        [
                            0,
                            [
                                0,
                                8,
                                false
                            ],
                            null
                        ]
                    ]
                ]
            ],
            "where": [],
            "groupBy": [],
            "having": [],
            "orderBy": [
                "desc",
                [
                    [
                        0,
                        [
                            0,
                            8,
                            false
                        ],
                        null
                    ]
                ]
            ],
            "limit": null,
            "intersect": null,
            "union": null,
            "except": null
        },
        "complexity": "easy",
        "query_len": 8
    },
    {
        "db_id": "gymnast",
        "query": "SELECT Total_Points FROM gymnast ORDER BY Floor_Exercise_Points DESC",
        "query_toks": [
            "SELECT",
            "Total_Points",
            "FROM",
            "gymnast",
            "ORDER",
            "BY",
            "Floor_Exercise_Points",
            "DESC"
        ],
        "query_toks_no_value": [
            "select",
            "total_points",
            "from",
            "gymnast",
            "order",
            "by",
            "floor_exercise_points",
            "desc"
        ],
        "question": "List the total points of gymnasts in descending order of floor exercise points.",
        "question_toks": [
            "List",
            "the",
            "total",
            "points",
            "of",
            "gymnasts",
            "in",
            "descending",
            "order",
            "of",
            "floor",
            "exercise",
            "points",
            "."
        ],
        "sql": {
            "from": {
                "table_units": [
                    [
                        "table_unit",
                        0
                    ]
                ],
                "conds": []
            },
            "select": [
                false,
                [
                    [
                        0,
                        [
                            0,
                            [
                                0,
                                8,
                                false
                            ],
                            null
                        ]
                    ]
                ]
            ],
            "where": [],
            "groupBy": [],
            "having": [],
            "orderBy": [
                "desc",
                [
                    [
                        0,
                        [
                            0,
                            2,
                            false
                        ],
                        null
                    ]
                ]
            ],
            "limit": null,
            "intersect": null,
            "union": null,
            "except": null
        },
        "complexity": "easy",
        "query_len": 8
    },
    {
        "db_id": "gymnast",
        "query": "SELECT Name FROM People ORDER BY Name ASC",
        "query_toks": [
            "SELECT",
            "Name",
            "FROM",
            "People",
            "ORDER",
            "BY",
            "Name",
            "ASC"
        ],
        "query_toks_no_value": [
            "select",
            "name",
            "from",
            "people",
            "order",
            "by",
            "name",
            "asc"
        ],
        "question": "What are the names of people in ascending alphabetical order?",
        "question_toks": [
            "What",
            "are",
            "the",
            "names",
            "of",
            "people",
            "in",
            "ascending",
            "alphabetical",
            "order",
            "?"
        ],
        "sql": {
            "from": {
                "table_units": [
                    [
                        "table_unit",
                        1
                    ]
                ],
                "conds": []
            },
            "select": [
                false,
                [
                    [
                        0,
                        [
                            0,
                            [
                                0,
                                10,
                                false
                            ],
                            null
                        ]
                    ]
                ]
            ],
            "where": [],
            "groupBy": [],
            "having": [],
            "orderBy": [
                "asc",
                [
                    [
                        0,
                        [
                            0,
                            10,
                            false
                        ],
                        null
                    ]
                ]
            ],
            "limit": null,
            "intersect": null,
            "union": null,
            "except": null
        },
        "complexity": "easy",
        "query_len": 8
    },
    {
        "db_id": "gymnast",
        "query": "SELECT Name FROM People ORDER BY Name ASC",
        "query_toks": [
            "SELECT",
            "Name",
            "FROM",
            "People",
            "ORDER",
            "BY",
            "Name",
            "ASC"
        ],
        "query_toks_no_value": [
            "select",
            "name",
            "from",
            "people",
            "order",
            "by",
            "name",
            "asc"
        ],
        "question": "Return the names of people, ordered alphabetically.",
        "question_toks": [
            "Return",
            "the",
            "names",
            "of",
            "people",
            ",",
            "ordered",
            "alphabetically",
            "."
        ],
        "sql": {
            "from": {
                "table_units": [
                    [
                        "table_unit",
                        1
                    ]
                ],
                "conds": []
            },
            "select": [
                false,
                [
                    [
                        0,
                        [
                            0,
                            [
                                0,
                                10,
                                false
                            ],
                            null
                        ]
                    ]
                ]
            ],
            "where": [],
            "groupBy": [],
            "having": [],
            "orderBy": [
                "asc",
                [
                    [
                        0,
                        [
                            0,
                            10,
                            false
                        ],
                        null
                    ]
                ]
            ],
            "limit": null,
            "intersect": null,
            "union": null,
            "except": null
        },
        "complexity": "easy",
        "query_len": 8
    },
    {
        "db_id": "gymnast",
        "query": "SELECT count(DISTINCT Hometown) FROM people",
        "query_toks": [
            "SELECT",
            "count",
            "(",
            "DISTINCT",
            "Hometown",
            ")",
            "FROM",
            "people"
        ],
        "query_toks_no_value": [
            "select",
            "count",
            "(",
            "distinct",
            "hometown",
            ")",
            "from",
            "people"
        ],
        "question": "How many distinct hometowns did these people have?",
        "question_toks": [
            "How",
            "many",
            "distinct",
            "hometowns",
            "did",
            "these",
            "people",
            "have",
            "?"
        ],
        "sql": {
            "from": {
                "table_units": [
                    [
                        "table_unit",
                        1
                    ]
                ],
                "conds": []
            },
            "select": [
                false,
                [
                    [
                        3,
                        [
                            0,
                            [
                                0,
                                13,
                                true
                            ],
                            null
                        ]
                    ]
                ]
            ],
            "where": [],
            "groupBy": [],
            "having": [],
            "orderBy": [],
            "limit": null,
            "intersect": null,
            "union": null,
            "except": null
        },
        "complexity": "easy",
        "query_len": 8
    },
    {
        "db_id": "gymnast",
        "query": "SELECT Age FROM people ORDER BY Height DESC LIMIT 1",
        "query_toks": [
            "SELECT",
            "Age",
            "FROM",
            "people",
            "ORDER",
            "BY",
            "Height",
            "DESC",
            "LIMIT",
            "1"
        ],
        "query_toks_no_value": [
            "select",
            "age",
            "from",
            "people",
            "order",
            "by",
            "height",
            "desc",
            "limit",
            "value"
        ],
        "question": "What is the age of the tallest person?",
        "question_toks": [
            "What",
            "is",
            "the",
            "age",
            "of",
            "the",
            "tallest",
            "person",
            "?"
        ],
        "sql": {
            "from": {
                "table_units": [
                    [
                        "table_unit",
                        1
                    ]
                ],
                "conds": []
            },
            "select": [
                false,
                [
                    [
                        0,
                        [
                            0,
                            [
                                0,
                                11,
                                false
                            ],
                            null
                        ]
                    ]
                ]
            ],
            "where": [],
            "groupBy": [],
            "having": [],
            "orderBy": [
                "desc",
                [
                    [
                        0,
                        [
                            0,
                            12,
                            false
                        ],
                        null
                    ]
                ]
            ],
            "limit": 1,
            "intersect": null,
            "union": null,
            "except": null
        },
        "complexity": "medium",
        "query_len": 10
    },
    {
        "db_id": "gymnast",
        "query": "SELECT Age FROM people ORDER BY Height DESC LIMIT 1",
        "query_toks": [
            "SELECT",
            "Age",
            "FROM",
            "people",
            "ORDER",
            "BY",
            "Height",
            "DESC",
            "LIMIT",
            "1"
        ],
        "query_toks_no_value": [
            "select",
            "age",
            "from",
            "people",
            "order",
            "by",
            "height",
            "desc",
            "limit",
            "value"
        ],
        "question": "Return the age of the person with the greatest height.",
        "question_toks": [
            "Return",
            "the",
            "age",
            "of",
            "the",
            "person",
            "with",
            "the",
            "greatest",
            "height",
            "."
        ],
        "sql": {
            "from": {
                "table_units": [
                    [
                        "table_unit",
                        1
                    ]
                ],
                "conds": []
            },
            "select": [
                false,
                [
                    [
                        0,
                        [
                            0,
                            [
                                0,
                                11,
                                false
                            ],
                            null
                        ]
                    ]
                ]
            ],
            "where": [],
            "groupBy": [],
            "having": [],
            "orderBy": [
                "desc",
                [
                    [
                        0,
                        [
                            0,
                            12,
                            false
                        ],
                        null
                    ]
                ]
            ],
            "limit": 1,
            "intersect": null,
            "union": null,
            "except": null
        },
        "complexity": "medium",
        "query_len": 10
    },
    {
        "db_id": "gymnast",
        "query": "SELECT Name FROM People ORDER BY Age DESC LIMIT 5",
        "query_toks": [
            "SELECT",
            "Name",
            "FROM",
            "People",
            "ORDER",
            "BY",
            "Age",
            "DESC",
            "LIMIT",
            "5"
        ],
        "query_toks_no_value": [
            "select",
            "name",
            "from",
            "people",
            "order",
            "by",
            "age",
            "desc",
            "limit",
            "value"
        ],
        "question": "What are the names of the five oldest people?",
        "question_toks": [
            "What",
            "are",
            "the",
            "names",
            "of",
            "the",
            "five",
            "oldest",
            "people",
            "?"
        ],
        "sql": {
            "from": {
                "table_units": [
                    [
                        "table_unit",
                        1
                    ]
                ],
                "conds": []
            },
            "select": [
                false,
                [
                    [
                        0,
                        [
                            0,
                            [
                                0,
                                10,
                                false
                            ],
                            null
                        ]
                    ]
                ]
            ],
            "where": [],
            "groupBy": [],
            "having": [],
            "orderBy": [
                "desc",
                [
                    [
                        0,
                        [
                            0,
                            11,
                            false
                        ],
                        null
                    ]
                ]
            ],
            "limit": 5,
            "intersect": null,
            "union": null,
            "except": null
        },
        "complexity": "medium",
        "query_len": 10
    },
    {
        "db_id": "gymnast",
        "query": "SELECT T2.Name FROM gymnast AS T1 JOIN people AS T2 ON T1.Gymnast_ID  =  T2.People_ID",
        "query_toks": [
            "SELECT",
            "T2.Name",
            "FROM",
            "gymnast",
            "AS",
            "T1",
            "JOIN",
            "people",
            "AS",
            "T2",
            "ON",
            "T1.Gymnast_ID",
            "=",
            "T2.People_ID"
        ],
        "query_toks_no_value": [
            "select",
            "t2",
            ".",
            "name",
            "from",
            "gymnast",
            "as",
            "t1",
            "join",
            "people",
            "as",
            "t2",
            "on",
            "t1",
            ".",
            "gymnast_id",
            "=",
            "t2",
            ".",
            "people_id"
        ],
        "question": "What are the names of gymnasts?",
        "question_toks": [
            "What",
            "are",
            "the",
            "names",
            "of",
            "gymnasts",
            "?"
        ],
        "sql": {
            "from": {
                "table_units": [
                    [
                        "table_unit",
                        0
                    ],
                    [
                        "table_unit",
                        1
                    ]
                ],
                "conds": [
                    [
                        false,
                        2,
                        [
                            0,
                            [
                                0,
                                1,
                                false
                            ],
                            null
                        ],
                        [
                            0,
                            9,
                            false
                        ],
                        null
                    ]
                ]
            },
            "select": [
                false,
                [
                    [
                        0,
                        [
                            0,
                            [
                                0,
                                10,
                                false
                            ],
                            null
                        ]
                    ]
                ]
            ],
            "where": [],
            "groupBy": [],
            "having": [],
            "orderBy": [],
            "limit": null,
            "intersect": null,
            "union": null,
            "except": null
        },
        "complexity": "easy",
        "query_len": 14
    },
    {
        "db_id": "gymnast",
        "query": "SELECT T2.Name FROM gymnast AS T1 JOIN people AS T2 ON T1.Gymnast_ID  =  T2.People_ID",
        "query_toks": [
            "SELECT",
            "T2.Name",
            "FROM",
            "gymnast",
            "AS",
            "T1",
            "JOIN",
            "people",
            "AS",
            "T2",
            "ON",
            "T1.Gymnast_ID",
            "=",
            "T2.People_ID"
        ],
        "query_toks_no_value": [
            "select",
            "t2",
            ".",
            "name",
            "from",
            "gymnast",
            "as",
            "t1",
            "join",
            "people",
            "as",
            "t2",
            "on",
            "t1",
            ".",
            "gymnast_id",
            "=",
            "t2",
            ".",
            "people_id"
        ],
        "question": "Return the names of the gymnasts.",
        "question_toks": [
            "Return",
            "the",
            "names",
            "of",
            "the",
            "gymnasts",
            "."
        ],
        "sql": {
            "from": {
                "table_units": [
                    [
                        "table_unit",
                        0
                    ],
                    [
                        "table_unit",
                        1
                    ]
                ],
                "conds": [
                    [
                        false,
                        2,
                        [
                            0,
                            [
                                0,
                                1,
                                false
                            ],
                            null
                        ],
                        [
                            0,
                            9,
                            false
                        ],
                        null
                    ]
                ]
            },
            "select": [
                false,
                [
                    [
                        0,
                        [
                            0,
                            [
                                0,
                                10,
                                false
                            ],
                            null
                        ]
                    ]
                ]
            ],
            "where": [],
            "groupBy": [],
            "having": [],
            "orderBy": [],
            "limit": null,
            "intersect": null,
            "union": null,
            "except": null
        },
        "complexity": "easy",
        "query_len": 14
    },
    {
        "db_id": "gymnast",
        "query": "SELECT avg(T2.Age) FROM gymnast AS T1 JOIN people AS T2 ON T1.Gymnast_ID  =  T2.People_ID",
        "query_toks": [
            "SELECT",
            "avg",
            "(",
            "T2.Age",
            ")",
            "FROM",
            "gymnast",
            "AS",
            "T1",
            "JOIN",
            "people",
            "AS",
            "T2",
            "ON",
            "T1.Gymnast_ID",
            "=",
            "T2.People_ID"
        ],
        "query_toks_no_value": [
            "select",
            "avg",
            "(",
            "t2",
            ".",
            "age",
            ")",
            "from",
            "gymnast",
            "as",
            "t1",
            "join",
            "people",
            "as",
            "t2",
            "on",
            "t1",
            ".",
            "gymnast_id",
            "=",
            "t2",
            ".",
            "people_id"
        ],
        "question": "Return the average age across all gymnasts.",
        "question_toks": [
            "Return",
            "the",
            "average",
            "age",
            "across",
            "all",
            "gymnasts",
            "."
        ],
        "sql": {
            "from": {
                "table_units": [
                    [
                        "table_unit",
                        0
                    ],
                    [
                        "table_unit",
                        1
                    ]
                ],
                "conds": [
                    [
                        false,
                        2,
                        [
                            0,
                            [
                                0,
                                1,
                                false
                            ],
                            null
                        ],
                        [
                            0,
                            9,
                            false
                        ],
                        null
                    ]
                ]
            },
            "select": [
                false,
                [
                    [
                        5,
                        [
                            0,
                            [
                                0,
                                11,
                                false
                            ],
                            null
                        ]
                    ]
                ]
            ],
            "where": [],
            "groupBy": [],
            "having": [],
            "orderBy": [],
            "limit": null,
            "intersect": null,
            "union": null,
            "except": null
        },
        "complexity": "easy",
        "query_len": 17
    },
    {
        "db_id": "gymnast",
        "query": "SELECT Hometown FROM people WHERE Age  >  23 INTERSECT SELECT Hometown FROM people WHERE Age  <  20",
        "query_toks": [
            "SELECT",
            "Hometown",
            "FROM",
            "people",
            "WHERE",
            "Age",
            ">",
            "23",
            "INTERSECT",
            "SELECT",
            "Hometown",
            "FROM",
            "people",
            "WHERE",
            "Age",
            "<",
            "20"
        ],
        "query_toks_no_value": [
            "select",
            "hometown",
            "from",
            "people",
            "where",
            "age",
            ">",
            "value",
            "intersect",
            "select",
            "hometown",
            "from",
            "people",
            "where",
            "age",
            "<",
            "value"
        ],
        "question": "Show the hometowns shared by people older than 23 and younger than 20.",
        "question_toks": [
            "Show",
            "the",
            "hometowns",
            "shared",
            "by",
            "people",
            "older",
            "than",
            "23",
            "and",
            "younger",
            "than",
            "20",
            "."
        ],
        "sql": {
            "from": {
                "table_units": [
                    [
                        "table_unit",
                        1
                    ]
                ],
                "conds": []
            },
            "select": [
                false,
                [
                    [
                        0,
                        [
                            0,
                            [
                                0,
                                13,
                                false
                            ],
                            null
                        ]
                    ]
                ]
            ],
            "where": [
                [
                    false,
                    3,
                    [
                        0,
                        [
                            0,
                            11,
                            false
                        ],
                        null
                    ],
                    23.0,
                    null
                ]
            ],
            "groupBy": [],
            "having": [],
            "orderBy": [],
            "limit": null,
            "intersect": {
                "from": {
                    "table_units": [
                        [
                            "table_unit",
                            1
                        ]
                    ],
                    "conds": []
                },
                "select": [
                    false,
                    [
                        [
                            0,
                            [
                                0,
                                [
                                    0,
                                    13,
                                    false
                                ],
                                null
                            ]
                        ]
                    ]
                ],
                "where": [
                    [
                        false,
                        4,
                        [
                            0,
                            [
                                0,
                                11,
                                false
                            ],
                            null
                        ],
                        20.0,
                        null
                    ]
                ],
                "groupBy": [],
                "having": [],
                "orderBy": [],
                "limit": null,
                "intersect": null,
                "union": null,
                "except": null
            },
            "union": null,
            "except": null
        },
        "complexity": "hard",
        "query_len": 17
    },
    {
        "db_id": "gymnast",
        "query": "SELECT T2.Name FROM gymnast AS T1 JOIN people AS T2 ON T1.Gymnast_ID  =  T2.People_ID ORDER BY T2.Height ASC",
        "query_toks": [
            "SELECT",
            "T2.Name",
            "FROM",
            "gymnast",
            "AS",
            "T1",
            "JOIN",
            "people",
            "AS",
            "T2",
            "ON",
            "T1.Gymnast_ID",
            "=",
            "T2.People_ID",
            "ORDER",
            "BY",
            "T2.Height",
            "ASC"
        ],
        "query_toks_no_value": [
            "select",
            "t2",
            ".",
            "name",
            "from",
            "gymnast",
            "as",
            "t1",
            "join",
            "people",
            "as",
            "t2",
            "on",
            "t1",
            ".",
            "gymnast_id",
            "=",
            "t2",
            ".",
            "people_id",
            "order",
            "by",
            "t2",
            ".",
            "height",
            "asc"
        ],
        "question": "List the names of gymnasts in ascending order by their heights.",
        "question_toks": [
            "List",
            "the",
            "names",
            "of",
            "gymnasts",
            "in",
            "ascending",
            "order",
            "by",
            "their",
            "heights",
            "."
        ],
        "sql": {
            "from": {
                "table_units": [
                    [
                        "table_unit",
                        0
                    ],
                    [
                        "table_unit",
                        1
                    ]
                ],
                "conds": [
                    [
                        false,
                        2,
                        [
                            0,
                            [
                                0,
                                1,
                                false
                            ],
                            null
                        ],
                        [
                            0,
                            9,
                            false
                        ],
                        null
                    ]
                ]
            },
            "select": [
                false,
                [
                    [
                        0,
                        [
                            0,
                            [
                                0,
                                10,
                                false
                            ],
                            null
                        ]
                    ]
                ]
            ],
            "where": [],
            "groupBy": [],
            "having": [],
            "orderBy": [
                "asc",
                [
                    [
                        0,
                        [
                            0,
                            12,
                            false
                        ],
                        null
                    ]
                ]
            ],
            "limit": null,
            "intersect": null,
            "union": null,
            "except": null
        },
        "complexity": "medium",
        "query_len": 18
    },
    {
        "db_id": "gymnast",
        "query": "SELECT T2.Name FROM gymnast AS T1 JOIN people AS T2 ON T1.Gymnast_ID  =  T2.People_ID ORDER BY T2.Height ASC",
        "query_toks": [
            "SELECT",
            "T2.Name",
            "FROM",
            "gymnast",
            "AS",
            "T1",
            "JOIN",
            "people",
            "AS",
            "T2",
            "ON",
            "T1.Gymnast_ID",
            "=",
            "T2.People_ID",
            "ORDER",
            "BY",
            "T2.Height",
            "ASC"
        ],
        "query_toks_no_value": [
            "select",
            "t2",
            ".",
            "name",
            "from",
            "gymnast",
            "as",
            "t1",
            "join",
            "people",
            "as",
            "t2",
            "on",
            "t1",
            ".",
            "gymnast_id",
            "=",
            "t2",
            ".",
            "people_id",
            "order",
            "by",
            "t2",
            ".",
            "height",
            "asc"
        ],
        "question": "What are the names of gymnasts, ordered by their heights ascending?",
        "question_toks": [
            "What",
            "are",
            "the",
            "names",
            "of",
            "gymnasts",
            ",",
            "ordered",
            "by",
            "their",
            "heights",
            "ascending",
            "?"
        ],
        "sql": {
            "from": {
                "table_units": [
                    [
                        "table_unit",
                        0
                    ],
                    [
                        "table_unit",
                        1
                    ]
                ],
                "conds": [
                    [
                        false,
                        2,
                        [
                            0,
                            [
                                0,
                                1,
                                false
                            ],
                            null
                        ],
                        [
                            0,
                            9,
                            false
                        ],
                        null
                    ]
                ]
            },
            "select": [
                false,
                [
                    [
                        0,
                        [
                            0,
                            [
                                0,
                                10,
                                false
                            ],
                            null
                        ]
                    ]
                ]
            ],
            "where": [],
            "groupBy": [],
            "having": [],
            "orderBy": [
                "asc",
                [
                    [
                        0,
                        [
                            0,
                            12,
                            false
                        ],
                        null
                    ]
                ]
            ],
            "limit": null,
            "intersect": null,
            "union": null,
            "except": null
        },
        "complexity": "medium",
        "query_len": 18
    },
    {
        "db_id": "gymnast",
        "query": "SELECT T2.Age FROM gymnast AS T1 JOIN people AS T2 ON T1.Gymnast_ID  =  T2.People_ID ORDER BY T1.Total_Points DESC",
        "query_toks": [
            "SELECT",
            "T2.Age",
            "FROM",
            "gymnast",
            "AS",
            "T1",
            "JOIN",
            "people",
            "AS",
            "T2",
            "ON",
            "T1.Gymnast_ID",
            "=",
            "T2.People_ID",
            "ORDER",
            "BY",
            "T1.Total_Points",
            "DESC"
        ],
        "query_toks_no_value": [
            "select",
            "t2",
            ".",
            "age",
            "from",
            "gymnast",
            "as",
            "t1",
            "join",
            "people",
            "as",
            "t2",
            "on",
            "t1",
            ".",
            "gymnast_id",
            "=",
            "t2",
            ".",
            "people_id",
            "order",
            "by",
            "t1",
            ".",
            "total_points",
            "desc"
        ],
        "question": "Show the ages of gymnasts in descending order of total points.",
        "question_toks": [
            "Show",
            "the",
            "ages",
            "of",
            "gymnasts",
            "in",
            "descending",
            "order",
            "of",
            "total",
            "points",
            "."
        ],
        "sql": {
            "from": {
                "table_units": [
                    [
                        "table_unit",
                        0
                    ],
                    [
                        "table_unit",
                        1
                    ]
                ],
                "conds": [
                    [
                        false,
                        2,
                        [
                            0,
                            [
                                0,
                                1,
                                false
                            ],
                            null
                        ],
                        [
                            0,
                            9,
                            false
                        ],
                        null
                    ]
                ]
            },
            "select": [
                false,
                [
                    [
                        0,
                        [
                            0,
                            [
                                0,
                                11,
                                false
                            ],
                            null
                        ]
                    ]
                ]
            ],
            "where": [],
            "groupBy": [],
            "having": [],
            "orderBy": [
                "desc",
                [
                    [
                        0,
                        [
                            0,
                            8,
                            false
                        ],
                        null
                    ]
                ]
            ],
            "limit": null,
            "intersect": null,
            "union": null,
            "except": null
        },
        "complexity": "medium",
        "query_len": 18
    },
    {
        "db_id": "gymnast",
        "query": "SELECT DISTINCT T2.Hometown FROM gymnast AS T1 JOIN people AS T2 ON T1.Gymnast_ID  =  T2.People_ID WHERE T1.Total_Points  >  57.5",
        "query_toks": [
            "SELECT",
            "DISTINCT",
            "T2.Hometown",
            "FROM",
            "gymnast",
            "AS",
            "T1",
            "JOIN",
            "people",
            "AS",
            "T2",
            "ON",
            "T1.Gymnast_ID",
            "=",
            "T2.People_ID",
            "WHERE",
            "T1.Total_Points",
            ">",
            "57.5"
        ],
        "query_toks_no_value": [
            "select",
            "distinct",
            "t2",
            ".",
            "hometown",
            "from",
            "gymnast",
            "as",
            "t1",
            "join",
            "people",
            "as",
            "t2",
            "on",
            "t1",
            ".",
            "gymnast_id",
            "=",
            "t2",
            ".",
            "people_id",
            "where",
            "t1",
            ".",
            "total_points",
            ">",
            "value"
        ],
        "question": "What are the distinct hometowns of gymnasts with total points more than 57.5?",
        "question_toks": [
            "What",
            "are",
            "the",
            "distinct",
            "hometowns",
            "of",
            "gymnasts",
            "with",
            "total",
            "points",
            "more",
            "than",
            "57.5",
            "?"
        ],
        "sql": {
            "from": {
                "table_units": [
                    [
                        "table_unit",
                        0
                    ],
                    [
                        "table_unit",
                        1
                    ]
                ],
                "conds": [
                    [
                        false,
                        2,
                        [
                            0,
                            [
                                0,
                                1,
                                false
                            ],
                            null
                        ],
                        [
                            0,
                            9,
                            false
                        ],
                        null
                    ]
                ]
            },
            "select": [
                true,
                [
                    [
                        0,
                        [
                            0,
                            [
                                0,
                                13,
                                false
                            ],
                            null
                        ]
                    ]
                ]
            ],
            "where": [
                [
                    false,
                    3,
                    [
                        0,
                        [
                            0,
                            8,
                            false
                        ],
                        null
                    ],
                    57.5,
                    null
                ]
            ],
            "groupBy": [],
            "having": [],
            "orderBy": [],
            "limit": null,
            "intersect": null,
            "union": null,
            "except": null
        },
        "complexity": "medium",
        "query_len": 19
    },
    {
        "db_id": "gymnast",
        "query": "SELECT DISTINCT T2.Hometown FROM gymnast AS T1 JOIN people AS T2 ON T1.Gymnast_ID  =  T2.People_ID WHERE T1.Total_Points  >  57.5",
        "query_toks": [
            "SELECT",
            "DISTINCT",
            "T2.Hometown",
            "FROM",
            "gymnast",
            "AS",
            "T1",
            "JOIN",
            "people",
            "AS",
            "T2",
            "ON",
            "T1.Gymnast_ID",
            "=",
            "T2.People_ID",
            "WHERE",
            "T1.Total_Points",
            ">",
            "57.5"
        ],
        "query_toks_no_value": [
            "select",
            "distinct",
            "t2",
            ".",
            "hometown",
            "from",
            "gymnast",
            "as",
            "t1",
            "join",
            "people",
            "as",
            "t2",
            "on",
            "t1",
            ".",
            "gymnast_id",
            "=",
            "t2",
            ".",
            "people_id",
            "where",
            "t1",
            ".",
            "total_points",
            ">",
            "value"
        ],
        "question": "Give the different hometowns of gymnasts that have a total point score of above 57.5.",
        "question_toks": [
            "Give",
            "the",
            "different",
            "hometowns",
            "of",
            "gymnasts",
            "that",
            "have",
            "a",
            "total",
            "point",
            "score",
            "of",
            "above",
            "57.5",
            "."
        ],
        "sql": {
            "from": {
                "table_units": [
                    [
                        "table_unit",
                        0
                    ],
                    [
                        "table_unit",
                        1
                    ]
                ],
                "conds": [
                    [
                        false,
                        2,
                        [
                            0,
                            [
                                0,
                                1,
                                false
                            ],
                            null
                        ],
                        [
                            0,
                            9,
                            false
                        ],
                        null
                    ]
                ]
            },
            "select": [
                true,
                [
                    [
                        0,
                        [
                            0,
                            [
                                0,
                                13,
                                false
                            ],
                            null
                        ]
                    ]
                ]
            ],
            "where": [
                [
                    false,
                    3,
                    [
                        0,
                        [
                            0,
                            8,
                            false
                        ],
                        null
                    ],
                    57.5,
                    null
                ]
            ],
            "groupBy": [],
            "having": [],
            "orderBy": [],
            "limit": null,
            "intersect": null,
            "union": null,
            "except": null
        },
        "complexity": "medium",
        "query_len": 19
    },
    {
        "db_id": "gymnast",
        "query": "SELECT T1.Total_Points FROM gymnast AS T1 JOIN people AS T2 ON T1.Gymnast_ID  =  T2.People_ID ORDER BY T2.Age ASC LIMIT 1",
        "query_toks": [
            "SELECT",
            "T1.Total_Points",
            "FROM",
            "gymnast",
            "AS",
            "T1",
            "JOIN",
            "people",
            "AS",
            "T2",
            "ON",
            "T1.Gymnast_ID",
            "=",
            "T2.People_ID",
            "ORDER",
            "BY",
            "T2.Age",
            "ASC",
            "LIMIT",
            "1"
        ],
        "query_toks_no_value": [
            "select",
            "t1",
            ".",
            "total_points",
            "from",
            "gymnast",
            "as",
            "t1",
            "join",
            "people",
            "as",
            "t2",
            "on",
            "t1",
            ".",
            "gymnast_id",
            "=",
            "t2",
            ".",
            "people_id",
            "order",
            "by",
            "t2",
            ".",
            "age",
            "asc",
            "limit",
            "value"
        ],
        "question": "Return the total points of the gymnast with the lowest age.",
        "question_toks": [
            "Return",
            "the",
            "total",
            "points",
            "of",
            "the",
            "gymnast",
            "with",
            "the",
            "lowest",
            "age",
            "."
        ],
        "sql": {
            "from": {
                "table_units": [
                    [
                        "table_unit",
                        0
                    ],
                    [
                        "table_unit",
                        1
                    ]
                ],
                "conds": [
                    [
                        false,
                        2,
                        [
                            0,
                            [
                                0,
                                1,
                                false
                            ],
                            null
                        ],
                        [
                            0,
                            9,
                            false
                        ],
                        null
                    ]
                ]
            },
            "select": [
                false,
                [
                    [
                        0,
                        [
                            0,
                            [
                                0,
                                8,
                                false
                            ],
                            null
                        ]
                    ]
                ]
            ],
            "where": [],
            "groupBy": [],
            "having": [],
            "orderBy": [
                "asc",
                [
                    [
                        0,
                        [
                            0,
                            11,
                            false
                        ],
                        null
                    ]
                ]
            ],
            "limit": 1,
            "intersect": null,
            "union": null,
            "except": null
        },
        "complexity": "hard",
        "query_len": 20
    },
    {
        "db_id": "gymnast",
        "query": "SELECT DISTINCT Hometown FROM people EXCEPT SELECT DISTINCT T2.Hometown FROM gymnast AS T1 JOIN people AS T2 ON T1.Gymnast_ID  =  T2.People_ID",
        "query_toks": [
            "SELECT",
            "DISTINCT",
            "Hometown",
            "FROM",
            "people",
            "EXCEPT",
            "SELECT",
            "DISTINCT",
            "T2.Hometown",
            "FROM",
            "gymnast",
            "AS",
            "T1",
            "JOIN",
            "people",
            "AS",
            "T2",
            "ON",
            "T1.Gymnast_ID",
            "=",
            "T2.People_ID"
        ],
        "query_toks_no_value": [
            "select",
            "distinct",
            "hometown",
            "from",
            "people",
            "except",
            "select",
            "distinct",
            "t2",
            ".",
            "hometown",
            "from",
            "gymnast",
            "as",
            "t1",
            "join",
            "people",
            "as",
            "t2",
            "on",
            "t1",
            ".",
            "gymnast_id",
            "=",
            "t2",
            ".",
            "people_id"
        ],
        "question": "List the distinct hometowns that are not associated with any gymnast.",
        "question_toks": [
            "List",
            "the",
            "distinct",
            "hometowns",
            "that",
            "are",
            "not",
            "associated",
            "with",
            "any",
            "gymnast",
            "."
        ],
        "sql": {
            "from": {
                "table_units": [
                    [
                        "table_unit",
                        1
                    ]
                ],
                "conds": []
            },
            "select": [
                true,
                [
                    [
                        0,
                        [
                            0,
                            [
                                0,
                                13,
                                false
                            ],
                            null
                        ]
                    ]
                ]
            ],
            "where": [],
            "groupBy": [],
            "having": [],
            "orderBy": [],
            "limit": null,
            "intersect": null,
            "union": null,
            "except": {
                "from": {
                    "table_units": [
                        [
                            "table_unit",
                            0
                        ],
                        [
                            "table_unit",
                            1
                        ]
                    ],
                    "conds": [
                        [
                            false,
                            2,
                            [
                                0,
                                [
                                    0,
                                    1,
                                    false
                                ],
                                null
                            ],
                            [
                                0,
                                9,
                                false
                            ],
                            null
                        ]
                    ]
                },
                "select": [
                    true,
                    [
                        [
                            0,
                            [
                                0,
                                [
                                    0,
                                    13,
                                    false
                                ],
                                null
                            ]
                        ]
                    ]
                ],
                "where": [],
                "groupBy": [],
                "having": [],
                "orderBy": [],
                "limit": null,
                "intersect": null,
                "union": null,
                "except": null
            }
        },
        "complexity": "hard",
        "query_len": 21
    },
    {
        "db_id": "gymnast",
        "query": "SELECT DISTINCT Hometown FROM people EXCEPT SELECT DISTINCT T2.Hometown FROM gymnast AS T1 JOIN people AS T2 ON T1.Gymnast_ID  =  T2.People_ID",
        "query_toks": [
            "SELECT",
            "DISTINCT",
            "Hometown",
            "FROM",
            "people",
            "EXCEPT",
            "SELECT",
            "DISTINCT",
            "T2.Hometown",
            "FROM",
            "gymnast",
            "AS",
            "T1",
            "JOIN",
            "people",
            "AS",
            "T2",
            "ON",
            "T1.Gymnast_ID",
            "=",
            "T2.People_ID"
        ],
        "query_toks_no_value": [
            "select",
            "distinct",
            "hometown",
            "from",
            "people",
            "except",
            "select",
            "distinct",
            "t2",
            ".",
            "hometown",
            "from",
            "gymnast",
            "as",
            "t1",
            "join",
            "people",
            "as",
            "t2",
            "on",
            "t1",
            ".",
            "gymnast_id",
            "=",
            "t2",
            ".",
            "people_id"
        ],
        "question": "From which hometowns did no gymnasts come from?",
        "question_toks": [
            "From",
            "which",
            "hometowns",
            "did",
            "no",
            "gymnasts",
            "come",
            "from",
            "?"
        ],
        "sql": {
            "from": {
                "table_units": [
                    [
                        "table_unit",
                        1
                    ]
                ],
                "conds": []
            },
            "select": [
                true,
                [
                    [
                        0,
                        [
                            0,
                            [
                                0,
                                13,
                                false
                            ],
                            null
                        ]
                    ]
                ]
            ],
            "where": [],
            "groupBy": [],
            "having": [],
            "orderBy": [],
            "limit": null,
            "intersect": null,
            "union": null,
            "except": {
                "from": {
                    "table_units": [
                        [
                            "table_unit",
                            0
                        ],
                        [
                            "table_unit",
                            1
                        ]
                    ],
                    "conds": [
                        [
                            false,
                            2,
                            [
                                0,
                                [
                                    0,
                                    1,
                                    false
                                ],
                                null
                            ],
                            [
                                0,
                                9,
                                false
                            ],
                            null
                        ]
                    ]
                },
                "select": [
                    true,
                    [
                        [
                            0,
                            [
                                0,
                                [
                                    0,
                                    13,
                                    false
                                ],
                                null
                            ]
                        ]
                    ]
                ],
                "where": [],
                "groupBy": [],
                "having": [],
                "orderBy": [],
                "limit": null,
                "intersect": null,
                "union": null,
                "except": null
            }
        },
        "complexity": "hard",
        "query_len": 21
    },
    {
        "db_id": "gymnast",
        "query": "SELECT T2.Name FROM gymnast AS T1 JOIN people AS T2 ON T1.Gymnast_ID  =  T2.People_ID WHERE T2.Hometown != \"Santo Domingo\"",
        "query_toks": [
            "SELECT",
            "T2.Name",
            "FROM",
            "gymnast",
            "AS",
            "T1",
            "JOIN",
            "people",
            "AS",
            "T2",
            "ON",
            "T1.Gymnast_ID",
            "=",
            "T2.People_ID",
            "WHERE",
            "T2.Hometown",
            "!",
            "=",
            "``",
            "Santo",
            "Domingo",
            "''"
        ],
        "query_toks_no_value": [
            "select",
            "t2",
            ".",
            "name",
            "from",
            "gymnast",
            "as",
            "t1",
            "join",
            "people",
            "as",
            "t2",
            "on",
            "t1",
            ".",
            "gymnast_id",
            "=",
            "t2",
            ".",
            "people_id",
            "where",
            "t2",
            ".",
            "hometown",
            "!",
            "=",
            "value"
        ],
        "question": "Return the names of gymnasts who did not grow up in Santo Domingo.",
        "question_toks": [
            "Return",
            "the",
            "names",
            "of",
            "gymnasts",
            "who",
            "did",
            "not",
            "grow",
            "up",
            "in",
            "Santo",
            "Domingo",
            "."
        ],
        "sql": {
            "from": {
                "table_units": [
                    [
                        "table_unit",
                        0
                    ],
                    [
                        "table_unit",
                        1
                    ]
                ],
                "conds": [
                    [
                        false,
                        2,
                        [
                            0,
                            [
                                0,
                                1,
                                false
                            ],
                            null
                        ],
                        [
                            0,
                            9,
                            false
                        ],
                        null
                    ]
                ]
            },
            "select": [
                false,
                [
                    [
                        0,
                        [
                            0,
                            [
                                0,
                                10,
                                false
                            ],
                            null
                        ]
                    ]
                ]
            ],
            "where": [
                [
                    false,
                    7,
                    [
                        0,
                        [
                            0,
                            13,
                            false
                        ],
                        null
                    ],
                    "\"Santo Domingo\"",
                    null
                ]
            ],
            "groupBy": [],
            "having": [],
            "orderBy": [],
            "limit": null,
            "intersect": null,
            "union": null,
            "except": null
        },
        "complexity": "medium",
        "query_len": 22
    },
    {
        "db_id": "gymnast",
        "query": "SELECT T2.Hometown ,  COUNT(*) FROM gymnast AS T1 JOIN people AS T2 ON T1.Gymnast_ID  =  T2.People_ID GROUP BY T2.Hometown",
        "query_toks": [
            "SELECT",
            "T2.Hometown",
            ",",
            "COUNT",
            "(",
            "*",
            ")",
            "FROM",
            "gymnast",
            "AS",
            "T1",
            "JOIN",
            "people",
            "AS",
            "T2",
            "ON",
            "T1.Gymnast_ID",
            "=",
            "T2.People_ID",
            "GROUP",
            "BY",
            "T2.Hometown"
        ],
        "query_toks_no_value": [
            "select",
            "t2",
            ".",
            "hometown",
            ",",
            "count",
            "(",
            "*",
            ")",
            "from",
            "gymnast",
            "as",
            "t1",
            "join",
            "people",
            "as",
            "t2",
            "on",
            "t1",
            ".",
            "gymnast_id",
            "=",
            "t2",
            ".",
            "people_id",
            "group",
            "by",
            "t2",
            ".",
            "hometown"
        ],
        "question": "What are the hometowns of gymnasts and the corresponding number of gymnasts?",
        "question_toks": [
            "What",
            "are",
            "the",
            "hometowns",
            "of",
            "gymnasts",
            "and",
            "the",
            "corresponding",
            "number",
            "of",
            "gymnasts",
            "?"
        ],
        "sql": {
            "from": {
                "table_units": [
                    [
                        "table_unit",
                        0
                    ],
                    [
                        "table_unit",
                        1
                    ]
                ],
                "conds": [
                    [
                        false,
                        2,
                        [
                            0,
                            [
                                0,
                                1,
                                false
                            ],
                            null
                        ],
                        [
                            0,
                            9,
                            false
                        ],
                        null
                    ]
                ]
            },
            "select": [
                false,
                [
                    [
                        0,
                        [
                            0,
                            [
                                0,
                                13,
                                false
                            ],
                            null
                        ]
                    ],
                    [
                        3,
                        [
                            0,
                            [
                                0,
                                0,
                                false
                            ],
                            null
                        ]
                    ]
                ]
            ],
            "where": [],
            "groupBy": [
                [
                    0,
                    13,
                    false
                ]
            ],
            "having": [],
            "orderBy": [],
            "limit": null,
            "intersect": null,
            "union": null,
            "except": null
        },
        "complexity": "medium",
        "query_len": 22
    },
    {
        "db_id": "gymnast",
        "query": "SELECT T2.Hometown FROM gymnast AS T1 JOIN people AS T2 ON T1.Gymnast_ID  =  T2.People_ID GROUP BY T2.Hometown HAVING COUNT(*)  >=  2",
        "query_toks": [
            "SELECT",
            "T2.Hometown",
            "FROM",
            "gymnast",
            "AS",
            "T1",
            "JOIN",
            "people",
            "AS",
            "T2",
            "ON",
            "T1.Gymnast_ID",
            "=",
            "T2.People_ID",
            "GROUP",
            "BY",
            "T2.Hometown",
            "HAVING",
            "COUNT",
            "(",
            "*",
            ")",
            ">",
            "=",
            "2"
        ],
        "query_toks_no_value": [
            "select",
            "t2",
            ".",
            "hometown",
            "from",
            "gymnast",
            "as",
            "t1",
            "join",
            "people",
            "as",
            "t2",
            "on",
            "t1",
            ".",
            "gymnast_id",
            "=",
            "t2",
            ".",
            "people_id",
            "group",
            "by",
            "t2",
            ".",
            "hometown",
            "having",
            "count",
            "(",
            "*",
            ")",
            ">",
            "=",
            "value"
        ],
        "question": "What are the hometowns that are shared by at least two gymnasts?",
        "question_toks": [
            "What",
            "are",
            "the",
            "hometowns",
            "that",
            "are",
            "shared",
            "by",
            "at",
            "least",
            "two",
            "gymnasts",
            "?"
        ],
        "sql": {
            "from": {
                "table_units": [
                    [
                        "table_unit",
                        0
                    ],
                    [
                        "table_unit",
                        1
                    ]
                ],
                "conds": [
                    [
                        false,
                        2,
                        [
                            0,
                            [
                                0,
                                1,
                                false
                            ],
                            null
                        ],
                        [
                            0,
                            9,
                            false
                        ],
                        null
                    ]
                ]
            },
            "select": [
                false,
                [
                    [
                        0,
                        [
                            0,
                            [
                                0,
                                13,
                                false
                            ],
                            null
                        ]
                    ]
                ]
            ],
            "where": [],
            "groupBy": [
                [
                    0,
                    13,
                    false
                ]
            ],
            "having": [
                [
                    false,
                    5,
                    [
                        0,
                        [
                            3,
                            0,
                            false
                        ],
                        null
                    ],
                    2.0,
                    null
                ]
            ],
            "orderBy": [],
            "limit": null,
            "intersect": null,
            "union": null,
            "except": null
        },
        "complexity": "medium",
        "query_len": 25
    },
    {
        "db_id": "gymnast",
        "query": "SELECT T2.Hometown FROM gymnast AS T1 JOIN people AS T2 ON T1.Gymnast_ID  =  T2.People_ID GROUP BY T2.Hometown HAVING COUNT(*)  >=  2",
        "query_toks": [
            "SELECT",
            "T2.Hometown",
            "FROM",
            "gymnast",
            "AS",
            "T1",
            "JOIN",
            "people",
            "AS",
            "T2",
            "ON",
            "T1.Gymnast_ID",
            "=",
            "T2.People_ID",
            "GROUP",
            "BY",
            "T2.Hometown",
            "HAVING",
            "COUNT",
            "(",
            "*",
            ")",
            ">",
            "=",
            "2"
        ],
        "query_toks_no_value": [
            "select",
            "t2",
            ".",
            "hometown",
            "from",
            "gymnast",
            "as",
            "t1",
            "join",
            "people",
            "as",
            "t2",
            "on",
            "t1",
            ".",
            "gymnast_id",
            "=",
            "t2",
            ".",
            "people_id",
            "group",
            "by",
            "t2",
            ".",
            "hometown",
            "having",
            "count",
            "(",
            "*",
            ")",
            ">",
            "=",
            "value"
        ],
        "question": "Give the hometowns from which two or more gymnasts are from.",
        "question_toks": [
            "Give",
            "the",
            "hometowns",
            "from",
            "which",
            "two",
            "or",
            "more",
            "gymnasts",
            "are",
            "from",
            "."
        ],
        "sql": {
            "from": {
                "table_units": [
                    [
                        "table_unit",
                        0
                    ],
                    [
                        "table_unit",
                        1
                    ]
                ],
                "conds": [
                    [
                        false,
                        2,
                        [
                            0,
                            [
                                0,
                                1,
                                false
                            ],
                            null
                        ],
                        [
                            0,
                            9,
                            false
                        ],
                        null
                    ]
                ]
            },
            "select": [
                false,
                [
                    [
                        0,
                        [
                            0,
                            [
                                0,
                                13,
                                false
                            ],
                            null
                        ]
                    ]
                ]
            ],
            "where": [],
            "groupBy": [
                [
                    0,
                    13,
                    false
                ]
            ],
            "having": [
                [
                    false,
                    5,
                    [
                        0,
                        [
                            3,
                            0,
                            false
                        ],
                        null
                    ],
                    2.0,
                    null
                ]
            ],
            "orderBy": [],
            "limit": null,
            "intersect": null,
            "union": null,
            "except": null
        },
        "complexity": "medium",
        "query_len": 25
    },
    {
        "db_id": "gymnast",
        "query": "SELECT T2.Hometown FROM gymnast AS T1 JOIN people AS T2 ON T1.Gymnast_ID  =  T2.People_ID GROUP BY T2.Hometown ORDER BY COUNT(*) DESC LIMIT 1",
        "query_toks": [
            "SELECT",
            "T2.Hometown",
            "FROM",
            "gymnast",
            "AS",
            "T1",
            "JOIN",
            "people",
            "AS",
            "T2",
            "ON",
            "T1.Gymnast_ID",
            "=",
            "T2.People_ID",
            "GROUP",
            "BY",
            "T2.Hometown",
            "ORDER",
            "BY",
            "COUNT",
            "(",
            "*",
            ")",
            "DESC",
            "LIMIT",
            "1"
        ],
        "query_toks_no_value": [
            "select",
            "t2",
            ".",
            "hometown",
            "from",
            "gymnast",
            "as",
            "t1",
            "join",
            "people",
            "as",
            "t2",
            "on",
            "t1",
            ".",
            "gymnast_id",
            "=",
            "t2",
            ".",
            "people_id",
            "group",
            "by",
            "t2",
            ".",
            "hometown",
            "order",
            "by",
            "count",
            "(",
            "*",
            ")",
            "desc",
            "limit",
            "value"
        ],
        "question": "What is the most common hometown of gymnasts?",
        "question_toks": [
            "What",
            "is",
            "the",
            "most",
            "common",
            "hometown",
            "of",
            "gymnasts",
            "?"
        ],
        "sql": {
            "from": {
                "table_units": [
                    [
                        "table_unit",
                        0
                    ],
                    [
                        "table_unit",
                        1
                    ]
                ],
                "conds": [
                    [
                        false,
                        2,
                        [
                            0,
                            [
                                0,
                                1,
                                false
                            ],
                            null
                        ],
                        [
                            0,
                            9,
                            false
                        ],
                        null
                    ]
                ]
            },
            "select": [
                false,
                [
                    [
                        0,
                        [
                            0,
                            [
                                0,
                                13,
                                false
                            ],
                            null
                        ]
                    ]
                ]
            ],
            "where": [],
            "groupBy": [
                [
                    0,
                    13,
                    false
                ]
            ],
            "having": [],
            "orderBy": [
                "desc",
                [
                    [
                        0,
                        [
                            3,
                            0,
                            false
                        ],
                        null
                    ]
                ]
            ],
            "limit": 1,
            "intersect": null,
            "union": null,
            "except": null
        },
        "complexity": "extra",
        "query_len": 26
    }
]