[
    {
        "db_id": "imdb",
        "query": "SELECT name FROM actor WHERE birth_city  =  \"Tehran\";",
        "query_toks": [
            "SELECT",
            "name",
            "FROM",
            "actor",
            "WHERE",
            "birth_city",
            "=",
            "``",
            "Tehran",
            "''",
            ";"
        ],
        "query_toks_no_value": [
            "select",
            "name",
            "from",
            "actor",
            "where",
            "birth_city",
            "=",
            "value"
        ],
        "question": "Find all actors born in \" Tehran \"",
        "question_toks": [
            "Find",
            "all",
            "actors",
            "born",
            "in",
            "``",
            "Tehran",
            "``"
        ],
        "sql": {
            "from": {
                "table_units": [
                    [
                        "table_unit",
                        0
                    ]
                ],
                "conds": []
            },
            "select": [
                false,
                [
                    [
                        0,
                        [
                            0,
                            [
                                0,
                                3,
                                false
                            ],
                            null
                        ]
                    ]
                ]
            ],
            "where": [
                [
                    false,
                    2,
                    [
                        0,
                        [
                            0,
                            5,
                            false
                        ],
                        null
                    ],
                    "\"Tehran\"",
                    null
                ]
            ],
            "groupBy": [],
            "having": [],
            "orderBy": [],
            "limit": null,
            "intersect": null,
            "union": null,
            "except": null
        },
        "complexity": "easy",
        "query_len": 11
    },
    {
        "db_id": "imdb",
        "query": "SELECT name FROM actor WHERE birth_city  =  \"Tehran\";",
        "query_toks": [
            "SELECT",
            "name",
            "FROM",
            "actor",
            "WHERE",
            "birth_city",
            "=",
            "``",
            "Tehran",
            "''",
            ";"
        ],
        "query_toks_no_value": [
            "select",
            "name",
            "from",
            "actor",
            "where",
            "birth_city",
            "=",
            "value"
        ],
        "question": "Find all actors born in Tehran",
        "question_toks": [
            "Find",
            "all",
            "actors",
            "born",
            "in",
            "Tehran"
        ],
        "sql": {
            "from": {
                "table_units": [
                    [
                        "table_unit",
                        0
                    ]
                ],
                "conds": []
            },
            "select": [
                false,
                [
                    [
                        0,
                        [
                            0,
                            [
                                0,
                                3,
                                false
                            ],
                            null
                        ]
                    ]
                ]
            ],
            "where": [
                [
                    false,
                    2,
                    [
                        0,
                        [
                            0,
                            5,
                            false
                        ],
                        null
                    ],
                    "\"Tehran\"",
                    null
                ]
            ],
            "groupBy": [],
            "having": [],
            "orderBy": [],
            "limit": null,
            "intersect": null,
            "union": null,
            "except": null
        },
        "complexity": "easy",
        "query_len": 11
    },
    {
        "db_id": "imdb",
        "query": "SELECT name FROM actor WHERE birth_city  =  \"Tehran\";",
        "query_toks": [
            "SELECT",
            "name",
            "FROM",
            "actor",
            "WHERE",
            "birth_city",
            "=",
            "``",
            "Tehran",
            "''",
            ";"
        ],
        "query_toks_no_value": [
            "select",
            "name",
            "from",
            "actor",
            "where",
            "birth_city",
            "=",
            "value"
        ],
        "question": "Which actors were born in Tehran",
        "question_toks": [
            "Which",
            "actors",
            "were",
            "born",
            "in",
            "Tehran"
        ],
        "sql": {
            "from": {
                "table_units": [
                    [
                        "table_unit",
                        0
                    ]
                ],
                "conds": []
            },
            "select": [
                false,
                [
                    [
                        0,
                        [
                            0,
                            [
                                0,
                                3,
                                false
                            ],
                            null
                        ]
                    ]
                ]
            ],
            "where": [
                [
                    false,
                    2,
                    [
                        0,
                        [
                            0,
                            5,
                            false
                        ],
                        null
                    ],
                    "\"Tehran\"",
                    null
                ]
            ],
            "groupBy": [],
            "having": [],
            "orderBy": [],
            "limit": null,
            "intersect": null,
            "union": null,
            "except": null
        },
        "complexity": "easy",
        "query_len": 11
    },
    {
        "db_id": "imdb",
        "query": "SELECT name FROM actor WHERE nationality  =  \"Afghanistan\";",
        "query_toks": [
            "SELECT",
            "name",
            "FROM",
            "actor",
            "WHERE",
            "nationality",
            "=",
            "``",
            "Afghanistan",
            "''",
            ";"
        ],
        "query_toks_no_value": [
            "select",
            "name",
            "from",
            "actor",
            "where",
            "nationality",
            "=",
            "value"
        ],
        "question": "Find all actors from Afghanistan",
        "question_toks": [
            "Find",
            "all",
            "actors",
            "from",
            "Afghanistan"
        ],
        "sql": {
            "from": {
                "table_units": [
                    [
                        "table_unit",
                        0
                    ]
                ],
                "conds": []
            },
            "select": [
                false,
                [
                    [
                        0,
                        [
                            0,
                            [
                                0,
                                3,
                                false
                            ],
                            null
                        ]
                    ]
                ]
            ],
            "where": [
                [
                    false,
                    2,
                    [
                        0,
                        [
                            0,
                            4,
                            false
                        ],
                        null
                    ],
                    "\"Afghanistan\"",
                    null
                ]
            ],
            "groupBy": [],
            "having": [],
            "orderBy": [],
            "limit": null,
            "intersect": null,
            "union": null,
            "except": null
        },
        "complexity": "easy",
        "query_len": 11
    },
    {
        "db_id": "imdb",
        "query": "SELECT name FROM actor WHERE nationality  =  \"Afghanistan\";",
        "query_toks": [
            "SELECT",
            "name",
            "FROM",
            "actor",
            "WHERE",
            "nationality",
            "=",
            "``",
            "Afghanistan",
            "''",
            ";"
        ],
        "query_toks_no_value": [
            "select",
            "name",
            "from",
            "actor",
            "where",
            "nationality",
            "=",
            "value"
        ],
        "question": "Give me the name of all the actors from Afghanistan",
        "question_toks": [
            "Give",
            "me",
            "the",
            "name",
            "of",
            "all",
            "the",
            "actors",
            "from",
            "Afghanistan"
        ],
        "sql": {
            "from": {
                "table_units": [
                    [
                        "table_unit",
                        0
                    ]
                ],
                "conds": []
            },
            "select": [
                false,
                [
                    [
                        0,
                        [
                            0,
                            [
                                0,
                                3,
                                false
                            ],
                            null
                        ]
                    ]
                ]
            ],
            "where": [
                [
                    false,
                    2,
                    [
                        0,
                        [
                            0,
                            4,
                            false
                        ],
                        null
                    ],
                    "\"Afghanistan\"",
                    null
                ]
            ],
            "groupBy": [],
            "having": [],
            "orderBy": [],
            "limit": null,
            "intersect": null,
            "union": null,
            "except": null
        },
        "complexity": "easy",
        "query_len": 11
    },
    {
        "db_id": "imdb",
        "query": "SELECT birth_year FROM actor WHERE name  =  \"actor_name0\";",
        "query_toks": [
            "SELECT",
            "birth_year",
            "FROM",
            "actor",
            "WHERE",
            "name",
            "=",
            "``",
            "actor_name0",
            "''",
            ";"
        ],
        "query_toks_no_value": [
            "select",
            "birth_year",
            "from",
            "actor",
            "where",
            "name",
            "=",
            "value"
        ],
        "question": "When was \" Kevin Spacey \" born ?",
        "question_toks": [
            "When",
            "was",
            "``",
            "Kevin",
            "Spacey",
            "``",
            "born",
            "?"
        ],
        "sql": {
            "from": {
                "table_units": [
                    [
                        "table_unit",
                        0
                    ]
                ],
                "conds": []
            },
            "select": [
                false,
                [
                    [
                        0,
                        [
                            0,
                            [
                                0,
                                6,
                                false
                            ],
                            null
                        ]
                    ]
                ]
            ],
            "where": [
                [
                    false,
                    2,
                    [
                        0,
                        [
                            0,
                            3,
                            false
                        ],
                        null
                    ],
                    "\"actor_name0\"",
                    null
                ]
            ],
            "groupBy": [],
            "having": [],
            "orderBy": [],
            "limit": null,
            "intersect": null,
            "union": null,
            "except": null
        },
        "complexity": "easy",
        "query_len": 11
    },
    {
        "db_id": "imdb",
        "query": "SELECT birth_city FROM director WHERE name  =  \"director_name0\";",
        "query_toks": [
            "SELECT",
            "birth_city",
            "FROM",
            "director",
            "WHERE",
            "name",
            "=",
            "``",
            "director_name0",
            "''",
            ";"
        ],
        "query_toks_no_value": [
            "select",
            "birth_city",
            "from",
            "director",
            "where",
            "name",
            "=",
            "value"
        ],
        "question": "Where is the birth place of \" Kevin Spacey \"",
        "question_toks": [
            "Where",
            "is",
            "the",
            "birth",
            "place",
            "of",
            "``",
            "Kevin",
            "Spacey",
            "``"
        ],
        "sql": {
            "from": {
                "table_units": [
                    [
                        "table_unit",
                        6
                    ]
                ],
                "conds": []
            },
            "select": [
                false,
                [
                    [
                        0,
                        [
                            0,
                            [
                                0,
                                26,
                                false
                            ],
                            null
                        ]
                    ]
                ]
            ],
            "where": [
                [
                    false,
                    2,
                    [
                        0,
                        [
                            0,
                            24,
                            false
                        ],
                        null
                    ],
                    "\"director_name0\"",
                    null
                ]
            ],
            "groupBy": [],
            "having": [],
            "orderBy": [],
            "limit": null,
            "intersect": null,
            "union": null,
            "except": null
        },
        "complexity": "easy",
        "query_len": 11
    },
    {
        "db_id": "imdb",
        "query": "SELECT birth_city FROM director WHERE name  =  \"director_name0\";",
        "query_toks": [
            "SELECT",
            "birth_city",
            "FROM",
            "director",
            "WHERE",
            "name",
            "=",
            "``",
            "director_name0",
            "''",
            ";"
        ],
        "query_toks_no_value": [
            "select",
            "birth_city",
            "from",
            "director",
            "where",
            "name",
            "=",
            "value"
        ],
        "question": "In what city was \" Kevin Spacey \" born ?",
        "question_toks": [
            "In",
            "what",
            "city",
            "was",
            "``",
            "Kevin",
            "Spacey",
            "``",
            "born",
            "?"
        ],
        "sql": {
            "from": {
                "table_units": [
                    [
                        "table_unit",
                        6
                    ]
                ],
                "conds": []
            },
            "select": [
                false,
                [
                    [
                        0,
                        [
                            0,
                            [
                                0,
                                26,
                                false
                            ],
                            null
                        ]
                    ]
                ]
            ],
            "where": [
                [
                    false,
                    2,
                    [
                        0,
                        [
                            0,
                            24,
                            false
                        ],
                        null
                    ],
                    "\"director_name0\"",
                    null
                ]
            ],
            "groupBy": [],
            "having": [],
            "orderBy": [],
            "limit": null,
            "intersect": null,
            "union": null,
            "except": null
        },
        "complexity": "easy",
        "query_len": 11
    },
    {
        "db_id": "imdb",
        "query": "SELECT nationality FROM director WHERE name  =  \"director_name0\";",
        "query_toks": [
            "SELECT",
            "nationality",
            "FROM",
            "director",
            "WHERE",
            "name",
            "=",
            "``",
            "director_name0",
            "''",
            ";"
        ],
        "query_toks_no_value": [
            "select",
            "nationality",
            "from",
            "director",
            "where",
            "name",
            "=",
            "value"
        ],
        "question": "What is the nationality of \" Kevin Spacey \" ?",
        "question_toks": [
            "What",
            "is",
            "the",
            "nationality",
            "of",
            "``",
            "Kevin",
            "Spacey",
            "``",
            "?"
        ],
        "sql": {
            "from": {
                "table_units": [
                    [
                        "table_unit",
                        6
                    ]
                ],
                "conds": []
            },
            "select": [
                false,
                [
                    [
                        0,
                        [
                            0,
                            [
                                0,
                                25,
                                false
                            ],
                            null
                        ]
                    ]
                ]
            ],
            "where": [
                [
                    false,
                    2,
                    [
                        0,
                        [
                            0,
                            24,
                            false
                        ],
                        null
                    ],
                    "\"director_name0\"",
                    null
                ]
            ],
            "groupBy": [],
            "having": [],
            "orderBy": [],
            "limit": null,
            "intersect": null,
            "union": null,
            "except": null
        },
        "complexity": "easy",
        "query_len": 11
    },
    {
        "db_id": "imdb",
        "query": "SELECT birth_year FROM actor WHERE name  =  \"Benedict Cumberbatch\";",
        "query_toks": [
            "SELECT",
            "birth_year",
            "FROM",
            "actor",
            "WHERE",
            "name",
            "=",
            "``",
            "Benedict",
            "Cumberbatch",
            "''",
            ";"
        ],
        "query_toks_no_value": [
            "select",
            "birth_year",
            "from",
            "actor",
            "where",
            "name",
            "=",
            "value"
        ],
        "question": "What year was \" Benedict Cumberbatch \" born ?",
        "question_toks": [
            "What",
            "year",
            "was",
            "``",
            "Benedict",
            "Cumberbatch",
            "``",
            "born",
            "?"
        ],
        "sql": {
            "from": {
                "table_units": [
                    [
                        "table_unit",
                        0
                    ]
                ],
                "conds": []
            },
            "select": [
                false,
                [
                    [
                        0,
                        [
                            0,
                            [
                                0,
                                6,
                                false
                            ],
                            null
                        ]
                    ]
                ]
            ],
            "where": [
                [
                    false,
                    2,
                    [
                        0,
                        [
                            0,
                            3,
                            false
                        ],
                        null
                    ],
                    "\"Benedict Cumberbatch\"",
                    null
                ]
            ],
            "groupBy": [],
            "having": [],
            "orderBy": [],
            "limit": null,
            "intersect": null,
            "union": null,
            "except": null
        },
        "complexity": "easy",
        "query_len": 12
    },
    {
        "db_id": "imdb",
        "query": "SELECT birth_year FROM actor WHERE name  =  \"Benedict Cumberbatch\";",
        "query_toks": [
            "SELECT",
            "birth_year",
            "FROM",
            "actor",
            "WHERE",
            "name",
            "=",
            "``",
            "Benedict",
            "Cumberbatch",
            "''",
            ";"
        ],
        "query_toks_no_value": [
            "select",
            "birth_year",
            "from",
            "actor",
            "where",
            "name",
            "=",
            "value"
        ],
        "question": "In what year was \" Benedict Cumberbatch \" born",
        "question_toks": [
            "In",
            "what",
            "year",
            "was",
            "``",
            "Benedict",
            "Cumberbatch",
            "``",
            "born"
        ],
        "sql": {
            "from": {
                "table_units": [
                    [
                        "table_unit",
                        0
                    ]
                ],
                "conds": []
            },
            "select": [
                false,
                [
                    [
                        0,
                        [
                            0,
                            [
                                0,
                                6,
                                false
                            ],
                            null
                        ]
                    ]
                ]
            ],
            "where": [
                [
                    false,
                    2,
                    [
                        0,
                        [
                            0,
                            3,
                            false
                        ],
                        null
                    ],
                    "\"Benedict Cumberbatch\"",
                    null
                ]
            ],
            "groupBy": [],
            "having": [],
            "orderBy": [],
            "limit": null,
            "intersect": null,
            "union": null,
            "except": null
        },
        "complexity": "easy",
        "query_len": 12
    },
    {
        "db_id": "imdb",
        "query": "SELECT nationality FROM actor WHERE name  =  \"Christoph Waltz\";",
        "query_toks": [
            "SELECT",
            "nationality",
            "FROM",
            "actor",
            "WHERE",
            "name",
            "=",
            "``",
            "Christoph",
            "Waltz",
            "''",
            ";"
        ],
        "query_toks_no_value": [
            "select",
            "nationality",
            "from",
            "actor",
            "where",
            "name",
            "=",
            "value"
        ],
        "question": "What is the nationality of the actress \" Christoph Waltz \" ?",
        "question_toks": [
            "What",
            "is",
            "the",
            "nationality",
            "of",
            "the",
            "actress",
            "``",
            "Christoph",
            "Waltz",
            "``",
            "?"
        ],
        "sql": {
            "from": {
                "table_units": [
                    [
                        "table_unit",
                        0
                    ]
                ],
                "conds": []
            },
            "select": [
                false,
                [
                    [
                        0,
                        [
                            0,
                            [
                                0,
                                4,
                                false
                            ],
                            null
                        ]
                    ]
                ]
            ],
            "where": [
                [
                    false,
                    2,
                    [
                        0,
                        [
                            0,
                            3,
                            false
                        ],
                        null
                    ],
                    "\"Christoph Waltz\"",
                    null
                ]
            ],
            "groupBy": [],
            "having": [],
            "orderBy": [],
            "limit": null,
            "intersect": null,
            "union": null,
            "except": null
        },
        "complexity": "easy",
        "query_len": 12
    },
    {
        "db_id": "imdb",
        "query": "SELECT name FROM actor WHERE birth_city  =  \"Austin\" AND birth_year  >  1980;",
        "query_toks": [
            "SELECT",
            "name",
            "FROM",
            "actor",
            "WHERE",
            "birth_city",
            "=",
            "``",
            "Austin",
            "''",
            "AND",
            "birth_year",
            ">",
            "1980",
            ";"
        ],
        "query_toks_no_value": [
            "select",
            "name",
            "from",
            "actor",
            "where",
            "birth_city",
            "=",
            "value",
            "and",
            "birth_year",
            ">",
            "value"
        ],
        "question": "Find all actors born in \" Austin \" after 1980",
        "question_toks": [
            "Find",
            "all",
            "actors",
            "born",
            "in",
            "``",
            "Austin",
            "``",
            "after",
            "1980"
        ],
        "sql": {
            "from": {
                "table_units": [
                    [
                        "table_unit",
                        0
                    ]
                ],
                "conds": []
            },
            "select": [
                false,
                [
                    [
                        0,
                        [
                            0,
                            [
                                0,
                                3,
                                false
                            ],
                            null
                        ]
                    ]
                ]
            ],
            "where": [
                [
                    false,
                    2,
                    [
                        0,
                        [
                            0,
                            5,
                            false
                        ],
                        null
                    ],
                    "\"Austin\"",
                    null
                ],
                "and",
                [
                    false,
                    3,
                    [
                        0,
                        [
                            0,
                            6,
                            false
                        ],
                        null
                    ],
                    1980.0,
                    null
                ]
            ],
            "groupBy": [],
            "having": [],
            "orderBy": [],
            "limit": null,
            "intersect": null,
            "union": null,
            "except": null
        },
        "complexity": "medium",
        "query_len": 15
    },
    {
        "db_id": "imdb",
        "query": "SELECT name FROM actor WHERE birth_city  =  \"Austin\" AND birth_year  >  1980;",
        "query_toks": [
            "SELECT",
            "name",
            "FROM",
            "actor",
            "WHERE",
            "birth_city",
            "=",
            "``",
            "Austin",
            "''",
            "AND",
            "birth_year",
            ">",
            "1980",
            ";"
        ],
        "query_toks_no_value": [
            "select",
            "name",
            "from",
            "actor",
            "where",
            "birth_city",
            "=",
            "value",
            "and",
            "birth_year",
            ">",
            "value"
        ],
        "question": "Who are the actors born in \" Austin \" after 1980 ?",
        "question_toks": [
            "Who",
            "are",
            "the",
            "actors",
            "born",
            "in",
            "``",
            "Austin",
            "``",
            "after",
            "1980",
            "?"
        ],
        "sql": {
            "from": {
                "table_units": [
                    [
                        "table_unit",
                        0
                    ]
                ],
                "conds": []
            },
            "select": [
                false,
                [
                    [
                        0,
                        [
                            0,
                            [
                                0,
                                3,
                                false
                            ],
                            null
                        ]
                    ]
                ]
            ],
            "where": [
                [
                    false,
                    2,
                    [
                        0,
                        [
                            0,
                            5,
                            false
                        ],
                        null
                    ],
                    "\"Austin\"",
                    null
                ],
                "and",
                [
                    false,
                    3,
                    [
                        0,
                        [
                            0,
                            6,
                            false
                        ],
                        null
                    ],
                    1980.0,
                    null
                ]
            ],
            "groupBy": [],
            "having": [],
            "orderBy": [],
            "limit": null,
            "intersect": null,
            "union": null,
            "except": null
        },
        "complexity": "medium",
        "query_len": 15
    },
    {
        "db_id": "imdb",
        "query": "SELECT name FROM actor WHERE birth_year  >  1980 AND nationality  =  \"Italy\";",
        "query_toks": [
            "SELECT",
            "name",
            "FROM",
            "actor",
            "WHERE",
            "birth_year",
            ">",
            "1980",
            "AND",
            "nationality",
            "=",
            "``",
            "Italy",
            "''",
            ";"
        ],
        "query_toks_no_value": [
            "select",
            "name",
            "from",
            "actor",
            "where",
            "birth_year",
            ">",
            "value",
            "and",
            "nationality",
            "=",
            "value"
        ],
        "question": "Find all actors from Italy born after 1980",
        "question_toks": [
            "Find",
            "all",
            "actors",
            "from",
            "Italy",
            "born",
            "after",
            "1980"
        ],
        "sql": {
            "from": {
                "table_units": [
                    [
                        "table_unit",
                        0
                    ]
                ],
                "conds": []
            },
            "select": [
                false,
                [
                    [
                        0,
                        [
                            0,
                            [
                                0,
                                3,
                                false
                            ],
                            null
                        ]
                    ]
                ]
            ],
            "where": [
                [
                    false,
                    3,
                    [
                        0,
                        [
                            0,
                            6,
                            false
                        ],
                        null
                    ],
                    1980.0,
                    null
                ],
                "and",
                [
                    false,
                    2,
                    [
                        0,
                        [
                            0,
                            4,
                            false
                        ],
                        null
                    ],
                    "\"Italy\"",
                    null
                ]
            ],
            "groupBy": [],
            "having": [],
            "orderBy": [],
            "limit": null,
            "intersect": null,
            "union": null,
            "except": null
        },
        "complexity": "medium",
        "query_len": 15
    },
    {
        "db_id": "imdb",
        "query": "SELECT name FROM actor WHERE birth_city  =  \"New York City\" AND birth_year  =  1984;",
        "query_toks": [
            "SELECT",
            "name",
            "FROM",
            "actor",
            "WHERE",
            "birth_city",
            "=",
            "``",
            "New",
            "York",
            "City",
            "''",
            "AND",
            "birth_year",
            "=",
            "1984",
            ";"
        ],
        "query_toks_no_value": [
            "select",
            "name",
            "from",
            "actor",
            "where",
            "birth_city",
            "=",
            "value",
            "and",
            "birth_year",
            "=",
            "value"
        ],
        "question": "Find all actors who were born in \" New York City \" in 1984",
        "question_toks": [
            "Find",
            "all",
            "actors",
            "who",
            "were",
            "born",
            "in",
            "``",
            "New",
            "York",
            "City",
            "``",
            "in",
            "1984"
        ],
        "sql": {
            "from": {
                "table_units": [
                    [
                        "table_unit",
                        0
                    ]
                ],
                "conds": []
            },
            "select": [
                false,
                [
                    [
                        0,
                        [
                            0,
                            [
                                0,
                                3,
                                false
                            ],
                            null
                        ]
                    ]
                ]
            ],
            "where": [
                [
                    false,
                    2,
                    [
                        0,
                        [
                            0,
                            5,
                            false
                        ],
                        null
                    ],
                    "\"New York City\"",
                    null
                ],
                "and",
                [
                    false,
                    2,
                    [
                        0,
                        [
                            0,
                            6,
                            false
                        ],
                        null
                    ],
                    1984.0,
                    null
                ]
            ],
            "groupBy": [],
            "having": [],
            "orderBy": [],
            "limit": null,
            "intersect": null,
            "union": null,
            "except": null
        },
        "complexity": "medium",
        "query_len": 17
    },
    {
        "db_id": "imdb",
        "query": "SELECT name FROM actor WHERE birth_city  =  \"Austin\" AND gender  =  \"female\";",
        "query_toks": [
            "SELECT",
            "name",
            "FROM",
            "actor",
            "WHERE",
            "birth_city",
            "=",
            "``",
            "Austin",
            "''",
            "AND",
            "gender",
            "=",
            "``",
            "female",
            "''",
            ";"
        ],
        "query_toks_no_value": [
            "select",
            "name",
            "from",
            "actor",
            "where",
            "birth_city",
            "=",
            "value",
            "and",
            "gender",
            "=",
            "value"
        ],
        "question": "Find all the female actors from Austin",
        "question_toks": [
            "Find",
            "all",
            "the",
            "female",
            "actors",
            "from",
            "Austin"
        ],
        "sql": {
            "from": {
                "table_units": [
                    [
                        "table_unit",
                        0
                    ]
                ],
                "conds": []
            },
            "select": [
                false,
                [
                    [
                        0,
                        [
                            0,
                            [
                                0,
                                3,
                                false
                            ],
                            null
                        ]
                    ]
                ]
            ],
            "where": [
                [
                    false,
                    2,
                    [
                        0,
                        [
                            0,
                            5,
                            false
                        ],
                        null
                    ],
                    "\"Austin\"",
                    null
                ],
                "and",
                [
                    false,
                    2,
                    [
                        0,
                        [
                            0,
                            2,
                            false
                        ],
                        null
                    ],
                    "\"female\"",
                    null
                ]
            ],
            "groupBy": [],
            "having": [],
            "orderBy": [],
            "limit": null,
            "intersect": null,
            "union": null,
            "except": null
        },
        "complexity": "medium",
        "query_len": 17
    },
    {
        "db_id": "imdb",
        "query": "SELECT t1.name FROM CAST AS t2 JOIN actor AS t1 ON t2.aid  =  t1.aid WHERE t2.role  =  \"Mr. Bean\";",
        "query_toks": [
            "SELECT",
            "t1.name",
            "FROM",
            "CAST",
            "AS",
            "t2",
            "JOIN",
            "actor",
            "AS",
            "t1",
            "ON",
            "t2.aid",
            "=",
            "t1.aid",
            "WHERE",
            "t2.role",
            "=",
            "``",
            "Mr.",
            "Bean",
            "''",
            ";"
        ],
        "query_toks_no_value": [
            "select",
            "t1",
            ".",
            "name",
            "from",
            "cast",
            "as",
            "t2",
            "join",
            "actor",
            "as",
            "t1",
            "on",
            "t2",
            ".",
            "aid",
            "=",
            "t1",
            ".",
            "aid",
            "where",
            "t2",
            ".",
            "role",
            "=",
            "value"
        ],
        "question": "who acted the role of \" Mr. Bean \"",
        "question_toks": [
            "who",
            "acted",
            "the",
            "role",
            "of",
            "``",
            "Mr.",
            "Bean",
            "``"
        ],
        "sql": {
            "from": {
                "table_units": [
                    [
                        "table_unit",
                        2
                    ],
                    [
                        "table_unit",
                        0
                    ]
                ],
                "conds": [
                    [
                        false,
                        2,
                        [
                            0,
                            [
                                0,
                                12,
                                false
                            ],
                            null
                        ],
                        [
                            0,
                            1,
                            false
                        ],
                        null
                    ]
                ]
            },
            "select": [
                false,
                [
                    [
                        0,
                        [
                            0,
                            [
                                0,
                                3,
                                false
                            ],
                            null
                        ]
                    ]
                ]
            ],
            "where": [
                [
                    false,
                    2,
                    [
                        0,
                        [
                            0,
                            13,
                            false
                        ],
                        null
                    ],
                    "\"Mr. Bean\"",
                    null
                ]
            ],
            "groupBy": [],
            "having": [],
            "orderBy": [],
            "limit": null,
            "intersect": null,
            "union": null,
            "except": null
        },
        "complexity": "medium",
        "query_len": 22
    },
    {
        "db_id": "imdb",
        "query": "SELECT name FROM actor WHERE birth_city  =  \"New York City\" AND birth_year  >  1980 AND gender  =  \"female\";",
        "query_toks": [
            "SELECT",
            "name",
            "FROM",
            "actor",
            "WHERE",
            "birth_city",
            "=",
            "``",
            "New",
            "York",
            "City",
            "''",
            "AND",
            "birth_year",
            ">",
            "1980",
            "AND",
            "gender",
            "=",
            "``",
            "female",
            "''",
            ";"
        ],
        "query_toks_no_value": [
            "select",
            "name",
            "from",
            "actor",
            "where",
            "birth_city",
            "=",
            "value",
            "and",
            "birth_year",
            ">",
            "value",
            "and",
            "gender",
            "=",
            "value"
        ],
        "question": "Find all the female actors born in \" New York City \" after 1980",
        "question_toks": [
            "Find",
            "all",
            "the",
            "female",
            "actors",
            "born",
            "in",
            "``",
            "New",
            "York",
            "City",
            "``",
            "after",
            "1980"
        ],
        "sql": {
            "from": {
                "table_units": [
                    [
                        "table_unit",
                        0
                    ]
                ],
                "conds": []
            },
            "select": [
                false,
                [
                    [
                        0,
                        [
                            0,
                            [
                                0,
                                3,
                                false
                            ],
                            null
                        ]
                    ]
                ]
            ],
            "where": [
                [
                    false,
                    2,
                    [
                        0,
                        [
                            0,
                            5,
                            false
                        ],
                        null
                    ],
                    "\"New York City\"",
                    null
                ],
                "and",
                [
                    false,
                    3,
                    [
                        0,
                        [
                            0,
                            6,
                            false
                        ],
                        null
                    ],
                    1980.0,
                    null
                ],
                "and",
                [
                    false,
                    2,
                    [
                        0,
                        [
                            0,
                            2,
                            false
                        ],
                        null
                    ],
                    "\"female\"",
                    null
                ]
            ],
            "groupBy": [],
            "having": [],
            "orderBy": [],
            "limit": null,
            "intersect": null,
            "union": null,
            "except": null
        },
        "complexity": "medium",
        "query_len": 23
    },
    {
        "db_id": "imdb",
        "query": "SELECT COUNT ( DISTINCT name  ) FROM actor WHERE birth_city  =  \"New York City\" AND birth_year  >  1980 AND gender  =  \"female\";",
        "query_toks": [
            "SELECT",
            "COUNT",
            "(",
            "DISTINCT",
            "name",
            ")",
            "FROM",
            "actor",
            "WHERE",
            "birth_city",
            "=",
            "``",
            "New",
            "York",
            "City",
            "''",
            "AND",
            "birth_year",
            ">",
            "1980",
            "AND",
            "gender",
            "=",
            "``",
            "female",
            "''",
            ";"
        ],
        "query_toks_no_value": [
            "select",
            "count",
            "(",
            "distinct",
            "name",
            ")",
            "from",
            "actor",
            "where",
            "birth_city",
            "=",
            "value",
            "and",
            "birth_year",
            ">",
            "value",
            "and",
            "gender",
            "=",
            "value"
        ],
        "question": "How many female actors were born in \" New York City \" after 1980 ?",
        "question_toks": [
            "How",
            "many",
            "female",
            "actors",
            "were",
            "born",
            "in",
            "``",
            "New",
            "York",
            "City",
            "``",
            "after",
            "1980",
            "?"
        ],
        "sql": {
            "from": {
                "table_units": [
                    [
                        "table_unit",
                        0
                    ]
                ],
                "conds": []
            },
            "select": [
                false,
                [
                    [
                        3,
                        [
                            0,
                            [
                                0,
                                3,
                                true
                            ],
                            null
                        ]
                    ]
                ]
            ],
            "where": [
                [
                    false,
                    2,
                    [
                        0,
                        [
                            0,
                            5,
                            false
                        ],
                        null
                    ],
                    "\"New York City\"",
                    null
                ],
                "and",
                [
                    false,
                    3,
                    [
                        0,
                        [
                            0,
                            6,
                            false
                        ],
                        null
                    ],
                    1980.0,
                    null
                ],
                "and",
                [
                    false,
                    2,
                    [
                        0,
                        [
                            0,
                            2,
                            false
                        ],
                        null
                    ],
                    "\"female\"",
                    null
                ]
            ],
            "groupBy": [],
            "having": [],
            "orderBy": [],
            "limit": null,
            "intersect": null,
            "union": null,
            "except": null
        },
        "complexity": "medium",
        "query_len": 27
    },
    {
        "db_id": "imdb",
        "query": "SELECT t2.title FROM CAST AS t3 JOIN actor AS t1 ON t3.aid  =  t1.aid JOIN tv_series AS t2 ON t2.sid  =  t3.msid WHERE t1.name  =  \"Scott Foley\";",
        "query_toks": [
            "SELECT",
            "t2.title",
            "FROM",
            "CAST",
            "AS",
            "t3",
            "JOIN",
            "actor",
            "AS",
            "t1",
            "ON",
            "t3.aid",
            "=",
            "t1.aid",
            "JOIN",
            "tv_series",
            "AS",
            "t2",
            "ON",
            "t2.sid",
            "=",
            "t3.msid",
            "WHERE",
            "t1.name",
            "=",
            "``",
            "Scott",
            "Foley",
            "''",
            ";"
        ],
        "query_toks_no_value": [
            "select",
            "t2",
            ".",
            "title",
            "from",
            "cast",
            "as",
            "t3",
            "join",
            "actor",
            "as",
            "t1",
            "on",
            "t3",
            ".",
            "aid",
            "=",
            "t1",
            ".",
            "aid",
            "join",
            "tv_series",
            "as",
            "t2",
            "on",
            "t2",
            ".",
            "sid",
            "=",
            "t3",
            ".",
            "msid",
            "where",
            "t1",
            ".",
            "name",
            "=",
            "value"
        ],
        "question": "What are the series featuring \" Scott Foley \" ?",
        "question_toks": [
            "What",
            "are",
            "the",
            "series",
            "featuring",
            "``",
            "Scott",
            "Foley",
            "``",
            "?"
        ],
        "sql": {
            "from": {
                "table_units": [
                    [
                        "table_unit",
                        2
                    ],
                    [
                        "table_unit",
                        0
                    ],
                    [
                        "table_unit",
                        13
                    ]
                ],
                "conds": [
                    [
                        false,
                        2,
                        [
                            0,
                            [
                                0,
                                12,
                                false
                            ],
                            null
                        ],
                        [
                            0,
                            1,
                            false
                        ],
                        null
                    ],
                    "and",
                    [
                        false,
                        2,
                        [
                            0,
                            [
                                0,
                                50,
                                false
                            ],
                            null
                        ],
                        [
                            0,
                            11,
                            false
                        ],
                        null
                    ]
                ]
            },
            "select": [
                false,
                [
                    [
                        0,
                        [
                            0,
                            [
                                0,
                                51,
                                false
                            ],
                            null
                        ]
                    ]
                ]
            ],
            "where": [
                [
                    false,
                    2,
                    [
                        0,
                        [
                            0,
                            3,
                            false
                        ],
                        null
                    ],
                    "\"Scott Foley\"",
                    null
                ]
            ],
            "groupBy": [],
            "having": [],
            "orderBy": [],
            "limit": null,
            "intersect": null,
            "union": null,
            "except": null
        },
        "complexity": "hard",
        "query_len": 30
    },
    {
        "db_id": "imdb",
        "query": "SELECT t2.title FROM CAST AS t3 JOIN actor AS t1 ON t3.aid  =  t1.aid JOIN tv_series AS t2 ON t2.sid  =  t3.msid WHERE t1.name  =  \"Scott Foley\";",
        "query_toks": [
            "SELECT",
            "t2.title",
            "FROM",
            "CAST",
            "AS",
            "t3",
            "JOIN",
            "actor",
            "AS",
            "t1",
            "ON",
            "t3.aid",
            "=",
            "t1.aid",
            "JOIN",
            "tv_series",
            "AS",
            "t2",
            "ON",
            "t2.sid",
            "=",
            "t3.msid",
            "WHERE",
            "t1.name",
            "=",
            "``",
            "Scott",
            "Foley",
            "''",
            ";"
        ],
        "query_toks_no_value": [
            "select",
            "t2",
            ".",
            "title",
            "from",
            "cast",
            "as",
            "t3",
            "join",
            "actor",
            "as",
            "t1",
            "on",
            "t3",
            ".",
            "aid",
            "=",
            "t1",
            ".",
            "aid",
            "join",
            "tv_series",
            "as",
            "t2",
            "on",
            "t2",
            ".",
            "sid",
            "=",
            "t3",
            ".",
            "msid",
            "where",
            "t1",
            ".",
            "name",
            "=",
            "value"
        ],
        "question": "What are the series in which \" Scott Foley \" is an actor ?",
        "question_toks": [
            "What",
            "are",
            "the",
            "series",
            "in",
            "which",
            "``",
            "Scott",
            "Foley",
            "``",
            "is",
            "an",
            "actor",
            "?"
        ],
        "sql": {
            "from": {
                "table_units": [
                    [
                        "table_unit",
                        2
                    ],
                    [
                        "table_unit",
                        0
                    ],
                    [
                        "table_unit",
                        13
                    ]
                ],
                "conds": [
                    [
                        false,
                        2,
                        [
                            0,
                            [
                                0,
                                12,
                                false
                            ],
                            null
                        ],
                        [
                            0,
                            1,
                            false
                        ],
                        null
                    ],
                    "and",
                    [
                        false,
                        2,
                        [
                            0,
                            [
                                0,
                                50,
                                false
                            ],
                            null
                        ],
                        [
                            0,
                            11,
                            false
                        ],
                        null
                    ]
                ]
            },
            "select": [
                false,
                [
                    [
                        0,
                        [
                            0,
                            [
                                0,
                                51,
                                false
                            ],
                            null
                        ]
                    ]
                ]
            ],
            "where": [
                [
                    false,
                    2,
                    [
                        0,
                        [
                            0,
                            3,
                            false
                        ],
                        null
                    ],
                    "\"Scott Foley\"",
                    null
                ]
            ],
            "groupBy": [],
            "having": [],
            "orderBy": [],
            "limit": null,
            "intersect": null,
            "union": null,
            "except": null
        },
        "complexity": "hard",
        "query_len": 30
    },
    {
        "db_id": "imdb",
        "query": "SELECT t2.name FROM director AS t2 JOIN directed_by AS t1 ON t2.did  =  t1.did JOIN tv_series AS t3 ON t3.sid  =  t1.msid WHERE t3.release_year  =  2013 AND t3.title  =  \"House of Cards\";",
        "query_toks": [
            "SELECT",
            "t2.name",
            "FROM",
            "director",
            "AS",
            "t2",
            "JOIN",
            "directed_by",
            "AS",
            "t1",
            "ON",
            "t2.did",
            "=",
            "t1.did",
            "JOIN",
            "tv_series",
            "AS",
            "t3",
            "ON",
            "t3.sid",
            "=",
            "t1.msid",
            "WHERE",
            "t3.release_year",
            "=",
            "2013",
            "AND",
            "t3.title",
            "=",
            "``",
            "House",
            "of",
            "Cards",
            "''",
            ";"
        ],
        "query_toks_no_value": [
            "select",
            "t2",
            ".",
            "name",
            "from",
            "director",
            "as",
            "t2",
            "join",
            "directed_by",
            "as",
            "t1",
            "on",
            "t2",
            ".",
            "did",
            "=",
            "t1",
            ".",
            "did",
            "join",
            "tv_series",
            "as",
            "t3",
            "on",
            "t3",
            ".",
            "sid",
            "=",
            "t1",
            ".",
            "msid",
            "where",
            "t3",
            ".",
            "release_year",
            "=",
            "value",
            "and",
            "t3",
            ".",
            "title",
            "=",
            "value"
        ],
        "question": "Who is the director of the tv series \" House of Cards \" from 2013 ?",
        "question_toks": [
            "Who",
            "is",
            "the",
            "director",
            "of",
            "the",
            "tv",
            "series",
            "``",
            "House",
            "of",
            "Cards",
            "``",
            "from",
            "2013",
            "?"
        ],
        "sql": {
            "from": {
                "table_units": [
                    [
                        "table_unit",
                        6
                    ],
                    [
                        "table_unit",
                        8
                    ],
                    [
                        "table_unit",
                        13
                    ]
                ],
                "conds": [
                    [
                        false,
                        2,
                        [
                            0,
                            [
                                0,
                                22,
                                false
                            ],
                            null
                        ],
                        [
                            0,
                            36,
                            false
                        ],
                        null
                    ],
                    "and",
                    [
                        false,
                        2,
                        [
                            0,
                            [
                                0,
                                50,
                                false
                            ],
                            null
                        ],
                        [
                            0,
                            35,
                            false
                        ],
                        null
                    ]
                ]
            },
            "select": [
                false,
                [
                    [
                        0,
                        [
                            0,
                            [
                                0,
                                24,
                                false
                            ],
                            null
                        ]
                    ]
                ]
            ],
            "where": [
                [
                    false,
                    2,
                    [
                        0,
                        [
                            0,
                            52,
                            false
                        ],
                        null
                    ],
                    2013.0,
                    null
                ],
                "and",
                [
                    false,
                    2,
                    [
                        0,
                        [
                            0,
                            51,
                            false
                        ],
                        null
                    ],
                    "\"House of Cards\"",
                    null
                ]
            ],
            "groupBy": [],
            "having": [],
            "orderBy": [],
            "limit": null,
            "intersect": null,
            "union": null,
            "except": null
        },
        "complexity": "hard",
        "query_len": 35
    }
]