[
    {
        "db_id": "journal_committee",
        "query": "SELECT Name ,  Age FROM editor",
        "query_toks": [
            "SELECT",
            "Name",
            ",",
            "Age",
            "FROM",
            "editor"
        ],
        "query_toks_no_value": [
            "select",
            "name",
            ",",
            "age",
            "from",
            "editor"
        ],
        "question": "What are the names and ages of editors?",
        "question_toks": [
            "What",
            "are",
            "the",
            "names",
            "and",
            "ages",
            "of",
            "editors",
            "?"
        ],
        "sql": {
            "from": {
                "table_units": [
                    [
                        "table_unit",
                        1
                    ]
                ],
                "conds": []
            },
            "select": [
                false,
                [
                    [
                        0,
                        [
                            0,
                            [
                                0,
                                6,
                                false
                            ],
                            null
                        ]
                    ],
                    [
                        0,
                        [
                            0,
                            [
                                0,
                                7,
                                false
                            ],
                            null
                        ]
                    ]
                ]
            ],
            "where": [],
            "groupBy": [],
            "having": [],
            "orderBy": [],
            "limit": null,
            "intersect": null,
            "union": null,
            "except": null
        },
        "complexity": "medium",
        "query_len": 6
    },
    {
        "db_id": "journal_committee",
        "query": "SELECT count(*) FROM editor",
        "query_toks": [
            "SELECT",
            "count",
            "(",
            "*",
            ")",
            "FROM",
            "editor"
        ],
        "query_toks_no_value": [
            "select",
            "count",
            "(",
            "*",
            ")",
            "from",
            "editor"
        ],
        "question": "How many editors are there?",
        "question_toks": [
            "How",
            "many",
            "editors",
            "are",
            "there",
            "?"
        ],
        "sql": {
            "from": {
                "table_units": [
                    [
                        "table_unit",
                        1
                    ]
                ],
                "conds": []
            },
            "select": [
                false,
                [
                    [
                        3,
                        [
                            0,
                            [
                                0,
                                0,
                                false
                            ],
                            null
                        ]
                    ]
                ]
            ],
            "where": [],
            "groupBy": [],
            "having": [],
            "orderBy": [],
            "limit": null,
            "intersect": null,
            "union": null,
            "except": null
        },
        "complexity": "easy",
        "query_len": 7
    },
    {
        "db_id": "journal_committee",
        "query": "SELECT Name FROM editor ORDER BY Age ASC",
        "query_toks": [
            "SELECT",
            "Name",
            "FROM",
            "editor",
            "ORDER",
            "BY",
            "Age",
            "ASC"
        ],
        "query_toks_no_value": [
            "select",
            "name",
            "from",
            "editor",
            "order",
            "by",
            "age",
            "asc"
        ],
        "question": "List the names of editors in ascending order of age.",
        "question_toks": [
            "List",
            "the",
            "names",
            "of",
            "editors",
            "in",
            "ascending",
            "order",
            "of",
            "age",
            "."
        ],
        "sql": {
            "from": {
                "table_units": [
                    [
                        "table_unit",
                        1
                    ]
                ],
                "conds": []
            },
            "select": [
                false,
                [
                    [
                        0,
                        [
                            0,
                            [
                                0,
                                6,
                                false
                            ],
                            null
                        ]
                    ]
                ]
            ],
            "where": [],
            "groupBy": [],
            "having": [],
            "orderBy": [
                "asc",
                [
                    [
                        0,
                        [
                            0,
                            7,
                            false
                        ],
                        null
                    ]
                ]
            ],
            "limit": null,
            "intersect": null,
            "union": null,
            "except": null
        },
        "complexity": "easy",
        "query_len": 8
    },
    {
        "db_id": "journal_committee",
        "query": "SELECT Name FROM editor ORDER BY Age ASC LIMIT 1",
        "query_toks": [
            "SELECT",
            "Name",
            "FROM",
            "editor",
            "ORDER",
            "BY",
            "Age",
            "ASC",
            "LIMIT",
            "1"
        ],
        "query_toks_no_value": [
            "select",
            "name",
            "from",
            "editor",
            "order",
            "by",
            "age",
            "asc",
            "limit",
            "value"
        ],
        "question": "What is the name of the youngest editor?",
        "question_toks": [
            "What",
            "is",
            "the",
            "name",
            "of",
            "the",
            "youngest",
            "editor",
            "?"
        ],
        "sql": {
            "from": {
                "table_units": [
                    [
                        "table_unit",
                        1
                    ]
                ],
                "conds": []
            },
            "select": [
                false,
                [
                    [
                        0,
                        [
                            0,
                            [
                                0,
                                6,
                                false
                            ],
                            null
                        ]
                    ]
                ]
            ],
            "where": [],
            "groupBy": [],
            "having": [],
            "orderBy": [
                "asc",
                [
                    [
                        0,
                        [
                            0,
                            7,
                            false
                        ],
                        null
                    ]
                ]
            ],
            "limit": 1,
            "intersect": null,
            "union": null,
            "except": null
        },
        "complexity": "medium",
        "query_len": 10
    },
    {
        "db_id": "journal_committee",
        "query": "SELECT Name FROM editor WHERE Age  =  24 OR Age  =  25",
        "query_toks": [
            "SELECT",
            "Name",
            "FROM",
            "editor",
            "WHERE",
            "Age",
            "=",
            "24",
            "OR",
            "Age",
            "=",
            "25"
        ],
        "query_toks_no_value": [
            "select",
            "name",
            "from",
            "editor",
            "where",
            "age",
            "=",
            "value",
            "or",
            "age",
            "=",
            "value"
        ],
        "question": "Show the names of editors of age either 24 or 25.",
        "question_toks": [
            "Show",
            "the",
            "names",
            "of",
            "editors",
            "of",
            "age",
            "either",
            "24",
            "or",
            "25",
            "."
        ],
        "sql": {
            "from": {
                "table_units": [
                    [
                        "table_unit",
                        1
                    ]
                ],
                "conds": []
            },
            "select": [
                false,
                [
                    [
                        0,
                        [
                            0,
                            [
                                0,
                                6,
                                false
                            ],
                            null
                        ]
                    ]
                ]
            ],
            "where": [
                [
                    false,
                    2,
                    [
                        0,
                        [
                            0,
                            7,
                            false
                        ],
                        null
                    ],
                    24.0,
                    null
                ],
                "or",
                [
                    false,
                    2,
                    [
                        0,
                        [
                            0,
                            7,
                            false
                        ],
                        null
                    ],
                    25.0,
                    null
                ]
            ],
            "groupBy": [],
            "having": [],
            "orderBy": [],
            "limit": null,
            "intersect": null,
            "union": null,
            "except": null
        },
        "complexity": "medium",
        "query_len": 12
    },
    {
        "db_id": "journal_committee",
        "query": "SELECT Age ,  COUNT(*) FROM editor GROUP BY Age",
        "query_toks": [
            "SELECT",
            "Age",
            ",",
            "COUNT",
            "(",
            "*",
            ")",
            "FROM",
            "editor",
            "GROUP",
            "BY",
            "Age"
        ],
        "query_toks_no_value": [
            "select",
            "age",
            ",",
            "count",
            "(",
            "*",
            ")",
            "from",
            "editor",
            "group",
            "by",
            "age"
        ],
        "question": "What are the different ages of editors? Show each age along with the number of editors of that age.",
        "question_toks": [
            "What",
            "are",
            "the",
            "different",
            "ages",
            "of",
            "editors",
            "?",
            "Show",
            "each",
            "age",
            "along",
            "with",
            "the",
            "number",
            "of",
            "editors",
            "of",
            "that",
            "age",
            "."
        ],
        "sql": {
            "from": {
                "table_units": [
                    [
                        "table_unit",
                        1
                    ]
                ],
                "conds": []
            },
            "select": [
                false,
                [
                    [
                        0,
                        [
                            0,
                            [
                                0,
                                7,
                                false
                            ],
                            null
                        ]
                    ],
                    [
                        3,
                        [
                            0,
                            [
                                0,
                                0,
                                false
                            ],
                            null
                        ]
                    ]
                ]
            ],
            "where": [],
            "groupBy": [
                [
                    0,
                    7,
                    false
                ]
            ],
            "having": [],
            "orderBy": [],
            "limit": null,
            "intersect": null,
            "union": null,
            "except": null
        },
        "complexity": "medium",
        "query_len": 12
    },
    {
        "db_id": "journal_committee",
        "query": "SELECT Age FROM editor GROUP BY Age ORDER BY COUNT(*) DESC LIMIT 1",
        "query_toks": [
            "SELECT",
            "Age",
            "FROM",
            "editor",
            "GROUP",
            "BY",
            "Age",
            "ORDER",
            "BY",
            "COUNT",
            "(",
            "*",
            ")",
            "DESC",
            "LIMIT",
            "1"
        ],
        "query_toks_no_value": [
            "select",
            "age",
            "from",
            "editor",
            "group",
            "by",
            "age",
            "order",
            "by",
            "count",
            "(",
            "*",
            ")",
            "desc",
            "limit",
            "value"
        ],
        "question": "Please show the most common age of editors.",
        "question_toks": [
            "Please",
            "show",
            "the",
            "most",
            "common",
            "age",
            "of",
            "editors",
            "."
        ],
        "sql": {
            "from": {
                "table_units": [
                    [
                        "table_unit",
                        1
                    ]
                ],
                "conds": []
            },
            "select": [
                false,
                [
                    [
                        0,
                        [
                            0,
                            [
                                0,
                                7,
                                false
                            ],
                            null
                        ]
                    ]
                ]
            ],
            "where": [],
            "groupBy": [
                [
                    0,
                    7,
                    false
                ]
            ],
            "having": [],
            "orderBy": [
                "desc",
                [
                    [
                        0,
                        [
                            3,
                            0,
                            false
                        ],
                        null
                    ]
                ]
            ],
            "limit": 1,
            "intersect": null,
            "union": null,
            "except": null
        },
        "complexity": "hard",
        "query_len": 16
    },
    {
        "db_id": "journal_committee",
        "query": "SELECT avg(T1.sales) FROM journal AS T1 JOIN journal_committee AS T2 ON T1.journal_ID  =  T2.journal_ID WHERE T2.work_type  =  'Photo'",
        "query_toks": [
            "SELECT",
            "avg",
            "(",
            "T1.sales",
            ")",
            "FROM",
            "journal",
            "AS",
            "T1",
            "JOIN",
            "journal_committee",
            "AS",
            "T2",
            "ON",
            "T1.journal_ID",
            "=",
            "T2.journal_ID",
            "WHERE",
            "T2.work_type",
            "=",
            "'Photo",
            "'"
        ],
        "query_toks_no_value": [
            "select",
            "avg",
            "(",
            "t1",
            ".",
            "sales",
            ")",
            "from",
            "journal",
            "as",
            "t1",
            "join",
            "journal_committee",
            "as",
            "t2",
            "on",
            "t1",
            ".",
            "journal_id",
            "=",
            "t2",
            ".",
            "journal_id",
            "where",
            "t2",
            ".",
            "work_type",
            "=",
            "value"
        ],
        "question": "What is the average sales of the journals that have an editor whose work type is 'Photo'?",
        "question_toks": [
            "What",
            "is",
            "the",
            "average",
            "sales",
            "of",
            "the",
            "journals",
            "that",
            "have",
            "an",
            "editor",
            "whose",
            "work",
            "type",
            "is",
            "'Photo",
            "'",
            "?"
        ],
        "sql": {
            "from": {
                "table_units": [
                    [
                        "table_unit",
                        0
                    ],
                    [
                        "table_unit",
                        2
                    ]
                ],
                "conds": [
                    [
                        false,
                        2,
                        [
                            0,
                            [
                                0,
                                1,
                                false
                            ],
                            null
                        ],
                        [
                            0,
                            9,
                            false
                        ],
                        null
                    ]
                ]
            },
            "select": [
                false,
                [
                    [
                        5,
                        [
                            0,
                            [
                                0,
                                4,
                                false
                            ],
                            null
                        ]
                    ]
                ]
            ],
            "where": [
                [
                    false,
                    2,
                    [
                        0,
                        [
                            0,
                            10,
                            false
                        ],
                        null
                    ],
                    "\"Photo\"",
                    null
                ]
            ],
            "groupBy": [],
            "having": [],
            "orderBy": [],
            "limit": null,
            "intersect": null,
            "union": null,
            "except": null
        },
        "complexity": "medium",
        "query_len": 22
    },
    {
        "db_id": "journal_committee",
        "query": "SELECT T2.Name ,  T3.Theme FROM journal_committee AS T1 JOIN editor AS T2 ON T1.Editor_ID  =  T2.Editor_ID JOIN journal AS T3 ON T1.Journal_ID  =  T3.Journal_ID",
        "query_toks": [
            "SELECT",
            "T2.Name",
            ",",
            "T3.Theme",
            "FROM",
            "journal_committee",
            "AS",
            "T1",
            "JOIN",
            "editor",
            "AS",
            "T2",
            "ON",
            "T1.Editor_ID",
            "=",
            "T2.Editor_ID",
            "JOIN",
            "journal",
            "AS",
            "T3",
            "ON",
            "T1.Journal_ID",
            "=",
            "T3.Journal_ID"
        ],
        "query_toks_no_value": [
            "select",
            "t2",
            ".",
            "name",
            ",",
            "t3",
            ".",
            "theme",
            "from",
            "journal_committee",
            "as",
            "t1",
            "join",
            "editor",
            "as",
            "t2",
            "on",
            "t1",
            ".",
            "editor_id",
            "=",
            "t2",
            ".",
            "editor_id",
            "join",
            "journal",
            "as",
            "t3",
            "on",
            "t1",
            ".",
            "journal_id",
            "=",
            "t3",
            ".",
            "journal_id"
        ],
        "question": "Show the names of editors and the theme of journals for which they serve on committees.",
        "question_toks": [
            "Show",
            "the",
            "names",
            "of",
            "editors",
            "and",
            "the",
            "theme",
            "of",
            "journals",
            "for",
            "which",
            "they",
            "serve",
            "on",
            "committees",
            "."
        ],
        "sql": {
            "from": {
                "table_units": [
                    [
                        "table_unit",
                        2
                    ],
                    [
                        "table_unit",
                        1
                    ],
                    [
                        "table_unit",
                        0
                    ]
                ],
                "conds": [
                    [
                        false,
                        2,
                        [
                            0,
                            [
                                0,
                                8,
                                false
                            ],
                            null
                        ],
                        [
                            0,
                            5,
                            false
                        ],
                        null
                    ],
                    "and",
                    [
                        false,
                        2,
                        [
                            0,
                            [
                                0,
                                9,
                                false
                            ],
                            null
                        ],
                        [
                            0,
                            1,
                            false
                        ],
                        null
                    ]
                ]
            },
            "select": [
                false,
                [
                    [
                        0,
                        [
                            0,
                            [
                                0,
                                6,
                                false
                            ],
                            null
                        ]
                    ],
                    [
                        0,
                        [
                            0,
                            [
                                0,
                                3,
                                false
                            ],
                            null
                        ]
                    ]
                ]
            ],
            "where": [],
            "groupBy": [],
            "having": [],
            "orderBy": [],
            "limit": null,
            "intersect": null,
            "union": null,
            "except": null
        },
        "complexity": "medium",
        "query_len": 24
    },
    {
        "db_id": "journal_committee",
        "query": "SELECT T2.Name ,  T3.Theme FROM journal_committee AS T1 JOIN editor AS T2 ON T1.Editor_ID  =  T2.Editor_ID JOIN journal AS T3 ON T1.Journal_ID  =  T3.Journal_ID",
        "query_toks": [
            "SELECT",
            "T2.Name",
            ",",
            "T3.Theme",
            "FROM",
            "journal_committee",
            "AS",
            "T1",
            "JOIN",
            "editor",
            "AS",
            "T2",
            "ON",
            "T1.Editor_ID",
            "=",
            "T2.Editor_ID",
            "JOIN",
            "journal",
            "AS",
            "T3",
            "ON",
            "T1.Journal_ID",
            "=",
            "T3.Journal_ID"
        ],
        "query_toks_no_value": [
            "select",
            "t2",
            ".",
            "name",
            ",",
            "t3",
            ".",
            "theme",
            "from",
            "journal_committee",
            "as",
            "t1",
            "join",
            "editor",
            "as",
            "t2",
            "on",
            "t1",
            ".",
            "editor_id",
            "=",
            "t2",
            ".",
            "editor_id",
            "join",
            "journal",
            "as",
            "t3",
            "on",
            "t1",
            ".",
            "journal_id",
            "=",
            "t3",
            ".",
            "journal_id"
        ],
        "question": "For each journal_committee, find the editor name and the journal theme.",
        "question_toks": [
            "For",
            "each",
            "journal_committee",
            ",",
            "find",
            "the",
            "editor",
            "name",
            "and",
            "the",
            "journal",
            "theme",
            "."
        ],
        "sql": {
            "from": {
                "table_units": [
                    [
                        "table_unit",
                        2
                    ],
                    [
                        "table_unit",
                        1
                    ],
                    [
                        "table_unit",
                        0
                    ]
                ],
                "conds": [
                    [
                        false,
                        2,
                        [
                            0,
                            [
                                0,
                                8,
                                false
                            ],
                            null
                        ],
                        [
                            0,
                            5,
                            false
                        ],
                        null
                    ],
                    "and",
                    [
                        false,
                        2,
                        [
                            0,
                            [
                                0,
                                9,
                                false
                            ],
                            null
                        ],
                        [
                            0,
                            1,
                            false
                        ],
                        null
                    ]
                ]
            },
            "select": [
                false,
                [
                    [
                        0,
                        [
                            0,
                            [
                                0,
                                6,
                                false
                            ],
                            null
                        ]
                    ],
                    [
                        0,
                        [
                            0,
                            [
                                0,
                                3,
                                false
                            ],
                            null
                        ]
                    ]
                ]
            ],
            "where": [],
            "groupBy": [],
            "having": [],
            "orderBy": [],
            "limit": null,
            "intersect": null,
            "union": null,
            "except": null
        },
        "complexity": "medium",
        "query_len": 24
    },
    {
        "db_id": "journal_committee",
        "query": "SELECT T1.Name FROM editor AS T1 JOIN journal_committee AS T2 ON T1.Editor_ID  =  T2.Editor_ID GROUP BY T1.Name HAVING COUNT(*)  >=  2",
        "query_toks": [
            "SELECT",
            "T1.Name",
            "FROM",
            "editor",
            "AS",
            "T1",
            "JOIN",
            "journal_committee",
            "AS",
            "T2",
            "ON",
            "T1.Editor_ID",
            "=",
            "T2.Editor_ID",
            "GROUP",
            "BY",
            "T1.Name",
            "HAVING",
            "COUNT",
            "(",
            "*",
            ")",
            ">",
            "=",
            "2"
        ],
        "query_toks_no_value": [
            "select",
            "t1",
            ".",
            "name",
            "from",
            "editor",
            "as",
            "t1",
            "join",
            "journal_committee",
            "as",
            "t2",
            "on",
            "t1",
            ".",
            "editor_id",
            "=",
            "t2",
            ".",
            "editor_id",
            "group",
            "by",
            "t1",
            ".",
            "name",
            "having",
            "count",
            "(",
            "*",
            ")",
            ">",
            "=",
            "value"
        ],
        "question": "Show the names of editors that are on at least two journal committees.",
        "question_toks": [
            "Show",
            "the",
            "names",
            "of",
            "editors",
            "that",
            "are",
            "on",
            "at",
            "least",
            "two",
            "journal",
            "committees",
            "."
        ],
        "sql": {
            "from": {
                "table_units": [
                    [
                        "table_unit",
                        1
                    ],
                    [
                        "table_unit",
                        2
                    ]
                ],
                "conds": [
                    [
                        false,
                        2,
                        [
                            0,
                            [
                                0,
                                5,
                                false
                            ],
                            null
                        ],
                        [
                            0,
                            8,
                            false
                        ],
                        null
                    ]
                ]
            },
            "select": [
                false,
                [
                    [
                        0,
                        [
                            0,
                            [
                                0,
                                6,
                                false
                            ],
                            null
                        ]
                    ]
                ]
            ],
            "where": [],
            "groupBy": [
                [
                    0,
                    6,
                    false
                ]
            ],
            "having": [
                [
                    false,
                    5,
                    [
                        0,
                        [
                            3,
                            0,
                            false
                        ],
                        null
                    ],
                    2.0,
                    null
                ]
            ],
            "orderBy": [],
            "limit": null,
            "intersect": null,
            "union": null,
            "except": null
        },
        "complexity": "medium",
        "query_len": 25
    },
    {
        "db_id": "journal_committee",
        "query": "SELECT T2.Name FROM journal_committee AS T1 JOIN editor AS T2 ON T1.Editor_ID  =  T2.Editor_ID JOIN journal AS T3 ON T1.Journal_ID  =  T3.Journal_ID WHERE T3.Sales  >  3000",
        "query_toks": [
            "SELECT",
            "T2.Name",
            "FROM",
            "journal_committee",
            "AS",
            "T1",
            "JOIN",
            "editor",
            "AS",
            "T2",
            "ON",
            "T1.Editor_ID",
            "=",
            "T2.Editor_ID",
            "JOIN",
            "journal",
            "AS",
            "T3",
            "ON",
            "T1.Journal_ID",
            "=",
            "T3.Journal_ID",
            "WHERE",
            "T3.Sales",
            ">",
            "3000"
        ],
        "query_toks_no_value": [
            "select",
            "t2",
            ".",
            "name",
            "from",
            "journal_committee",
            "as",
            "t1",
            "join",
            "editor",
            "as",
            "t2",
            "on",
            "t1",
            ".",
            "editor_id",
            "=",
            "t2",
            ".",
            "editor_id",
            "join",
            "journal",
            "as",
            "t3",
            "on",
            "t1",
            ".",
            "journal_id",
            "=",
            "t3",
            ".",
            "journal_id",
            "where",
            "t3",
            ".",
            "sales",
            ">",
            "value"
        ],
        "question": "Show the names of editors that are on the committee of journals with sales bigger than 3000.",
        "question_toks": [
            "Show",
            "the",
            "names",
            "of",
            "editors",
            "that",
            "are",
            "on",
            "the",
            "committee",
            "of",
            "journals",
            "with",
            "sales",
            "bigger",
            "than",
            "3000",
            "."
        ],
        "sql": {
            "from": {
                "table_units": [
                    [
                        "table_unit",
                        2
                    ],
                    [
                        "table_unit",
                        1
                    ],
                    [
                        "table_unit",
                        0
                    ]
                ],
                "conds": [
                    [
                        false,
                        2,
                        [
                            0,
                            [
                                0,
                                8,
                                false
                            ],
                            null
                        ],
                        [
                            0,
                            5,
                            false
                        ],
                        null
                    ],
                    "and",
                    [
                        false,
                        2,
                        [
                            0,
                            [
                                0,
                                9,
                                false
                            ],
                            null
                        ],
                        [
                            0,
                            1,
                            false
                        ],
                        null
                    ]
                ]
            },
            "select": [
                false,
                [
                    [
                        0,
                        [
                            0,
                            [
                                0,
                                6,
                                false
                            ],
                            null
                        ]
                    ]
                ]
            ],
            "where": [
                [
                    false,
                    3,
                    [
                        0,
                        [
                            0,
                            4,
                            false
                        ],
                        null
                    ],
                    3000.0,
                    null
                ]
            ],
            "groupBy": [],
            "having": [],
            "orderBy": [],
            "limit": null,
            "intersect": null,
            "union": null,
            "except": null
        },
        "complexity": "hard",
        "query_len": 26
    },
    {
        "db_id": "journal_committee",
        "query": "SELECT date ,  theme ,  sales FROM journal EXCEPT SELECT T1.date ,  T1.theme ,  T1.sales FROM journal AS T1 JOIN journal_committee AS T2 ON T1.journal_ID  =  T2.journal_ID",
        "query_toks": [
            "SELECT",
            "date",
            ",",
            "theme",
            ",",
            "sales",
            "FROM",
            "journal",
            "EXCEPT",
            "SELECT",
            "T1.date",
            ",",
            "T1.theme",
            ",",
            "T1.sales",
            "FROM",
            "journal",
            "AS",
            "T1",
            "JOIN",
            "journal_committee",
            "AS",
            "T2",
            "ON",
            "T1.journal_ID",
            "=",
            "T2.journal_ID"
        ],
        "query_toks_no_value": [
            "select",
            "date",
            ",",
            "theme",
            ",",
            "sales",
            "from",
            "journal",
            "except",
            "select",
            "t1",
            ".",
            "date",
            ",",
            "t1",
            ".",
            "theme",
            ",",
            "t1",
            ".",
            "sales",
            "from",
            "journal",
            "as",
            "t1",
            "join",
            "journal_committee",
            "as",
            "t2",
            "on",
            "t1",
            ".",
            "journal_id",
            "=",
            "t2",
            ".",
            "journal_id"
        ],
        "question": "List the date, theme and sales of the journal which did not have any of the listed editors serving on committee.",
        "question_toks": [
            "List",
            "the",
            "date",
            ",",
            "theme",
            "and",
            "sales",
            "of",
            "the",
            "journal",
            "which",
            "did",
            "not",
            "have",
            "any",
            "of",
            "the",
            "listed",
            "editors",
            "serving",
            "on",
            "committee",
            "."
        ],
        "sql": {
            "from": {
                "table_units": [
                    [
                        "table_unit",
                        0
                    ]
                ],
                "conds": []
            },
            "select": [
                false,
                [
                    [
                        0,
                        [
                            0,
                            [
                                0,
                                2,
                                false
                            ],
                            null
                        ]
                    ],
                    [
                        0,
                        [
                            0,
                            [
                                0,
                                3,
                                false
                            ],
                            null
                        ]
                    ],
                    [
                        0,
                        [
                            0,
                            [
                                0,
                                4,
                                false
                            ],
                            null
                        ]
                    ]
                ]
            ],
            "where": [],
            "groupBy": [],
            "having": [],
            "orderBy": [],
            "limit": null,
            "intersect": null,
            "union": null,
            "except": {
                "from": {
                    "table_units": [
                        [
                            "table_unit",
                            0
                        ],
                        [
                            "table_unit",
                            2
                        ]
                    ],
                    "conds": [
                        [
                            false,
                            2,
                            [
                                0,
                                [
                                    0,
                                    1,
                                    false
                                ],
                                null
                            ],
                            [
                                0,
                                9,
                                false
                            ],
                            null
                        ]
                    ]
                },
                "select": [
                    false,
                    [
                        [
                            0,
                            [
                                0,
                                [
                                    0,
                                    2,
                                    false
                                ],
                                null
                            ]
                        ],
                        [
                            0,
                            [
                                0,
                                [
                                    0,
                                    3,
                                    false
                                ],
                                null
                            ]
                        ],
                        [
                            0,
                            [
                                0,
                                [
                                    0,
                                    4,
                                    false
                                ],
                                null
                            ]
                        ]
                    ]
                ],
                "where": [],
                "groupBy": [],
                "having": [],
                "orderBy": [],
                "limit": null,
                "intersect": null,
                "union": null,
                "except": null
            }
        },
        "complexity": "extra",
        "query_len": 27
    }
]