[
    {
        "db_id": "local_govt_and_lot",
        "query": "SELECT max(date_moved_in) FROM Residents",
        "query_toks": [
            "SELECT",
            "max",
            "(",
            "date_moved_in",
            ")",
            "FROM",
            "Residents"
        ],
        "query_toks_no_value": [
            "select",
            "max",
            "(",
            "date_moved_in",
            ")",
            "from",
            "residents"
        ],
        "question": "When is the last day any resident moved in?",
        "question_toks": [
            "When",
            "is",
            "the",
            "last",
            "day",
            "any",
            "resident",
            "moved",
            "in",
            "?"
        ],
        "sql": {
            "from": {
                "table_units": [
                    [
                        "table_unit",
                        2
                    ]
                ],
                "conds": []
            },
            "select": [
                false,
                [
                    [
                        1,
                        [
                            0,
                            [
                                0,
                                9,
                                false
                            ],
                            null
                        ]
                    ]
                ]
            ],
            "where": [],
            "groupBy": [],
            "having": [],
            "orderBy": [],
            "limit": null,
            "intersect": null,
            "union": null,
            "except": null
        },
        "complexity": "easy",
        "query_len": 7
    },
    {
        "db_id": "local_govt_and_lot",
        "query": "SELECT count(DISTINCT Status_of_Thing_Code) FROM Timed_Status_of_Things",
        "query_toks": [
            "SELECT",
            "count",
            "(",
            "DISTINCT",
            "Status_of_Thing_Code",
            ")",
            "FROM",
            "Timed_Status_of_Things"
        ],
        "query_toks_no_value": [
            "select",
            "count",
            "(",
            "distinct",
            "status_of_thing_code",
            ")",
            "from",
            "timed_status_of_things"
        ],
        "question": "How many different status codes of things are there?",
        "question_toks": [
            "How",
            "many",
            "different",
            "status",
            "codes",
            "of",
            "things",
            "are",
            "there",
            "?"
        ],
        "sql": {
            "from": {
                "table_units": [
                    [
                        "table_unit",
                        9
                    ]
                ],
                "conds": []
            },
            "select": [
                false,
                [
                    [
                        3,
                        [
                            0,
                            [
                                0,
                                45,
                                true
                            ],
                            null
                        ]
                    ]
                ]
            ],
            "where": [],
            "groupBy": [],
            "having": [],
            "orderBy": [],
            "limit": null,
            "intersect": null,
            "union": null,
            "except": null
        },
        "complexity": "easy",
        "query_len": 8
    },
    {
        "db_id": "local_govt_and_lot",
        "query": "SELECT customer_event_id ,  date_moved_in ,  property_id FROM customer_events",
        "query_toks": [
            "SELECT",
            "customer_event_id",
            ",",
            "date_moved_in",
            ",",
            "property_id",
            "FROM",
            "customer_events"
        ],
        "query_toks_no_value": [
            "select",
            "customer_event_id",
            ",",
            "date_moved_in",
            ",",
            "property_id",
            "from",
            "customer_events"
        ],
        "question": "List the customer event id and the corresponding move in date and property id.",
        "question_toks": [
            "List",
            "the",
            "customer",
            "event",
            "id",
            "and",
            "the",
            "corresponding",
            "move",
            "in",
            "date",
            "and",
            "property",
            "id",
            "."
        ],
        "sql": {
            "from": {
                "table_units": [
                    [
                        "table_unit",
                        7
                    ]
                ],
                "conds": []
            },
            "select": [
                false,
                [
                    [
                        0,
                        [
                            0,
                            [
                                0,
                                31,
                                false
                            ],
                            null
                        ]
                    ],
                    [
                        0,
                        [
                            0,
                            [
                                0,
                                33,
                                false
                            ],
                            null
                        ]
                    ],
                    [
                        0,
                        [
                            0,
                            [
                                0,
                                34,
                                false
                            ],
                            null
                        ]
                    ]
                ]
            ],
            "where": [],
            "groupBy": [],
            "having": [],
            "orderBy": [],
            "limit": null,
            "intersect": null,
            "union": null,
            "except": null
        },
        "complexity": "medium",
        "query_len": 8
    },
    {
        "db_id": "local_govt_and_lot",
        "query": "SELECT other_details FROM Residents WHERE other_details LIKE '%Miss%'",
        "query_toks": [
            "SELECT",
            "other_details",
            "FROM",
            "Residents",
            "WHERE",
            "other_details",
            "LIKE",
            "'",
            "%",
            "Miss",
            "%",
            "'"
        ],
        "query_toks_no_value": [
            "select",
            "other_details",
            "from",
            "residents",
            "where",
            "other_details",
            "like",
            "value"
        ],
        "question": "What are the resident details containing the substring 'Miss'?",
        "question_toks": [
            "What",
            "are",
            "the",
            "resident",
            "details",
            "containing",
            "the",
            "substring",
            "'Miss",
            "'",
            "?"
        ],
        "sql": {
            "from": {
                "table_units": [
                    [
                        "table_unit",
                        2
                    ]
                ],
                "conds": []
            },
            "select": [
                false,
                [
                    [
                        0,
                        [
                            0,
                            [
                                0,
                                11,
                                false
                            ],
                            null
                        ]
                    ]
                ]
            ],
            "where": [
                [
                    false,
                    9,
                    [
                        0,
                        [
                            0,
                            11,
                            false
                        ],
                        null
                    ],
                    "\"%Miss%\"",
                    null
                ]
            ],
            "groupBy": [],
            "having": [],
            "orderBy": [],
            "limit": null,
            "intersect": null,
            "union": null,
            "except": null
        },
        "complexity": "medium",
        "query_len": 12
    },
    {
        "db_id": "local_govt_and_lot",
        "query": "SELECT count(*) FROM customers WHERE customer_id NOT IN ( SELECT customer_id FROM customer_events )",
        "query_toks": [
            "SELECT",
            "count",
            "(",
            "*",
            ")",
            "FROM",
            "customers",
            "WHERE",
            "customer_id",
            "NOT",
            "IN",
            "(",
            "SELECT",
            "customer_id",
            "FROM",
            "customer_events",
            ")"
        ],
        "query_toks_no_value": [
            "select",
            "count",
            "(",
            "*",
            ")",
            "from",
            "customers",
            "where",
            "customer_id",
            "not",
            "in",
            "(",
            "select",
            "customer_id",
            "from",
            "customer_events",
            ")"
        ],
        "question": "How many customers did not have any event?",
        "question_toks": [
            "How",
            "many",
            "customers",
            "did",
            "not",
            "have",
            "any",
            "event",
            "?"
        ],
        "sql": {
            "from": {
                "table_units": [
                    [
                        "table_unit",
                        0
                    ]
                ],
                "conds": []
            },
            "select": [
                false,
                [
                    [
                        3,
                        [
                            0,
                            [
                                0,
                                0,
                                false
                            ],
                            null
                        ]
                    ]
                ]
            ],
            "where": [
                [
                    true,
                    8,
                    [
                        0,
                        [
                            0,
                            1,
                            false
                        ],
                        null
                    ],
                    {
                        "from": {
                            "table_units": [
                                [
                                    "table_unit",
                                    7
                                ]
                            ],
                            "conds": []
                        },
                        "select": [
                            false,
                            [
                                [
                                    0,
                                    [
                                        0,
                                        [
                                            0,
                                            32,
                                            false
                                        ],
                                        null
                                    ]
                                ]
                            ]
                        ],
                        "where": [],
                        "groupBy": [],
                        "having": [],
                        "orderBy": [],
                        "limit": null,
                        "intersect": null,
                        "union": null,
                        "except": null
                    },
                    null
                ]
            ],
            "groupBy": [],
            "having": [],
            "orderBy": [],
            "limit": null,
            "intersect": null,
            "union": null,
            "except": null
        },
        "complexity": "extra",
        "query_len": 17
    },
    {
        "db_id": "local_govt_and_lot",
        "query": "SELECT T1.thing_id ,  T1.type_of_Thing_Code ,  T2.organization_details FROM Things AS T1 JOIN Organizations AS T2 ON T1.organization_id  =  T2.organization_id",
        "query_toks": [
            "SELECT",
            "T1.thing_id",
            ",",
            "T1.type_of_Thing_Code",
            ",",
            "T2.organization_details",
            "FROM",
            "Things",
            "AS",
            "T1",
            "JOIN",
            "Organizations",
            "AS",
            "T2",
            "ON",
            "T1.organization_id",
            "=",
            "T2.organization_id"
        ],
        "query_toks_no_value": [
            "select",
            "t1",
            ".",
            "thing_id",
            ",",
            "t1",
            ".",
            "type_of_thing_code",
            ",",
            "t2",
            ".",
            "organization_details",
            "from",
            "things",
            "as",
            "t1",
            "join",
            "organizations",
            "as",
            "t2",
            "on",
            "t1",
            ".",
            "organization_id",
            "=",
            "t2",
            ".",
            "organization_id"
        ],
        "question": "List the id and type of each thing, and the details of the organization that owns it.",
        "question_toks": [
            "List",
            "the",
            "id",
            "and",
            "type",
            "of",
            "each",
            "thing",
            ",",
            "and",
            "the",
            "details",
            "of",
            "the",
            "organization",
            "that",
            "owns",
            "it",
            "."
        ],
        "sql": {
            "from": {
                "table_units": [
                    [
                        "table_unit",
                        6
                    ],
                    [
                        "table_unit",
                        3
                    ]
                ],
                "conds": [
                    [
                        false,
                        2,
                        [
                            0,
                            [
                                0,
                                27,
                                false
                            ],
                            null
                        ],
                        [
                            0,
                            12,
                            false
                        ],
                        null
                    ]
                ]
            },
            "select": [
                false,
                [
                    [
                        0,
                        [
                            0,
                            [
                                0,
                                26,
                                false
                            ],
                            null
                        ]
                    ],
                    [
                        0,
                        [
                            0,
                            [
                                0,
                                28,
                                false
                            ],
                            null
                        ]
                    ],
                    [
                        0,
                        [
                            0,
                            [
                                0,
                                14,
                                false
                            ],
                            null
                        ]
                    ]
                ]
            ],
            "where": [],
            "groupBy": [],
            "having": [],
            "orderBy": [],
            "limit": null,
            "intersect": null,
            "union": null,
            "except": null
        },
        "complexity": "medium",
        "query_len": 18
    },
    {
        "db_id": "local_govt_and_lot",
        "query": "SELECT T1.property_id ,  count(*) FROM properties AS T1 JOIN residents AS T2 ON T1.property_id  =  T2.property_id GROUP BY T1.property_id",
        "query_toks": [
            "SELECT",
            "T1.property_id",
            ",",
            "count",
            "(",
            "*",
            ")",
            "FROM",
            "properties",
            "AS",
            "T1",
            "JOIN",
            "residents",
            "AS",
            "T2",
            "ON",
            "T1.property_id",
            "=",
            "T2.property_id",
            "GROUP",
            "BY",
            "T1.property_id"
        ],
        "query_toks_no_value": [
            "select",
            "t1",
            ".",
            "property_id",
            ",",
            "count",
            "(",
            "*",
            ")",
            "from",
            "properties",
            "as",
            "t1",
            "join",
            "residents",
            "as",
            "t2",
            "on",
            "t1",
            ".",
            "property_id",
            "=",
            "t2",
            ".",
            "property_id",
            "group",
            "by",
            "t1",
            ".",
            "property_id"
        ],
        "question": "How many residents does each property have? List property id and resident count.",
        "question_toks": [
            "How",
            "many",
            "residents",
            "does",
            "each",
            "property",
            "have",
            "?",
            "List",
            "property",
            "id",
            "and",
            "resident",
            "count",
            "."
        ],
        "sql": {
            "from": {
                "table_units": [
                    [
                        "table_unit",
                        1
                    ],
                    [
                        "table_unit",
                        2
                    ]
                ],
                "conds": [
                    [
                        false,
                        2,
                        [
                            0,
                            [
                                0,
                                3,
                                false
                            ],
                            null
                        ],
                        [
                            0,
                            8,
                            false
                        ],
                        null
                    ]
                ]
            },
            "select": [
                false,
                [
                    [
                        0,
                        [
                            0,
                            [
                                0,
                                3,
                                false
                            ],
                            null
                        ]
                    ],
                    [
                        3,
                        [
                            0,
                            [
                                0,
                                0,
                                false
                            ],
                            null
                        ]
                    ]
                ]
            ],
            "where": [],
            "groupBy": [
                [
                    0,
                    3,
                    false
                ]
            ],
            "having": [],
            "orderBy": [],
            "limit": null,
            "intersect": null,
            "union": null,
            "except": null
        },
        "complexity": "medium",
        "query_len": 22
    },
    {
        "db_id": "local_govt_and_lot",
        "query": "SELECT DISTINCT T1.service_type_code FROM services AS T1 JOIN organizations AS T2 ON T1.organization_id  =  T2.organization_id WHERE T2.organization_details  =  'Denesik and Sons Party'",
        "query_toks": [
            "SELECT",
            "DISTINCT",
            "T1.service_type_code",
            "FROM",
            "services",
            "AS",
            "T1",
            "JOIN",
            "organizations",
            "AS",
            "T2",
            "ON",
            "T1.organization_id",
            "=",
            "T2.organization_id",
            "WHERE",
            "T2.organization_details",
            "=",
            "'Denesik",
            "and",
            "Sons",
            "Party",
            "'"
        ],
        "query_toks_no_value": [
            "select",
            "distinct",
            "t1",
            ".",
            "service_type_code",
            "from",
            "services",
            "as",
            "t1",
            "join",
            "organizations",
            "as",
            "t2",
            "on",
            "t1",
            ".",
            "organization_id",
            "=",
            "t2",
            ".",
            "organization_id",
            "where",
            "t2",
            ".",
            "organization_details",
            "=",
            "value"
        ],
        "question": "What is the distinct service types that are provided by the organization which has detail 'Denesik and Sons Party'?",
        "question_toks": [
            "What",
            "is",
            "the",
            "distinct",
            "service",
            "types",
            "that",
            "are",
            "provided",
            "by",
            "the",
            "organization",
            "which",
            "has",
            "detail",
            "'Denesik",
            "and",
            "Sons",
            "Party",
            "'",
            "?"
        ],
        "sql": {
            "from": {
                "table_units": [
                    [
                        "table_unit",
                        4
                    ],
                    [
                        "table_unit",
                        3
                    ]
                ],
                "conds": [
                    [
                        false,
                        2,
                        [
                            0,
                            [
                                0,
                                16,
                                false
                            ],
                            null
                        ],
                        [
                            0,
                            12,
                            false
                        ],
                        null
                    ]
                ]
            },
            "select": [
                true,
                [
                    [
                        0,
                        [
                            0,
                            [
                                0,
                                17,
                                false
                            ],
                            null
                        ]
                    ]
                ]
            ],
            "where": [
                [
                    false,
                    2,
                    [
                        0,
                        [
                            0,
                            14,
                            false
                        ],
                        null
                    ],
                    "\"Denesik and Sons Party\"",
                    null
                ]
            ],
            "groupBy": [],
            "having": [],
            "orderBy": [],
            "limit": null,
            "intersect": null,
            "union": null,
            "except": null
        },
        "complexity": "medium",
        "query_len": 23
    },
    {
        "db_id": "local_govt_and_lot",
        "query": "SELECT count(DISTINCT T2.Location_Code) FROM Things AS T1 JOIN Timed_Locations_of_Things AS T2 ON T1.thing_id  =  T2.thing_id WHERE T1.service_details  =  'Unsatisfied'",
        "query_toks": [
            "SELECT",
            "count",
            "(",
            "DISTINCT",
            "T2.Location_Code",
            ")",
            "FROM",
            "Things",
            "AS",
            "T1",
            "JOIN",
            "Timed_Locations_of_Things",
            "AS",
            "T2",
            "ON",
            "T1.thing_id",
            "=",
            "T2.thing_id",
            "WHERE",
            "T1.service_details",
            "=",
            "'Unsatisfied",
            "'"
        ],
        "query_toks_no_value": [
            "select",
            "count",
            "(",
            "distinct",
            "t2",
            ".",
            "location_code",
            ")",
            "from",
            "things",
            "as",
            "t1",
            "join",
            "timed_locations_of_things",
            "as",
            "t2",
            "on",
            "t1",
            ".",
            "thing_id",
            "=",
            "t2",
            ".",
            "thing_id",
            "where",
            "t1",
            ".",
            "service_details",
            "=",
            "value"
        ],
        "question": "How many distinct locations have the things with service detail 'Unsatisfied' been located in?",
        "question_toks": [
            "How",
            "many",
            "distinct",
            "locations",
            "have",
            "the",
            "things",
            "with",
            "service",
            "detail",
            "'Unsatisfied",
            "'",
            "been",
            "located",
            "in",
            "?"
        ],
        "sql": {
            "from": {
                "table_units": [
                    [
                        "table_unit",
                        6
                    ],
                    [
                        "table_unit",
                        10
                    ]
                ],
                "conds": [
                    [
                        false,
                        2,
                        [
                            0,
                            [
                                0,
                                26,
                                false
                            ],
                            null
                        ],
                        [
                            0,
                            46,
                            false
                        ],
                        null
                    ]
                ]
            },
            "select": [
                false,
                [
                    [
                        3,
                        [
                            0,
                            [
                                0,
                                48,
                                true
                            ],
                            null
                        ]
                    ]
                ]
            ],
            "where": [
                [
                    false,
                    2,
                    [
                        0,
                        [
                            0,
                            30,
                            false
                        ],
                        null
                    ],
                    "\"Unsatisfied\"",
                    null
                ]
            ],
            "groupBy": [],
            "having": [],
            "orderBy": [],
            "limit": null,
            "intersect": null,
            "union": null,
            "except": null
        },
        "complexity": "medium",
        "query_len": 23
    },
    {
        "db_id": "local_govt_and_lot",
        "query": "SELECT T1.Customer_Event_ID  ,  T1.property_id FROM Customer_Events AS T1 JOIN Customer_Event_Notes AS T2 ON T1.Customer_Event_ID  =  T2.Customer_Event_ID GROUP BY T1.customer_event_id HAVING count(*) BETWEEN 1 AND 3",
        "query_toks": [
            "SELECT",
            "T1.Customer_Event_ID",
            ",",
            "T1.property_id",
            "FROM",
            "Customer_Events",
            "AS",
            "T1",
            "JOIN",
            "Customer_Event_Notes",
            "AS",
            "T2",
            "ON",
            "T1.Customer_Event_ID",
            "=",
            "T2.Customer_Event_ID",
            "GROUP",
            "BY",
            "T1.customer_event_id",
            "HAVING",
            "count",
            "(",
            "*",
            ")",
            "BETWEEN",
            "1",
            "AND",
            "3"
        ],
        "query_toks_no_value": [
            "select",
            "t1",
            ".",
            "customer_event_id",
            ",",
            "t1",
            ".",
            "property_id",
            "from",
            "customer_events",
            "as",
            "t1",
            "join",
            "customer_event_notes",
            "as",
            "t2",
            "on",
            "t1",
            ".",
            "customer_event_id",
            "=",
            "t2",
            ".",
            "customer_event_id",
            "group",
            "by",
            "t1",
            ".",
            "customer_event_id",
            "having",
            "count",
            "(",
            "*",
            ")",
            "between",
            "value",
            "and",
            "value"
        ],
        "question": "Which events have the number of notes between one and three? List the event id and the property id.",
        "question_toks": [
            "Which",
            "events",
            "have",
            "the",
            "number",
            "of",
            "notes",
            "between",
            "one",
            "and",
            "three",
            "?",
            "List",
            "the",
            "event",
            "id",
            "and",
            "the",
            "property",
            "id",
            "."
        ],
        "sql": {
            "from": {
                "table_units": [
                    [
                        "table_unit",
                        7
                    ],
                    [
                        "table_unit",
                        8
                    ]
                ],
                "conds": [
                    [
                        false,
                        2,
                        [
                            0,
                            [
                                0,
                                31,
                                false
                            ],
                            null
                        ],
                        [
                            0,
                            38,
                            false
                        ],
                        null
                    ]
                ]
            },
            "select": [
                false,
                [
                    [
                        0,
                        [
                            0,
                            [
                                0,
                                31,
                                false
                            ],
                            null
                        ]
                    ],
                    [
                        0,
                        [
                            0,
                            [
                                0,
                                34,
                                false
                            ],
                            null
                        ]
                    ]
                ]
            ],
            "where": [],
            "groupBy": [
                [
                    0,
                    31,
                    false
                ]
            ],
            "having": [
                [
                    false,
                    1,
                    [
                        0,
                        [
                            3,
                            0,
                            false
                        ],
                        null
                    ],
                    1.0,
                    3.0
                ]
            ],
            "orderBy": [],
            "limit": null,
            "intersect": null,
            "union": null,
            "except": null
        },
        "complexity": "medium",
        "query_len": 28
    },
    {
        "db_id": "local_govt_and_lot",
        "query": "SELECT DISTINCT T2.thing_id ,  T2.Type_of_Thing_Code FROM Timed_Status_of_Things AS T1 JOIN Things AS T2 ON T1.thing_id  =  T2.thing_id WHERE T1.Status_of_Thing_Code  =  'Close' OR T1.Date_and_Date  <  '2017-06-19 02:59:21'",
        "query_toks": [
            "SELECT",
            "DISTINCT",
            "T2.thing_id",
            ",",
            "T2.Type_of_Thing_Code",
            "FROM",
            "Timed_Status_of_Things",
            "AS",
            "T1",
            "JOIN",
            "Things",
            "AS",
            "T2",
            "ON",
            "T1.thing_id",
            "=",
            "T2.thing_id",
            "WHERE",
            "T1.Status_of_Thing_Code",
            "=",
            "'Close",
            "'",
            "OR",
            "T1.Date_and_Date",
            "<",
            "'2017-06-19",
            "02:59:21",
            "'"
        ],
        "query_toks_no_value": [
            "select",
            "distinct",
            "t2",
            ".",
            "thing_id",
            ",",
            "t2",
            ".",
            "type_of_thing_code",
            "from",
            "timed_status_of_things",
            "as",
            "t1",
            "join",
            "things",
            "as",
            "t2",
            "on",
            "t1",
            ".",
            "thing_id",
            "=",
            "t2",
            ".",
            "thing_id",
            "where",
            "t1",
            ".",
            "status_of_thing_code",
            "=",
            "value",
            "or",
            "t1",
            ".",
            "date_and_date",
            "<",
            "value"
        ],
        "question": "What are the distinct id and type of the thing that has the status 'Close' or has a status record before the date '2017-06-19 02:59:21'",
        "question_toks": [
            "What",
            "are",
            "the",
            "distinct",
            "id",
            "and",
            "type",
            "of",
            "the",
            "thing",
            "that",
            "has",
            "the",
            "status",
            "'Close",
            "'",
            "or",
            "has",
            "a",
            "status",
            "record",
            "before",
            "the",
            "date",
            "'2017-06-19",
            "02:59:21",
            "'"
        ],
        "sql": {
            "from": {
                "table_units": [
                    [
                        "table_unit",
                        9
                    ],
                    [
                        "table_unit",
                        6
                    ]
                ],
                "conds": [
                    [
                        false,
                        2,
                        [
                            0,
                            [
                                0,
                                43,
                                false
                            ],
                            null
                        ],
                        [
                            0,
                            26,
                            false
                        ],
                        null
                    ]
                ]
            },
            "select": [
                true,
                [
                    [
                        0,
                        [
                            0,
                            [
                                0,
                                26,
                                false
                            ],
                            null
                        ]
                    ],
                    [
                        0,
                        [
                            0,
                            [
                                0,
                                28,
                                false
                            ],
                            null
                        ]
                    ]
                ]
            ],
            "where": [
                [
                    false,
                    2,
                    [
                        0,
                        [
                            0,
                            45,
                            false
                        ],
                        null
                    ],
                    "\"Close\"",
                    null
                ],
                "or",
                [
                    false,
                    4,
                    [
                        0,
                        [
                            0,
                            44,
                            false
                        ],
                        null
                    ],
                    "\"2017-06-19 02:59:21\"",
                    null
                ]
            ],
            "groupBy": [],
            "having": [],
            "orderBy": [],
            "limit": null,
            "intersect": null,
            "union": null,
            "except": null
        },
        "complexity": "hard",
        "query_len": 28
    },
    {
        "db_id": "local_govt_and_lot",
        "query": "SELECT T1.resident_id ,  T1.other_details ,  count(*) FROM Residents AS T1 JOIN Residents_Services AS T2 ON T1.resident_id  =  T2.resident_id GROUP BY T1.resident_id ORDER BY count(*) DESC",
        "query_toks": [
            "SELECT",
            "T1.resident_id",
            ",",
            "T1.other_details",
            ",",
            "count",
            "(",
            "*",
            ")",
            "FROM",
            "Residents",
            "AS",
            "T1",
            "JOIN",
            "Residents_Services",
            "AS",
            "T2",
            "ON",
            "T1.resident_id",
            "=",
            "T2.resident_id",
            "GROUP",
            "BY",
            "T1.resident_id",
            "ORDER",
            "BY",
            "count",
            "(",
            "*",
            ")",
            "DESC"
        ],
        "query_toks_no_value": [
            "select",
            "t1",
            ".",
            "resident_id",
            ",",
            "t1",
            ".",
            "other_details",
            ",",
            "count",
            "(",
            "*",
            ")",
            "from",
            "residents",
            "as",
            "t1",
            "join",
            "residents_services",
            "as",
            "t2",
            "on",
            "t1",
            ".",
            "resident_id",
            "=",
            "t2",
            ".",
            "resident_id",
            "group",
            "by",
            "t1",
            ".",
            "resident_id",
            "order",
            "by",
            "count",
            "(",
            "*",
            ")",
            "desc"
        ],
        "question": "How many services has each resident requested? List the resident id, details, and the count in descending order of the count.",
        "question_toks": [
            "How",
            "many",
            "services",
            "has",
            "each",
            "resident",
            "requested",
            "?",
            "List",
            "the",
            "resident",
            "id",
            ",",
            "details",
            ",",
            "and",
            "the",
            "count",
            "in",
            "descending",
            "order",
            "of",
            "the",
            "count",
            "."
        ],
        "sql": {
            "from": {
                "table_units": [
                    [
                        "table_unit",
                        2
                    ],
                    [
                        "table_unit",
                        5
                    ]
                ],
                "conds": [
                    [
                        false,
                        2,
                        [
                            0,
                            [
                                0,
                                7,
                                false
                            ],
                            null
                        ],
                        [
                            0,
                            19,
                            false
                        ],
                        null
                    ]
                ]
            },
            "select": [
                false,
                [
                    [
                        0,
                        [
                            0,
                            [
                                0,
                                7,
                                false
                            ],
                            null
                        ]
                    ],
                    [
                        0,
                        [
                            0,
                            [
                                0,
                                11,
                                false
                            ],
                            null
                        ]
                    ],
                    [
                        3,
                        [
                            0,
                            [
                                0,
                                0,
                                false
                            ],
                            null
                        ]
                    ]
                ]
            ],
            "where": [],
            "groupBy": [
                [
                    0,
                    7,
                    false
                ]
            ],
            "having": [],
            "orderBy": [
                "desc",
                [
                    [
                        0,
                        [
                            3,
                            0,
                            false
                        ],
                        null
                    ]
                ]
            ],
            "limit": null,
            "intersect": null,
            "union": null,
            "except": null
        },
        "complexity": "hard",
        "query_len": 31
    }
]