[
    {
        "db_id": "local_govt_in_alabama",
        "query": "SELECT service_type_code FROM services ORDER BY service_type_code",
        "query_toks": [
            "SELECT",
            "service_type_code",
            "FROM",
            "services",
            "ORDER",
            "BY",
            "service_type_code"
        ],
        "query_toks_no_value": [
            "select",
            "service_type_code",
            "from",
            "services",
            "order",
            "by",
            "service_type_code"
        ],
        "question": "List the type of the services in alphabetical order.",
        "question_toks": [
            "List",
            "the",
            "type",
            "of",
            "the",
            "services",
            "in",
            "alphabetical",
            "order",
            "."
        ],
        "sql": {
            "from": {
                "table_units": [
                    [
                        "table_unit",
                        0
                    ]
                ],
                "conds": []
            },
            "select": [
                false,
                [
                    [
                        0,
                        [
                            0,
                            [
                                0,
                                2,
                                false
                            ],
                            null
                        ]
                    ]
                ]
            ],
            "where": [],
            "groupBy": [],
            "having": [],
            "orderBy": [
                "asc",
                [
                    [
                        0,
                        [
                            0,
                            2,
                            false
                        ],
                        null
                    ]
                ]
            ],
            "limit": null,
            "intersect": null,
            "union": null,
            "except": null
        },
        "complexity": "easy",
        "query_len": 7
    },
    {
        "db_id": "local_govt_in_alabama",
        "query": "SELECT Participant_ID ,  Participant_Type_Code ,  Participant_Details FROM  Participants",
        "query_toks": [
            "SELECT",
            "Participant_ID",
            ",",
            "Participant_Type_Code",
            ",",
            "Participant_Details",
            "FROM",
            "Participants"
        ],
        "query_toks_no_value": [
            "select",
            "participant_id",
            ",",
            "participant_type_code",
            ",",
            "participant_details",
            "from",
            "participants"
        ],
        "question": "What are all the the participant ids, type code and details?",
        "question_toks": [
            "What",
            "are",
            "all",
            "the",
            "the",
            "participant",
            "ids",
            ",",
            "type",
            "code",
            "and",
            "details",
            "?"
        ],
        "sql": {
            "from": {
                "table_units": [
                    [
                        "table_unit",
                        1
                    ]
                ],
                "conds": []
            },
            "select": [
                false,
                [
                    [
                        0,
                        [
                            0,
                            [
                                0,
                                3,
                                false
                            ],
                            null
                        ]
                    ],
                    [
                        0,
                        [
                            0,
                            [
                                0,
                                4,
                                false
                            ],
                            null
                        ]
                    ],
                    [
                        0,
                        [
                            0,
                            [
                                0,
                                5,
                                false
                            ],
                            null
                        ]
                    ]
                ]
            ],
            "where": [],
            "groupBy": [],
            "having": [],
            "orderBy": [],
            "limit": null,
            "intersect": null,
            "union": null,
            "except": null
        },
        "complexity": "medium",
        "query_len": 8
    },
    {
        "db_id": "local_govt_in_alabama",
        "query": "SELECT count(DISTINCT participant_id) FROM participants_in_Events",
        "query_toks": [
            "SELECT",
            "count",
            "(",
            "DISTINCT",
            "participant_id",
            ")",
            "FROM",
            "participants_in_Events"
        ],
        "query_toks_no_value": [
            "select",
            "count",
            "(",
            "distinct",
            "participant_id",
            ")",
            "from",
            "participants_in_events"
        ],
        "question": "What are all the distinct participant ids who attended any events?",
        "question_toks": [
            "What",
            "are",
            "all",
            "the",
            "distinct",
            "participant",
            "ids",
            "who",
            "attended",
            "any",
            "events",
            "?"
        ],
        "sql": {
            "from": {
                "table_units": [
                    [
                        "table_unit",
                        3
                    ]
                ],
                "conds": []
            },
            "select": [
                false,
                [
                    [
                        3,
                        [
                            0,
                            [
                                0,
                                10,
                                true
                            ],
                            null
                        ]
                    ]
                ]
            ],
            "where": [],
            "groupBy": [],
            "having": [],
            "orderBy": [],
            "limit": null,
            "intersect": null,
            "union": null,
            "except": null
        },
        "complexity": "easy",
        "query_len": 8
    },
    {
        "db_id": "local_govt_in_alabama",
        "query": "SELECT count(*) FROM participants WHERE participant_type_code  =  'Organizer'",
        "query_toks": [
            "SELECT",
            "count",
            "(",
            "*",
            ")",
            "FROM",
            "participants",
            "WHERE",
            "participant_type_code",
            "=",
            "'Organizer",
            "'"
        ],
        "query_toks_no_value": [
            "select",
            "count",
            "(",
            "*",
            ")",
            "from",
            "participants",
            "where",
            "participant_type_code",
            "=",
            "value"
        ],
        "question": "How many participants belong to the type 'Organizer'?",
        "question_toks": [
            "How",
            "many",
            "participants",
            "belong",
            "to",
            "the",
            "type",
            "'Organizer",
            "'",
            "?"
        ],
        "sql": {
            "from": {
                "table_units": [
                    [
                        "table_unit",
                        1
                    ]
                ],
                "conds": []
            },
            "select": [
                false,
                [
                    [
                        3,
                        [
                            0,
                            [
                                0,
                                0,
                                false
                            ],
                            null
                        ]
                    ]
                ]
            ],
            "where": [
                [
                    false,
                    2,
                    [
                        0,
                        [
                            0,
                            4,
                            false
                        ],
                        null
                    ],
                    "\"Organizer\"",
                    null
                ]
            ],
            "groupBy": [],
            "having": [],
            "orderBy": [],
            "limit": null,
            "intersect": null,
            "union": null,
            "except": null
        },
        "complexity": "easy",
        "query_len": 12
    },
    {
        "db_id": "local_govt_in_alabama",
        "query": "SELECT Event_ID FROM Participants_in_Events GROUP BY Event_ID ORDER BY count(*) DESC LIMIT 1",
        "query_toks": [
            "SELECT",
            "Event_ID",
            "FROM",
            "Participants_in_Events",
            "GROUP",
            "BY",
            "Event_ID",
            "ORDER",
            "BY",
            "count",
            "(",
            "*",
            ")",
            "DESC",
            "LIMIT",
            "1"
        ],
        "query_toks_no_value": [
            "select",
            "event_id",
            "from",
            "participants_in_events",
            "group",
            "by",
            "event_id",
            "order",
            "by",
            "count",
            "(",
            "*",
            ")",
            "desc",
            "limit",
            "value"
        ],
        "question": "What is the id of the event with the most participants?",
        "question_toks": [
            "What",
            "is",
            "the",
            "id",
            "of",
            "the",
            "event",
            "with",
            "the",
            "most",
            "participants",
            "?"
        ],
        "sql": {
            "from": {
                "table_units": [
                    [
                        "table_unit",
                        3
                    ]
                ],
                "conds": []
            },
            "select": [
                false,
                [
                    [
                        0,
                        [
                            0,
                            [
                                0,
                                9,
                                false
                            ],
                            null
                        ]
                    ]
                ]
            ],
            "where": [],
            "groupBy": [
                [
                    0,
                    9,
                    false
                ]
            ],
            "having": [],
            "orderBy": [
                "desc",
                [
                    [
                        0,
                        [
                            3,
                            0,
                            false
                        ],
                        null
                    ]
                ]
            ],
            "limit": 1,
            "intersect": null,
            "union": null,
            "except": null
        },
        "complexity": "hard",
        "query_len": 16
    },
    {
        "db_id": "local_govt_in_alabama",
        "query": "SELECT count(*) FROM EVENTS WHERE event_id NOT IN (SELECT event_id FROM Participants_in_Events)",
        "query_toks": [
            "SELECT",
            "count",
            "(",
            "*",
            ")",
            "FROM",
            "EVENTS",
            "WHERE",
            "event_id",
            "NOT",
            "IN",
            "(",
            "SELECT",
            "event_id",
            "FROM",
            "Participants_in_Events",
            ")"
        ],
        "query_toks_no_value": [
            "select",
            "count",
            "(",
            "*",
            ")",
            "from",
            "events",
            "where",
            "event_id",
            "not",
            "in",
            "(",
            "select",
            "event_id",
            "from",
            "participants_in_events",
            ")"
        ],
        "question": "How many events did not have any participants?",
        "question_toks": [
            "How",
            "many",
            "events",
            "did",
            "not",
            "have",
            "any",
            "participants",
            "?"
        ],
        "sql": {
            "from": {
                "table_units": [
                    [
                        "table_unit",
                        2
                    ]
                ],
                "conds": []
            },
            "select": [
                false,
                [
                    [
                        3,
                        [
                            0,
                            [
                                0,
                                0,
                                false
                            ],
                            null
                        ]
                    ]
                ]
            ],
            "where": [
                [
                    true,
                    8,
                    [
                        0,
                        [
                            0,
                            6,
                            false
                        ],
                        null
                    ],
                    {
                        "from": {
                            "table_units": [
                                [
                                    "table_unit",
                                    3
                                ]
                            ],
                            "conds": []
                        },
                        "select": [
                            false,
                            [
                                [
                                    0,
                                    [
                                        0,
                                        [
                                            0,
                                            9,
                                            false
                                        ],
                                        null
                                    ]
                                ]
                            ]
                        ],
                        "where": [],
                        "groupBy": [],
                        "having": [],
                        "orderBy": [],
                        "limit": null,
                        "intersect": null,
                        "union": null,
                        "except": null
                    },
                    null
                ]
            ],
            "groupBy": [],
            "having": [],
            "orderBy": [],
            "limit": null,
            "intersect": null,
            "union": null,
            "except": null
        },
        "complexity": "extra",
        "query_len": 17
    },
    {
        "db_id": "local_govt_in_alabama",
        "query": "SELECT T1.event_details FROM EVENTS AS T1 JOIN Services AS T2 ON T1.Service_ID  =  T2.Service_ID WHERE T2.Service_Type_Code  =  'Marriage'",
        "query_toks": [
            "SELECT",
            "T1.event_details",
            "FROM",
            "EVENTS",
            "AS",
            "T1",
            "JOIN",
            "Services",
            "AS",
            "T2",
            "ON",
            "T1.Service_ID",
            "=",
            "T2.Service_ID",
            "WHERE",
            "T2.Service_Type_Code",
            "=",
            "'Marriage",
            "'"
        ],
        "query_toks_no_value": [
            "select",
            "t1",
            ".",
            "event_details",
            "from",
            "events",
            "as",
            "t1",
            "join",
            "services",
            "as",
            "t2",
            "on",
            "t1",
            ".",
            "service_id",
            "=",
            "t2",
            ".",
            "service_id",
            "where",
            "t2",
            ".",
            "service_type_code",
            "=",
            "value"
        ],
        "question": "what are the event details of the services that have the type code 'Marriage'?",
        "question_toks": [
            "what",
            "are",
            "the",
            "event",
            "details",
            "of",
            "the",
            "services",
            "that",
            "have",
            "the",
            "type",
            "code",
            "'Marriage",
            "'",
            "?"
        ],
        "sql": {
            "from": {
                "table_units": [
                    [
                        "table_unit",
                        2
                    ],
                    [
                        "table_unit",
                        0
                    ]
                ],
                "conds": [
                    [
                        false,
                        2,
                        [
                            0,
                            [
                                0,
                                7,
                                false
                            ],
                            null
                        ],
                        [
                            0,
                            1,
                            false
                        ],
                        null
                    ]
                ]
            },
            "select": [
                false,
                [
                    [
                        0,
                        [
                            0,
                            [
                                0,
                                8,
                                false
                            ],
                            null
                        ]
                    ]
                ]
            ],
            "where": [
                [
                    false,
                    2,
                    [
                        0,
                        [
                            0,
                            2,
                            false
                        ],
                        null
                    ],
                    "\"Marriage\"",
                    null
                ]
            ],
            "groupBy": [],
            "having": [],
            "orderBy": [],
            "limit": null,
            "intersect": null,
            "union": null,
            "except": null
        },
        "complexity": "medium",
        "query_len": 19
    },
    {
        "db_id": "local_govt_in_alabama",
        "query": "SELECT count(*) FROM participants AS T1 JOIN Participants_in_Events AS T2 ON T1.Participant_ID  =  T2.Participant_ID WHERE T1.participant_details LIKE '%Dr.%'",
        "query_toks": [
            "SELECT",
            "count",
            "(",
            "*",
            ")",
            "FROM",
            "participants",
            "AS",
            "T1",
            "JOIN",
            "Participants_in_Events",
            "AS",
            "T2",
            "ON",
            "T1.Participant_ID",
            "=",
            "T2.Participant_ID",
            "WHERE",
            "T1.participant_details",
            "LIKE",
            "'",
            "%",
            "Dr.",
            "%",
            "'"
        ],
        "query_toks_no_value": [
            "select",
            "count",
            "(",
            "*",
            ")",
            "from",
            "participants",
            "as",
            "t1",
            "join",
            "participants_in_events",
            "as",
            "t2",
            "on",
            "t1",
            ".",
            "participant_id",
            "=",
            "t2",
            ".",
            "participant_id",
            "where",
            "t1",
            ".",
            "participant_details",
            "like",
            "value"
        ],
        "question": "How many events had participants whose details had the substring 'Dr.'",
        "question_toks": [
            "How",
            "many",
            "events",
            "had",
            "participants",
            "whose",
            "details",
            "had",
            "the",
            "substring",
            "'Dr",
            ".",
            "'"
        ],
        "sql": {
            "from": {
                "table_units": [
                    [
                        "table_unit",
                        1
                    ],
                    [
                        "table_unit",
                        3
                    ]
                ],
                "conds": [
                    [
                        false,
                        2,
                        [
                            0,
                            [
                                0,
                                3,
                                false
                            ],
                            null
                        ],
                        [
                            0,
                            10,
                            false
                        ],
                        null
                    ]
                ]
            },
            "select": [
                false,
                [
                    [
                        3,
                        [
                            0,
                            [
                                0,
                                0,
                                false
                            ],
                            null
                        ]
                    ]
                ]
            ],
            "where": [
                [
                    false,
                    9,
                    [
                        0,
                        [
                            0,
                            5,
                            false
                        ],
                        null
                    ],
                    "\"%Dr.%\"",
                    null
                ]
            ],
            "groupBy": [],
            "having": [],
            "orderBy": [],
            "limit": null,
            "intersect": null,
            "union": null,
            "except": null
        },
        "complexity": "hard",
        "query_len": 25
    },
    {
        "db_id": "local_govt_in_alabama",
        "query": "SELECT event_id FROM EVENTS EXCEPT SELECT T1.event_id FROM Participants_in_Events AS T1 JOIN Participants AS T2 ON T1.Participant_ID  =  T2.Participant_ID WHERE Participant_Details  =  'Kenyatta Kuhn'",
        "query_toks": [
            "SELECT",
            "event_id",
            "FROM",
            "EVENTS",
            "EXCEPT",
            "SELECT",
            "T1.event_id",
            "FROM",
            "Participants_in_Events",
            "AS",
            "T1",
            "JOIN",
            "Participants",
            "AS",
            "T2",
            "ON",
            "T1.Participant_ID",
            "=",
            "T2.Participant_ID",
            "WHERE",
            "Participant_Details",
            "=",
            "'Kenyatta",
            "Kuhn",
            "'"
        ],
        "query_toks_no_value": [
            "select",
            "event_id",
            "from",
            "events",
            "except",
            "select",
            "t1",
            ".",
            "event_id",
            "from",
            "participants_in_events",
            "as",
            "t1",
            "join",
            "participants",
            "as",
            "t2",
            "on",
            "t1",
            ".",
            "participant_id",
            "=",
            "t2",
            ".",
            "participant_id",
            "where",
            "participant_details",
            "=",
            "value"
        ],
        "question": "Which events id does not have any participant with detail 'Kenyatta Kuhn'?",
        "question_toks": [
            "Which",
            "events",
            "id",
            "does",
            "not",
            "have",
            "any",
            "participant",
            "with",
            "detail",
            "'Kenyatta",
            "Kuhn",
            "'",
            "?"
        ],
        "sql": {
            "from": {
                "table_units": [
                    [
                        "table_unit",
                        2
                    ]
                ],
                "conds": []
            },
            "select": [
                false,
                [
                    [
                        0,
                        [
                            0,
                            [
                                0,
                                6,
                                false
                            ],
                            null
                        ]
                    ]
                ]
            ],
            "where": [],
            "groupBy": [],
            "having": [],
            "orderBy": [],
            "limit": null,
            "intersect": null,
            "union": null,
            "except": {
                "from": {
                    "table_units": [
                        [
                            "table_unit",
                            3
                        ],
                        [
                            "table_unit",
                            1
                        ]
                    ],
                    "conds": [
                        [
                            false,
                            2,
                            [
                                0,
                                [
                                    0,
                                    10,
                                    false
                                ],
                                null
                            ],
                            [
                                0,
                                3,
                                false
                            ],
                            null
                        ]
                    ]
                },
                "select": [
                    false,
                    [
                        [
                            0,
                            [
                                0,
                                [
                                    0,
                                    9,
                                    false
                                ],
                                null
                            ]
                        ]
                    ]
                ],
                "where": [
                    [
                        false,
                        2,
                        [
                            0,
                            [
                                0,
                                5,
                                false
                            ],
                            null
                        ],
                        "\"Kenyatta Kuhn\"",
                        null
                    ]
                ],
                "groupBy": [],
                "having": [],
                "orderBy": [],
                "limit": null,
                "intersect": null,
                "union": null,
                "except": null
            }
        },
        "complexity": "hard",
        "query_len": 25
    },
    {
        "db_id": "local_govt_in_alabama",
        "query": "SELECT T1.event_id ,  T1.event_details FROM EVENTS AS T1 JOIN Participants_in_Events AS T2 ON T1.Event_ID  =  T2.Event_ID GROUP BY T1.Event_ID HAVING count(*)  >  1",
        "query_toks": [
            "SELECT",
            "T1.event_id",
            ",",
            "T1.event_details",
            "FROM",
            "EVENTS",
            "AS",
            "T1",
            "JOIN",
            "Participants_in_Events",
            "AS",
            "T2",
            "ON",
            "T1.Event_ID",
            "=",
            "T2.Event_ID",
            "GROUP",
            "BY",
            "T1.Event_ID",
            "HAVING",
            "count",
            "(",
            "*",
            ")",
            ">",
            "1"
        ],
        "query_toks_no_value": [
            "select",
            "t1",
            ".",
            "event_id",
            ",",
            "t1",
            ".",
            "event_details",
            "from",
            "events",
            "as",
            "t1",
            "join",
            "participants_in_events",
            "as",
            "t2",
            "on",
            "t1",
            ".",
            "event_id",
            "=",
            "t2",
            ".",
            "event_id",
            "group",
            "by",
            "t1",
            ".",
            "event_id",
            "having",
            "count",
            "(",
            "*",
            ")",
            ">",
            "value"
        ],
        "question": "What are the ids and details of events that have more than one participants?",
        "question_toks": [
            "What",
            "are",
            "the",
            "ids",
            "and",
            "details",
            "of",
            "events",
            "that",
            "have",
            "more",
            "than",
            "one",
            "participants",
            "?"
        ],
        "sql": {
            "from": {
                "table_units": [
                    [
                        "table_unit",
                        2
                    ],
                    [
                        "table_unit",
                        3
                    ]
                ],
                "conds": [
                    [
                        false,
                        2,
                        [
                            0,
                            [
                                0,
                                6,
                                false
                            ],
                            null
                        ],
                        [
                            0,
                            9,
                            false
                        ],
                        null
                    ]
                ]
            },
            "select": [
                false,
                [
                    [
                        0,
                        [
                            0,
                            [
                                0,
                                6,
                                false
                            ],
                            null
                        ]
                    ],
                    [
                        0,
                        [
                            0,
                            [
                                0,
                                8,
                                false
                            ],
                            null
                        ]
                    ]
                ]
            ],
            "where": [],
            "groupBy": [
                [
                    0,
                    6,
                    false
                ]
            ],
            "having": [
                [
                    false,
                    3,
                    [
                        0,
                        [
                            3,
                            0,
                            false
                        ],
                        null
                    ],
                    1.0,
                    null
                ]
            ],
            "orderBy": [],
            "limit": null,
            "intersect": null,
            "union": null,
            "except": null
        },
        "complexity": "medium",
        "query_len": 26
    },
    {
        "db_id": "local_govt_in_alabama",
        "query": "SELECT T1.service_type_code FROM services AS T1 JOIN EVENTS AS T2 ON T1.service_id  =  T2.service_id WHERE T2.event_details  =  'Success' INTERSECT SELECT T1.service_type_code FROM services AS T1 JOIN EVENTS AS T2 ON T1.service_id  =  T2.service_id WHERE T2.event_details  =  'Fail'",
        "query_toks": [
            "SELECT",
            "T1.service_type_code",
            "FROM",
            "services",
            "AS",
            "T1",
            "JOIN",
            "EVENTS",
            "AS",
            "T2",
            "ON",
            "T1.service_id",
            "=",
            "T2.service_id",
            "WHERE",
            "T2.event_details",
            "=",
            "'Success",
            "'",
            "INTERSECT",
            "SELECT",
            "T1.service_type_code",
            "FROM",
            "services",
            "AS",
            "T1",
            "JOIN",
            "EVENTS",
            "AS",
            "T2",
            "ON",
            "T1.service_id",
            "=",
            "T2.service_id",
            "WHERE",
            "T2.event_details",
            "=",
            "'Fail",
            "'"
        ],
        "query_toks_no_value": [
            "select",
            "t1",
            ".",
            "service_type_code",
            "from",
            "services",
            "as",
            "t1",
            "join",
            "events",
            "as",
            "t2",
            "on",
            "t1",
            ".",
            "service_id",
            "=",
            "t2",
            ".",
            "service_id",
            "where",
            "t2",
            ".",
            "event_details",
            "=",
            "value",
            "intersect",
            "select",
            "t1",
            ".",
            "service_type_code",
            "from",
            "services",
            "as",
            "t1",
            "join",
            "events",
            "as",
            "t2",
            "on",
            "t1",
            ".",
            "service_id",
            "=",
            "t2",
            ".",
            "service_id",
            "where",
            "t2",
            ".",
            "event_details",
            "=",
            "value"
        ],
        "question": "Which services type had both successful and failure event details?",
        "question_toks": [
            "Which",
            "services",
            "type",
            "had",
            "both",
            "successful",
            "and",
            "failure",
            "event",
            "details",
            "?"
        ],
        "sql": {
            "from": {
                "table_units": [
                    [
                        "table_unit",
                        0
                    ],
                    [
                        "table_unit",
                        2
                    ]
                ],
                "conds": [
                    [
                        false,
                        2,
                        [
                            0,
                            [
                                0,
                                1,
                                false
                            ],
                            null
                        ],
                        [
                            0,
                            7,
                            false
                        ],
                        null
                    ]
                ]
            },
            "select": [
                false,
                [
                    [
                        0,
                        [
                            0,
                            [
                                0,
                                2,
                                false
                            ],
                            null
                        ]
                    ]
                ]
            ],
            "where": [
                [
                    false,
                    2,
                    [
                        0,
                        [
                            0,
                            8,
                            false
                        ],
                        null
                    ],
                    "\"Success\"",
                    null
                ]
            ],
            "groupBy": [],
            "having": [],
            "orderBy": [],
            "limit": null,
            "intersect": {
                "from": {
                    "table_units": [
                        [
                            "table_unit",
                            0
                        ],
                        [
                            "table_unit",
                            2
                        ]
                    ],
                    "conds": [
                        [
                            false,
                            2,
                            [
                                0,
                                [
                                    0,
                                    1,
                                    false
                                ],
                                null
                            ],
                            [
                                0,
                                7,
                                false
                            ],
                            null
                        ]
                    ]
                },
                "select": [
                    false,
                    [
                        [
                            0,
                            [
                                0,
                                [
                                    0,
                                    2,
                                    false
                                ],
                                null
                            ]
                        ]
                    ]
                ],
                "where": [
                    [
                        false,
                        2,
                        [
                            0,
                            [
                                0,
                                8,
                                false
                            ],
                            null
                        ],
                        "\"Fail\"",
                        null
                    ]
                ],
                "groupBy": [],
                "having": [],
                "orderBy": [],
                "limit": null,
                "intersect": null,
                "union": null,
                "except": null
            },
            "union": null,
            "except": null
        },
        "complexity": "extra",
        "query_len": 39
    }
]