[
    {
        "db_id": "manufacturer",
        "query": "SELECT name ,  manufacturer_id FROM manufacturer ORDER BY open_year",
        "query_toks": [
            "SELECT",
            "name",
            ",",
            "manufacturer_id",
            "FROM",
            "manufacturer",
            "ORDER",
            "BY",
            "open_year"
        ],
        "query_toks_no_value": [
            "select",
            "name",
            ",",
            "manufacturer_id",
            "from",
            "manufacturer",
            "order",
            "by",
            "open_year"
        ],
        "question": "List all manufacturer names and ids ordered by their opening year.",
        "question_toks": [
            "List",
            "all",
            "manufacturer",
            "names",
            "and",
            "ids",
            "ordered",
            "by",
            "their",
            "opening",
            "year",
            "."
        ],
        "sql": {
            "from": {
                "table_units": [
                    [
                        "table_unit",
                        0
                    ]
                ],
                "conds": []
            },
            "select": [
                false,
                [
                    [
                        0,
                        [
                            0,
                            [
                                0,
                                3,
                                false
                            ],
                            null
                        ]
                    ],
                    [
                        0,
                        [
                            0,
                            [
                                0,
                                1,
                                false
                            ],
                            null
                        ]
                    ]
                ]
            ],
            "where": [],
            "groupBy": [],
            "having": [],
            "orderBy": [
                "asc",
                [
                    [
                        0,
                        [
                            0,
                            2,
                            false
                        ],
                        null
                    ]
                ]
            ],
            "limit": null,
            "intersect": null,
            "union": null,
            "except": null
        },
        "complexity": "medium",
        "query_len": 9
    },
    {
        "db_id": "manufacturer",
        "query": "SELECT Num_of_Component ,  name FROM furniture WHERE Num_of_Component  >  10",
        "query_toks": [
            "SELECT",
            "Num_of_Component",
            ",",
            "name",
            "FROM",
            "furniture",
            "WHERE",
            "Num_of_Component",
            ">",
            "10"
        ],
        "query_toks_no_value": [
            "select",
            "num_of_component",
            ",",
            "name",
            "from",
            "furniture",
            "where",
            "num_of_component",
            ">",
            "value"
        ],
        "question": "Find the component amounts and names of all furnitures that have more than 10 components.",
        "question_toks": [
            "Find",
            "the",
            "component",
            "amounts",
            "and",
            "names",
            "of",
            "all",
            "furnitures",
            "that",
            "have",
            "more",
            "than",
            "10",
            "components",
            "."
        ],
        "sql": {
            "from": {
                "table_units": [
                    [
                        "table_unit",
                        1
                    ]
                ],
                "conds": []
            },
            "select": [
                false,
                [
                    [
                        0,
                        [
                            0,
                            [
                                0,
                                8,
                                false
                            ],
                            null
                        ]
                    ],
                    [
                        0,
                        [
                            0,
                            [
                                0,
                                7,
                                false
                            ],
                            null
                        ]
                    ]
                ]
            ],
            "where": [
                [
                    false,
                    3,
                    [
                        0,
                        [
                            0,
                            8,
                            false
                        ],
                        null
                    ],
                    10.0,
                    null
                ]
            ],
            "groupBy": [],
            "having": [],
            "orderBy": [],
            "limit": null,
            "intersect": null,
            "union": null,
            "except": null
        },
        "complexity": "medium",
        "query_len": 10
    },
    {
        "db_id": "manufacturer",
        "query": "SELECT name ,  Num_of_Component FROM furniture ORDER BY market_rate LIMIT 1",
        "query_toks": [
            "SELECT",
            "name",
            ",",
            "Num_of_Component",
            "FROM",
            "furniture",
            "ORDER",
            "BY",
            "market_rate",
            "LIMIT",
            "1"
        ],
        "query_toks_no_value": [
            "select",
            "name",
            ",",
            "num_of_component",
            "from",
            "furniture",
            "order",
            "by",
            "market_rate",
            "limit",
            "value"
        ],
        "question": "Find the name and component amount of the least popular furniture.",
        "question_toks": [
            "Find",
            "the",
            "name",
            "and",
            "component",
            "amount",
            "of",
            "the",
            "least",
            "popular",
            "furniture",
            "."
        ],
        "sql": {
            "from": {
                "table_units": [
                    [
                        "table_unit",
                        1
                    ]
                ],
                "conds": []
            },
            "select": [
                false,
                [
                    [
                        0,
                        [
                            0,
                            [
                                0,
                                7,
                                false
                            ],
                            null
                        ]
                    ],
                    [
                        0,
                        [
                            0,
                            [
                                0,
                                8,
                                false
                            ],
                            null
                        ]
                    ]
                ]
            ],
            "where": [],
            "groupBy": [],
            "having": [],
            "orderBy": [
                "asc",
                [
                    [
                        0,
                        [
                            0,
                            9,
                            false
                        ],
                        null
                    ]
                ]
            ],
            "limit": 1,
            "intersect": null,
            "union": null,
            "except": null
        },
        "complexity": "medium",
        "query_len": 11
    },
    {
        "db_id": "manufacturer",
        "query": "SELECT avg(Num_of_Factories) FROM manufacturer WHERE num_of_shops  >  20",
        "query_toks": [
            "SELECT",
            "avg",
            "(",
            "Num_of_Factories",
            ")",
            "FROM",
            "manufacturer",
            "WHERE",
            "num_of_shops",
            ">",
            "20"
        ],
        "query_toks_no_value": [
            "select",
            "avg",
            "(",
            "num_of_factories",
            ")",
            "from",
            "manufacturer",
            "where",
            "num_of_shops",
            ">",
            "value"
        ],
        "question": "Find the average number of factories for the manufacturers that have more than 20 shops.",
        "question_toks": [
            "Find",
            "the",
            "average",
            "number",
            "of",
            "factories",
            "for",
            "the",
            "manufacturers",
            "that",
            "have",
            "more",
            "than",
            "20",
            "shops",
            "."
        ],
        "sql": {
            "from": {
                "table_units": [
                    [
                        "table_unit",
                        0
                    ]
                ],
                "conds": []
            },
            "select": [
                false,
                [
                    [
                        5,
                        [
                            0,
                            [
                                0,
                                4,
                                false
                            ],
                            null
                        ]
                    ]
                ]
            ],
            "where": [
                [
                    false,
                    3,
                    [
                        0,
                        [
                            0,
                            5,
                            false
                        ],
                        null
                    ],
                    20.0,
                    null
                ]
            ],
            "groupBy": [],
            "having": [],
            "orderBy": [],
            "limit": null,
            "intersect": null,
            "union": null,
            "except": null
        },
        "complexity": "easy",
        "query_len": 11
    },
    {
        "db_id": "manufacturer",
        "query": "SELECT open_year ,  name FROM manufacturer ORDER BY num_of_shops DESC LIMIT 1",
        "query_toks": [
            "SELECT",
            "open_year",
            ",",
            "name",
            "FROM",
            "manufacturer",
            "ORDER",
            "BY",
            "num_of_shops",
            "DESC",
            "LIMIT",
            "1"
        ],
        "query_toks_no_value": [
            "select",
            "open_year",
            ",",
            "name",
            "from",
            "manufacturer",
            "order",
            "by",
            "num_of_shops",
            "desc",
            "limit",
            "value"
        ],
        "question": "Which manufacturer has the most number of shops? List its name and year of opening.",
        "question_toks": [
            "Which",
            "manufacturer",
            "has",
            "the",
            "most",
            "number",
            "of",
            "shops",
            "?",
            "List",
            "its",
            "name",
            "and",
            "year",
            "of",
            "opening",
            "."
        ],
        "sql": {
            "from": {
                "table_units": [
                    [
                        "table_unit",
                        0
                    ]
                ],
                "conds": []
            },
            "select": [
                false,
                [
                    [
                        0,
                        [
                            0,
                            [
                                0,
                                2,
                                false
                            ],
                            null
                        ]
                    ],
                    [
                        0,
                        [
                            0,
                            [
                                0,
                                3,
                                false
                            ],
                            null
                        ]
                    ]
                ]
            ],
            "where": [],
            "groupBy": [],
            "having": [],
            "orderBy": [
                "desc",
                [
                    [
                        0,
                        [
                            0,
                            5,
                            false
                        ],
                        null
                    ]
                ]
            ],
            "limit": 1,
            "intersect": null,
            "union": null,
            "except": null
        },
        "complexity": "medium",
        "query_len": 12
    },
    {
        "db_id": "manufacturer",
        "query": "SELECT sum(market_rate) FROM furniture ORDER BY market_rate DESC LIMIT 2",
        "query_toks": [
            "SELECT",
            "sum",
            "(",
            "market_rate",
            ")",
            "FROM",
            "furniture",
            "ORDER",
            "BY",
            "market_rate",
            "DESC",
            "LIMIT",
            "2"
        ],
        "query_toks_no_value": [
            "select",
            "sum",
            "(",
            "market_rate",
            ")",
            "from",
            "furniture",
            "order",
            "by",
            "market_rate",
            "desc",
            "limit",
            "value"
        ],
        "question": "find the total market rate of the furnitures that have the top 2 market shares.",
        "question_toks": [
            "find",
            "the",
            "total",
            "market",
            "rate",
            "of",
            "the",
            "furnitures",
            "that",
            "have",
            "the",
            "top",
            "2",
            "market",
            "shares",
            "."
        ],
        "sql": {
            "from": {
                "table_units": [
                    [
                        "table_unit",
                        1
                    ]
                ],
                "conds": []
            },
            "select": [
                false,
                [
                    [
                        4,
                        [
                            0,
                            [
                                0,
                                9,
                                false
                            ],
                            null
                        ]
                    ]
                ]
            ],
            "where": [],
            "groupBy": [],
            "having": [],
            "orderBy": [
                "desc",
                [
                    [
                        0,
                        [
                            0,
                            9,
                            false
                        ],
                        null
                    ]
                ]
            ],
            "limit": 2,
            "intersect": null,
            "union": null,
            "except": null
        },
        "complexity": "medium",
        "query_len": 13
    },
    {
        "db_id": "manufacturer",
        "query": "SELECT name ,  open_year FROM manufacturer WHERE num_of_shops  >  10 OR Num_of_Factories  <  10",
        "query_toks": [
            "SELECT",
            "name",
            ",",
            "open_year",
            "FROM",
            "manufacturer",
            "WHERE",
            "num_of_shops",
            ">",
            "10",
            "OR",
            "Num_of_Factories",
            "<",
            "10"
        ],
        "query_toks_no_value": [
            "select",
            "name",
            ",",
            "open_year",
            "from",
            "manufacturer",
            "where",
            "num_of_shops",
            ">",
            "value",
            "or",
            "num_of_factories",
            "<",
            "value"
        ],
        "question": "Give me the name and year of opening of the manufacturers that have either less than 10 factories or more than 10 shops.",
        "question_toks": [
            "Give",
            "me",
            "the",
            "name",
            "and",
            "year",
            "of",
            "opening",
            "of",
            "the",
            "manufacturers",
            "that",
            "have",
            "either",
            "less",
            "than",
            "10",
            "factories",
            "or",
            "more",
            "than",
            "10",
            "shops",
            "."
        ],
        "sql": {
            "from": {
                "table_units": [
                    [
                        "table_unit",
                        0
                    ]
                ],
                "conds": []
            },
            "select": [
                false,
                [
                    [
                        0,
                        [
                            0,
                            [
                                0,
                                3,
                                false
                            ],
                            null
                        ]
                    ],
                    [
                        0,
                        [
                            0,
                            [
                                0,
                                2,
                                false
                            ],
                            null
                        ]
                    ]
                ]
            ],
            "where": [
                [
                    false,
                    3,
                    [
                        0,
                        [
                            0,
                            5,
                            false
                        ],
                        null
                    ],
                    10.0,
                    null
                ],
                "or",
                [
                    false,
                    4,
                    [
                        0,
                        [
                            0,
                            4,
                            false
                        ],
                        null
                    ],
                    10.0,
                    null
                ]
            ],
            "groupBy": [],
            "having": [],
            "orderBy": [],
            "limit": null,
            "intersect": null,
            "union": null,
            "except": null
        },
        "complexity": "extra",
        "query_len": 14
    },
    {
        "db_id": "manufacturer",
        "query": "SELECT max(num_of_shops) ,  avg(Num_of_Factories) FROM manufacturer WHERE open_year  <  1990",
        "query_toks": [
            "SELECT",
            "max",
            "(",
            "num_of_shops",
            ")",
            ",",
            "avg",
            "(",
            "Num_of_Factories",
            ")",
            "FROM",
            "manufacturer",
            "WHERE",
            "open_year",
            "<",
            "1990"
        ],
        "query_toks_no_value": [
            "select",
            "max",
            "(",
            "num_of_shops",
            ")",
            ",",
            "avg",
            "(",
            "num_of_factories",
            ")",
            "from",
            "manufacturer",
            "where",
            "open_year",
            "<",
            "value"
        ],
        "question": "what is the average number of factories and maximum number of shops for manufacturers that opened before 1990.",
        "question_toks": [
            "what",
            "is",
            "the",
            "average",
            "number",
            "of",
            "factories",
            "and",
            "maximum",
            "number",
            "of",
            "shops",
            "for",
            "manufacturers",
            "that",
            "opened",
            "before",
            "1990",
            "."
        ],
        "sql": {
            "from": {
                "table_units": [
                    [
                        "table_unit",
                        0
                    ]
                ],
                "conds": []
            },
            "select": [
                false,
                [
                    [
                        1,
                        [
                            0,
                            [
                                0,
                                5,
                                false
                            ],
                            null
                        ]
                    ],
                    [
                        5,
                        [
                            0,
                            [
                                0,
                                4,
                                false
                            ],
                            null
                        ]
                    ]
                ]
            ],
            "where": [
                [
                    false,
                    4,
                    [
                        0,
                        [
                            0,
                            2,
                            false
                        ],
                        null
                    ],
                    1990.0,
                    null
                ]
            ],
            "groupBy": [],
            "having": [],
            "orderBy": [],
            "limit": null,
            "intersect": null,
            "union": null,
            "except": null
        },
        "complexity": "medium",
        "query_len": 16
    },
    {
        "db_id": "manufacturer",
        "query": "SELECT Market_Rate ,  name FROM furniture WHERE Furniture_ID NOT IN (SELECT Furniture_ID FROM furniture_manufacte)",
        "query_toks": [
            "SELECT",
            "Market_Rate",
            ",",
            "name",
            "FROM",
            "furniture",
            "WHERE",
            "Furniture_ID",
            "NOT",
            "IN",
            "(",
            "SELECT",
            "Furniture_ID",
            "FROM",
            "furniture_manufacte",
            ")"
        ],
        "query_toks_no_value": [
            "select",
            "market_rate",
            ",",
            "name",
            "from",
            "furniture",
            "where",
            "furniture_id",
            "not",
            "in",
            "(",
            "select",
            "furniture_id",
            "from",
            "furniture_manufacte",
            ")"
        ],
        "question": "Find the market shares and names of furnitures which no any company is producing in our records.",
        "question_toks": [
            "Find",
            "the",
            "market",
            "shares",
            "and",
            "names",
            "of",
            "furnitures",
            "which",
            "no",
            "any",
            "company",
            "is",
            "producing",
            "in",
            "our",
            "records",
            "."
        ],
        "sql": {
            "from": {
                "table_units": [
                    [
                        "table_unit",
                        1
                    ]
                ],
                "conds": []
            },
            "select": [
                false,
                [
                    [
                        0,
                        [
                            0,
                            [
                                0,
                                9,
                                false
                            ],
                            null
                        ]
                    ],
                    [
                        0,
                        [
                            0,
                            [
                                0,
                                7,
                                false
                            ],
                            null
                        ]
                    ]
                ]
            ],
            "where": [
                [
                    true,
                    8,
                    [
                        0,
                        [
                            0,
                            6,
                            false
                        ],
                        null
                    ],
                    {
                        "from": {
                            "table_units": [
                                [
                                    "table_unit",
                                    2
                                ]
                            ],
                            "conds": []
                        },
                        "select": [
                            false,
                            [
                                [
                                    0,
                                    [
                                        0,
                                        [
                                            0,
                                            11,
                                            false
                                        ],
                                        null
                                    ]
                                ]
                            ]
                        ],
                        "where": [],
                        "groupBy": [],
                        "having": [],
                        "orderBy": [],
                        "limit": null,
                        "intersect": null,
                        "union": null,
                        "except": null
                    },
                    null
                ]
            ],
            "groupBy": [],
            "having": [],
            "orderBy": [],
            "limit": null,
            "intersect": null,
            "union": null,
            "except": null
        },
        "complexity": "extra",
        "query_len": 16
    },
    {
        "db_id": "manufacturer",
        "query": "SELECT t1.manufacturer_id ,  t1.num_of_shops FROM manufacturer AS t1 JOIN furniture_manufacte AS t2 ON t1.manufacturer_id  =  t2.manufacturer_id ORDER BY t2.Price_in_Dollar DESC LIMIT 1",
        "query_toks": [
            "SELECT",
            "t1.manufacturer_id",
            ",",
            "t1.num_of_shops",
            "FROM",
            "manufacturer",
            "AS",
            "t1",
            "JOIN",
            "furniture_manufacte",
            "AS",
            "t2",
            "ON",
            "t1.manufacturer_id",
            "=",
            "t2.manufacturer_id",
            "ORDER",
            "BY",
            "t2.Price_in_Dollar",
            "DESC",
            "LIMIT",
            "1"
        ],
        "query_toks_no_value": [
            "select",
            "t1",
            ".",
            "manufacturer_id",
            ",",
            "t1",
            ".",
            "num_of_shops",
            "from",
            "manufacturer",
            "as",
            "t1",
            "join",
            "furniture_manufacte",
            "as",
            "t2",
            "on",
            "t1",
            ".",
            "manufacturer_id",
            "=",
            "t2",
            ".",
            "manufacturer_id",
            "order",
            "by",
            "t2",
            ".",
            "price_in_dollar",
            "desc",
            "limit",
            "value"
        ],
        "question": "Find the id and number of shops for the company that produces the most expensive furniture.",
        "question_toks": [
            "Find",
            "the",
            "id",
            "and",
            "number",
            "of",
            "shops",
            "for",
            "the",
            "company",
            "that",
            "produces",
            "the",
            "most",
            "expensive",
            "furniture",
            "."
        ],
        "sql": {
            "from": {
                "table_units": [
                    [
                        "table_unit",
                        0
                    ],
                    [
                        "table_unit",
                        2
                    ]
                ],
                "conds": [
                    [
                        false,
                        2,
                        [
                            0,
                            [
                                0,
                                1,
                                false
                            ],
                            null
                        ],
                        [
                            0,
                            10,
                            false
                        ],
                        null
                    ]
                ]
            },
            "select": [
                false,
                [
                    [
                        0,
                        [
                            0,
                            [
                                0,
                                1,
                                false
                            ],
                            null
                        ]
                    ],
                    [
                        0,
                        [
                            0,
                            [
                                0,
                                5,
                                false
                            ],
                            null
                        ]
                    ]
                ]
            ],
            "where": [],
            "groupBy": [],
            "having": [],
            "orderBy": [
                "desc",
                [
                    [
                        0,
                        [
                            0,
                            12,
                            false
                        ],
                        null
                    ]
                ]
            ],
            "limit": 1,
            "intersect": null,
            "union": null,
            "except": null
        },
        "complexity": "hard",
        "query_len": 22
    },
    {
        "db_id": "manufacturer",
        "query": "SELECT count(*) ,  t1.name FROM manufacturer AS t1 JOIN furniture_manufacte AS t2 ON t1.manufacturer_id  =  t2.manufacturer_id GROUP BY t1.manufacturer_id",
        "query_toks": [
            "SELECT",
            "count",
            "(",
            "*",
            ")",
            ",",
            "t1.name",
            "FROM",
            "manufacturer",
            "AS",
            "t1",
            "JOIN",
            "furniture_manufacte",
            "AS",
            "t2",
            "ON",
            "t1.manufacturer_id",
            "=",
            "t2.manufacturer_id",
            "GROUP",
            "BY",
            "t1.manufacturer_id"
        ],
        "query_toks_no_value": [
            "select",
            "count",
            "(",
            "*",
            ")",
            ",",
            "t1",
            ".",
            "name",
            "from",
            "manufacturer",
            "as",
            "t1",
            "join",
            "furniture_manufacte",
            "as",
            "t2",
            "on",
            "t1",
            ".",
            "manufacturer_id",
            "=",
            "t2",
            ".",
            "manufacturer_id",
            "group",
            "by",
            "t1",
            ".",
            "manufacturer_id"
        ],
        "question": "Find the number of funiture types produced by each manufacturer as well as the company names.",
        "question_toks": [
            "Find",
            "the",
            "number",
            "of",
            "funiture",
            "types",
            "produced",
            "by",
            "each",
            "manufacturer",
            "as",
            "well",
            "as",
            "the",
            "company",
            "names",
            "."
        ],
        "sql": {
            "from": {
                "table_units": [
                    [
                        "table_unit",
                        0
                    ],
                    [
                        "table_unit",
                        2
                    ]
                ],
                "conds": [
                    [
                        false,
                        2,
                        [
                            0,
                            [
                                0,
                                1,
                                false
                            ],
                            null
                        ],
                        [
                            0,
                            10,
                            false
                        ],
                        null
                    ]
                ]
            },
            "select": [
                false,
                [
                    [
                        3,
                        [
                            0,
                            [
                                0,
                                0,
                                false
                            ],
                            null
                        ]
                    ],
                    [
                        0,
                        [
                            0,
                            [
                                0,
                                3,
                                false
                            ],
                            null
                        ]
                    ]
                ]
            ],
            "where": [],
            "groupBy": [
                [
                    0,
                    1,
                    false
                ]
            ],
            "having": [],
            "orderBy": [],
            "limit": null,
            "intersect": null,
            "union": null,
            "except": null
        },
        "complexity": "medium",
        "query_len": 22
    },
    {
        "db_id": "manufacturer",
        "query": "SELECT t1.name FROM furniture AS t1 JOIN furniture_manufacte AS t2 ON t1.Furniture_ID  =  t2.Furniture_ID WHERE t2.Price_in_Dollar  <  (SELECT max(Price_in_Dollar) FROM furniture_manufacte)",
        "query_toks": [
            "SELECT",
            "t1.name",
            "FROM",
            "furniture",
            "AS",
            "t1",
            "JOIN",
            "furniture_manufacte",
            "AS",
            "t2",
            "ON",
            "t1.Furniture_ID",
            "=",
            "t2.Furniture_ID",
            "WHERE",
            "t2.Price_in_Dollar",
            "<",
            "(",
            "SELECT",
            "max",
            "(",
            "Price_in_Dollar",
            ")",
            "FROM",
            "furniture_manufacte",
            ")"
        ],
        "query_toks_no_value": [
            "select",
            "t1",
            ".",
            "name",
            "from",
            "furniture",
            "as",
            "t1",
            "join",
            "furniture_manufacte",
            "as",
            "t2",
            "on",
            "t1",
            ".",
            "furniture_id",
            "=",
            "t2",
            ".",
            "furniture_id",
            "where",
            "t2",
            ".",
            "price_in_dollar",
            "<",
            "(",
            "select",
            "max",
            "(",
            "price_in_dollar",
            ")",
            "from",
            "furniture_manufacte",
            ")"
        ],
        "question": "Find the names of furnitures whose prices are lower than the highest price.",
        "question_toks": [
            "Find",
            "the",
            "names",
            "of",
            "furnitures",
            "whose",
            "prices",
            "are",
            "lower",
            "than",
            "the",
            "highest",
            "price",
            "."
        ],
        "sql": {
            "from": {
                "table_units": [
                    [
                        "table_unit",
                        1
                    ],
                    [
                        "table_unit",
                        2
                    ]
                ],
                "conds": [
                    [
                        false,
                        2,
                        [
                            0,
                            [
                                0,
                                6,
                                false
                            ],
                            null
                        ],
                        [
                            0,
                            11,
                            false
                        ],
                        null
                    ]
                ]
            },
            "select": [
                false,
                [
                    [
                        0,
                        [
                            0,
                            [
                                0,
                                7,
                                false
                            ],
                            null
                        ]
                    ]
                ]
            ],
            "where": [
                [
                    false,
                    4,
                    [
                        0,
                        [
                            0,
                            12,
                            false
                        ],
                        null
                    ],
                    {
                        "from": {
                            "table_units": [
                                [
                                    "table_unit",
                                    2
                                ]
                            ],
                            "conds": []
                        },
                        "select": [
                            false,
                            [
                                [
                                    1,
                                    [
                                        0,
                                        [
                                            0,
                                            12,
                                            false
                                        ],
                                        null
                                    ]
                                ]
                            ]
                        ],
                        "where": [],
                        "groupBy": [],
                        "having": [],
                        "orderBy": [],
                        "limit": null,
                        "intersect": null,
                        "union": null,
                        "except": null
                    },
                    null
                ]
            ],
            "groupBy": [],
            "having": [],
            "orderBy": [],
            "limit": null,
            "intersect": null,
            "union": null,
            "except": null
        },
        "complexity": "extra",
        "query_len": 26
    }
]