[
    {
        "db_id": "mountain_photos",
        "query": "SELECT id ,  color ,  name FROM photos",
        "query_toks": [
            "SELECT",
            "id",
            ",",
            "color",
            ",",
            "name",
            "FROM",
            "photos"
        ],
        "query_toks_no_value": [
            "select",
            "id",
            ",",
            "color",
            ",",
            "name",
            "from",
            "photos"
        ],
        "question": "List the id, color scheme, and name for all the photos.",
        "question_toks": [
            "List",
            "the",
            "id",
            ",",
            "color",
            "scheme",
            ",",
            "and",
            "name",
            "for",
            "all",
            "the",
            "photos",
            "."
        ],
        "sql": {
            "from": {
                "table_units": [
                    [
                        "table_unit",
                        2
                    ]
                ],
                "conds": []
            },
            "select": [
                false,
                [
                    [
                        0,
                        [
                            0,
                            [
                                0,
                                12,
                                false
                            ],
                            null
                        ]
                    ],
                    [
                        0,
                        [
                            0,
                            [
                                0,
                                15,
                                false
                            ],
                            null
                        ]
                    ],
                    [
                        0,
                        [
                            0,
                            [
                                0,
                                16,
                                false
                            ],
                            null
                        ]
                    ]
                ]
            ],
            "where": [],
            "groupBy": [],
            "having": [],
            "orderBy": [],
            "limit": null,
            "intersect": null,
            "union": null,
            "except": null
        },
        "complexity": "medium",
        "query_len": 8
    },
    {
        "db_id": "mountain_photos",
        "query": "SELECT count(DISTINCT brand) FROM camera_lens",
        "query_toks": [
            "SELECT",
            "count",
            "(",
            "DISTINCT",
            "brand",
            ")",
            "FROM",
            "camera_lens"
        ],
        "query_toks_no_value": [
            "select",
            "count",
            "(",
            "distinct",
            "brand",
            ")",
            "from",
            "camera_lens"
        ],
        "question": "How many different kinds of lens brands are there?",
        "question_toks": [
            "How",
            "many",
            "different",
            "kinds",
            "of",
            "lens",
            "brands",
            "are",
            "there",
            "?"
        ],
        "sql": {
            "from": {
                "table_units": [
                    [
                        "table_unit",
                        1
                    ]
                ],
                "conds": []
            },
            "select": [
                false,
                [
                    [
                        3,
                        [
                            0,
                            [
                                0,
                                8,
                                true
                            ],
                            null
                        ]
                    ]
                ]
            ],
            "where": [],
            "groupBy": [],
            "having": [],
            "orderBy": [],
            "limit": null,
            "intersect": null,
            "union": null,
            "except": null
        },
        "complexity": "easy",
        "query_len": 8
    },
    {
        "db_id": "mountain_photos",
        "query": "SELECT brand ,  name FROM camera_lens ORDER BY max_aperture DESC",
        "query_toks": [
            "SELECT",
            "brand",
            ",",
            "name",
            "FROM",
            "camera_lens",
            "ORDER",
            "BY",
            "max_aperture",
            "DESC"
        ],
        "query_toks_no_value": [
            "select",
            "brand",
            ",",
            "name",
            "from",
            "camera_lens",
            "order",
            "by",
            "max_aperture",
            "desc"
        ],
        "question": "Find the brand and name for each camera lens, and sort in descending order of maximum aperture.",
        "question_toks": [
            "Find",
            "the",
            "brand",
            "and",
            "name",
            "for",
            "each",
            "camera",
            "lens",
            ",",
            "and",
            "sort",
            "in",
            "descending",
            "order",
            "of",
            "maximum",
            "aperture",
            "."
        ],
        "sql": {
            "from": {
                "table_units": [
                    [
                        "table_unit",
                        1
                    ]
                ],
                "conds": []
            },
            "select": [
                false,
                [
                    [
                        0,
                        [
                            0,
                            [
                                0,
                                8,
                                false
                            ],
                            null
                        ]
                    ],
                    [
                        0,
                        [
                            0,
                            [
                                0,
                                9,
                                false
                            ],
                            null
                        ]
                    ]
                ]
            ],
            "where": [],
            "groupBy": [],
            "having": [],
            "orderBy": [
                "desc",
                [
                    [
                        0,
                        [
                            0,
                            11,
                            false
                        ],
                        null
                    ]
                ]
            ],
            "limit": null,
            "intersect": null,
            "union": null,
            "except": null
        },
        "complexity": "medium",
        "query_len": 10
    },
    {
        "db_id": "mountain_photos",
        "query": "SELECT count(*) FROM camera_lens WHERE focal_length_mm  >  15",
        "query_toks": [
            "SELECT",
            "count",
            "(",
            "*",
            ")",
            "FROM",
            "camera_lens",
            "WHERE",
            "focal_length_mm",
            ">",
            "15"
        ],
        "query_toks_no_value": [
            "select",
            "count",
            "(",
            "*",
            ")",
            "from",
            "camera_lens",
            "where",
            "focal_length_mm",
            ">",
            "value"
        ],
        "question": "How many camera lenses have a focal length longer than 15 mm?",
        "question_toks": [
            "How",
            "many",
            "camera",
            "lenses",
            "have",
            "a",
            "focal",
            "length",
            "longer",
            "than",
            "15",
            "mm",
            "?"
        ],
        "sql": {
            "from": {
                "table_units": [
                    [
                        "table_unit",
                        1
                    ]
                ],
                "conds": []
            },
            "select": [
                false,
                [
                    [
                        3,
                        [
                            0,
                            [
                                0,
                                0,
                                false
                            ],
                            null
                        ]
                    ]
                ]
            ],
            "where": [
                [
                    false,
                    3,
                    [
                        0,
                        [
                            0,
                            10,
                            false
                        ],
                        null
                    ],
                    15.0,
                    null
                ]
            ],
            "groupBy": [],
            "having": [],
            "orderBy": [],
            "limit": null,
            "intersect": null,
            "union": null,
            "except": null
        },
        "complexity": "easy",
        "query_len": 11
    },
    {
        "db_id": "mountain_photos",
        "query": "SELECT max(height) ,  avg(height) FROM mountain",
        "query_toks": [
            "SELECT",
            "max",
            "(",
            "height",
            ")",
            ",",
            "avg",
            "(",
            "height",
            ")",
            "FROM",
            "mountain"
        ],
        "query_toks_no_value": [
            "select",
            "max",
            "(",
            "height",
            ")",
            ",",
            "avg",
            "(",
            "height",
            ")",
            "from",
            "mountain"
        ],
        "question": "What are the maximum and average height of the mountains?",
        "question_toks": [
            "What",
            "are",
            "the",
            "maximum",
            "and",
            "average",
            "height",
            "of",
            "the",
            "mountains",
            "?"
        ],
        "sql": {
            "from": {
                "table_units": [
                    [
                        "table_unit",
                        0
                    ]
                ],
                "conds": []
            },
            "select": [
                false,
                [
                    [
                        1,
                        [
                            0,
                            [
                                0,
                                3,
                                false
                            ],
                            null
                        ]
                    ],
                    [
                        5,
                        [
                            0,
                            [
                                0,
                                3,
                                false
                            ],
                            null
                        ]
                    ]
                ]
            ],
            "where": [],
            "groupBy": [],
            "having": [],
            "orderBy": [],
            "limit": null,
            "intersect": null,
            "union": null,
            "except": null
        },
        "complexity": "medium",
        "query_len": 12
    },
    {
        "db_id": "mountain_photos",
        "query": "SELECT avg(prominence) FROM mountain WHERE country  =  'Morocco'",
        "query_toks": [
            "SELECT",
            "avg",
            "(",
            "prominence",
            ")",
            "FROM",
            "mountain",
            "WHERE",
            "country",
            "=",
            "'Morocco",
            "'"
        ],
        "query_toks_no_value": [
            "select",
            "avg",
            "(",
            "prominence",
            ")",
            "from",
            "mountain",
            "where",
            "country",
            "=",
            "value"
        ],
        "question": "What are the average prominence of the mountains in country 'Morocco'?",
        "question_toks": [
            "What",
            "are",
            "the",
            "average",
            "prominence",
            "of",
            "the",
            "mountains",
            "in",
            "country",
            "'Morocco",
            "'",
            "?"
        ],
        "sql": {
            "from": {
                "table_units": [
                    [
                        "table_unit",
                        0
                    ]
                ],
                "conds": []
            },
            "select": [
                false,
                [
                    [
                        5,
                        [
                            0,
                            [
                                0,
                                4,
                                false
                            ],
                            null
                        ]
                    ]
                ]
            ],
            "where": [
                [
                    false,
                    2,
                    [
                        0,
                        [
                            0,
                            6,
                            false
                        ],
                        null
                    ],
                    "\"Morocco\"",
                    null
                ]
            ],
            "groupBy": [],
            "having": [],
            "orderBy": [],
            "limit": null,
            "intersect": null,
            "union": null,
            "except": null
        },
        "complexity": "easy",
        "query_len": 12
    },
    {
        "db_id": "mountain_photos",
        "query": "SELECT name FROM camera_lens WHERE name LIKE \"%Digital%\"",
        "query_toks": [
            "SELECT",
            "name",
            "FROM",
            "camera_lens",
            "WHERE",
            "name",
            "LIKE",
            "``",
            "%",
            "Digital",
            "%",
            "''"
        ],
        "query_toks_no_value": [
            "select",
            "name",
            "from",
            "camera_lens",
            "where",
            "name",
            "like",
            "value"
        ],
        "question": "List the camera lens names containing substring \"Digital\".",
        "question_toks": [
            "List",
            "the",
            "camera",
            "lens",
            "names",
            "containing",
            "substring",
            "``",
            "Digital",
            "''",
            "."
        ],
        "sql": {
            "from": {
                "table_units": [
                    [
                        "table_unit",
                        1
                    ]
                ],
                "conds": []
            },
            "select": [
                false,
                [
                    [
                        0,
                        [
                            0,
                            [
                                0,
                                9,
                                false
                            ],
                            null
                        ]
                    ]
                ]
            ],
            "where": [
                [
                    false,
                    9,
                    [
                        0,
                        [
                            0,
                            9,
                            false
                        ],
                        null
                    ],
                    "\"%Digital%\"",
                    null
                ]
            ],
            "groupBy": [],
            "having": [],
            "orderBy": [],
            "limit": null,
            "intersect": null,
            "union": null,
            "except": null
        },
        "complexity": "medium",
        "query_len": 12
    },
    {
        "db_id": "mountain_photos",
        "query": "SELECT name ,  height ,  prominence FROM mountain WHERE range != 'Aberdare Range'",
        "query_toks": [
            "SELECT",
            "name",
            ",",
            "height",
            ",",
            "prominence",
            "FROM",
            "mountain",
            "WHERE",
            "range",
            "!",
            "=",
            "'Aberdare",
            "Range",
            "'"
        ],
        "query_toks_no_value": [
            "select",
            "name",
            ",",
            "height",
            ",",
            "prominence",
            "from",
            "mountain",
            "where",
            "range",
            "!",
            "=",
            "value"
        ],
        "question": "What are the name, height and prominence of mountains which do not belong to the range 'Aberdare Range'?",
        "question_toks": [
            "What",
            "are",
            "the",
            "name",
            ",",
            "height",
            "and",
            "prominence",
            "of",
            "mountains",
            "which",
            "do",
            "not",
            "belong",
            "to",
            "the",
            "range",
            "'Aberdare",
            "Range",
            "'",
            "?"
        ],
        "sql": {
            "from": {
                "table_units": [
                    [
                        "table_unit",
                        0
                    ]
                ],
                "conds": []
            },
            "select": [
                false,
                [
                    [
                        0,
                        [
                            0,
                            [
                                0,
                                2,
                                false
                            ],
                            null
                        ]
                    ],
                    [
                        0,
                        [
                            0,
                            [
                                0,
                                3,
                                false
                            ],
                            null
                        ]
                    ],
                    [
                        0,
                        [
                            0,
                            [
                                0,
                                4,
                                false
                            ],
                            null
                        ]
                    ]
                ]
            ],
            "where": [
                [
                    false,
                    7,
                    [
                        0,
                        [
                            0,
                            5,
                            false
                        ],
                        null
                    ],
                    "\"Aberdare Range\"",
                    null
                ]
            ],
            "groupBy": [],
            "having": [],
            "orderBy": [],
            "limit": null,
            "intersect": null,
            "union": null,
            "except": null
        },
        "complexity": "medium",
        "query_len": 15
    },
    {
        "db_id": "mountain_photos",
        "query": "SELECT count(*) FROM camera_lens WHERE id NOT IN ( SELECT camera_lens_id FROM photos )",
        "query_toks": [
            "SELECT",
            "count",
            "(",
            "*",
            ")",
            "FROM",
            "camera_lens",
            "WHERE",
            "id",
            "NOT",
            "IN",
            "(",
            "SELECT",
            "camera_lens_id",
            "FROM",
            "photos",
            ")"
        ],
        "query_toks_no_value": [
            "select",
            "count",
            "(",
            "*",
            ")",
            "from",
            "camera_lens",
            "where",
            "id",
            "not",
            "in",
            "(",
            "select",
            "camera_lens_id",
            "from",
            "photos",
            ")"
        ],
        "question": "How many camera lenses are not used in taking any photos?",
        "question_toks": [
            "How",
            "many",
            "camera",
            "lenses",
            "are",
            "not",
            "used",
            "in",
            "taking",
            "any",
            "photos",
            "?"
        ],
        "sql": {
            "from": {
                "table_units": [
                    [
                        "table_unit",
                        1
                    ]
                ],
                "conds": []
            },
            "select": [
                false,
                [
                    [
                        3,
                        [
                            0,
                            [
                                0,
                                0,
                                false
                            ],
                            null
                        ]
                    ]
                ]
            ],
            "where": [
                [
                    true,
                    8,
                    [
                        0,
                        [
                            0,
                            7,
                            false
                        ],
                        null
                    ],
                    {
                        "from": {
                            "table_units": [
                                [
                                    "table_unit",
                                    2
                                ]
                            ],
                            "conds": []
                        },
                        "select": [
                            false,
                            [
                                [
                                    0,
                                    [
                                        0,
                                        [
                                            0,
                                            13,
                                            false
                                        ],
                                        null
                                    ]
                                ]
                            ]
                        ],
                        "where": [],
                        "groupBy": [],
                        "having": [],
                        "orderBy": [],
                        "limit": null,
                        "intersect": null,
                        "union": null,
                        "except": null
                    },
                    null
                ]
            ],
            "groupBy": [],
            "having": [],
            "orderBy": [],
            "limit": null,
            "intersect": null,
            "union": null,
            "except": null
        },
        "complexity": "extra",
        "query_len": 17
    },
    {
        "db_id": "mountain_photos",
        "query": "SELECT T1.id ,  T1.name FROM mountain AS T1 JOIN photos AS T2 ON T1.id  =  T2.mountain_id WHERE T1.height  >  4000",
        "query_toks": [
            "SELECT",
            "T1.id",
            ",",
            "T1.name",
            "FROM",
            "mountain",
            "AS",
            "T1",
            "JOIN",
            "photos",
            "AS",
            "T2",
            "ON",
            "T1.id",
            "=",
            "T2.mountain_id",
            "WHERE",
            "T1.height",
            ">",
            "4000"
        ],
        "query_toks_no_value": [
            "select",
            "t1",
            ".",
            "id",
            ",",
            "t1",
            ".",
            "name",
            "from",
            "mountain",
            "as",
            "t1",
            "join",
            "photos",
            "as",
            "t2",
            "on",
            "t1",
            ".",
            "id",
            "=",
            "t2",
            ".",
            "mountain_id",
            "where",
            "t1",
            ".",
            "height",
            ">",
            "value"
        ],
        "question": "What are the id and name of the photos for mountains?",
        "question_toks": [
            "What",
            "are",
            "the",
            "id",
            "and",
            "name",
            "of",
            "the",
            "photos",
            "for",
            "mountains",
            "?"
        ],
        "sql": {
            "from": {
                "table_units": [
                    [
                        "table_unit",
                        0
                    ],
                    [
                        "table_unit",
                        2
                    ]
                ],
                "conds": [
                    [
                        false,
                        2,
                        [
                            0,
                            [
                                0,
                                1,
                                false
                            ],
                            null
                        ],
                        [
                            0,
                            14,
                            false
                        ],
                        null
                    ]
                ]
            },
            "select": [
                false,
                [
                    [
                        0,
                        [
                            0,
                            [
                                0,
                                1,
                                false
                            ],
                            null
                        ]
                    ],
                    [
                        0,
                        [
                            0,
                            [
                                0,
                                2,
                                false
                            ],
                            null
                        ]
                    ]
                ]
            ],
            "where": [
                [
                    false,
                    3,
                    [
                        0,
                        [
                            0,
                            3,
                            false
                        ],
                        null
                    ],
                    4000.0,
                    null
                ]
            ],
            "groupBy": [],
            "having": [],
            "orderBy": [],
            "limit": null,
            "intersect": null,
            "union": null,
            "except": null
        },
        "complexity": "medium",
        "query_len": 20
    },
    {
        "db_id": "mountain_photos",
        "query": "SELECT count(DISTINCT T2.camera_lens_id) FROM mountain AS T1 JOIN photos AS T2 ON T1.id  =  T2.mountain_id WHERE T1.country  =  'Ethiopia'",
        "query_toks": [
            "SELECT",
            "count",
            "(",
            "DISTINCT",
            "T2.camera_lens_id",
            ")",
            "FROM",
            "mountain",
            "AS",
            "T1",
            "JOIN",
            "photos",
            "AS",
            "T2",
            "ON",
            "T1.id",
            "=",
            "T2.mountain_id",
            "WHERE",
            "T1.country",
            "=",
            "'Ethiopia",
            "'"
        ],
        "query_toks_no_value": [
            "select",
            "count",
            "(",
            "distinct",
            "t2",
            ".",
            "camera_lens_id",
            ")",
            "from",
            "mountain",
            "as",
            "t1",
            "join",
            "photos",
            "as",
            "t2",
            "on",
            "t1",
            ".",
            "id",
            "=",
            "t2",
            ".",
            "mountain_id",
            "where",
            "t1",
            ".",
            "country",
            "=",
            "value"
        ],
        "question": "How many distinct kinds of camera lenses are used to take photos of mountains in the country 'Ethiopia'?",
        "question_toks": [
            "How",
            "many",
            "distinct",
            "kinds",
            "of",
            "camera",
            "lenses",
            "are",
            "used",
            "to",
            "take",
            "photos",
            "of",
            "mountains",
            "in",
            "the",
            "country",
            "'Ethiopia",
            "'",
            "?"
        ],
        "sql": {
            "from": {
                "table_units": [
                    [
                        "table_unit",
                        0
                    ],
                    [
                        "table_unit",
                        2
                    ]
                ],
                "conds": [
                    [
                        false,
                        2,
                        [
                            0,
                            [
                                0,
                                1,
                                false
                            ],
                            null
                        ],
                        [
                            0,
                            14,
                            false
                        ],
                        null
                    ]
                ]
            },
            "select": [
                false,
                [
                    [
                        3,
                        [
                            0,
                            [
                                0,
                                13,
                                true
                            ],
                            null
                        ]
                    ]
                ]
            ],
            "where": [
                [
                    false,
                    2,
                    [
                        0,
                        [
                            0,
                            6,
                            false
                        ],
                        null
                    ],
                    "\"Ethiopia\"",
                    null
                ]
            ],
            "groupBy": [],
            "having": [],
            "orderBy": [],
            "limit": null,
            "intersect": null,
            "union": null,
            "except": null
        },
        "complexity": "medium",
        "query_len": 23
    },
    {
        "db_id": "mountain_photos",
        "query": "SELECT T1.name FROM camera_lens AS T1 JOIN photos AS T2 ON T2.camera_lens_id  =  T1.id WHERE T1.brand  =  'Sigma' OR T1.brand  =  'Olympus'",
        "query_toks": [
            "SELECT",
            "T1.name",
            "FROM",
            "camera_lens",
            "AS",
            "T1",
            "JOIN",
            "photos",
            "AS",
            "T2",
            "ON",
            "T2.camera_lens_id",
            "=",
            "T1.id",
            "WHERE",
            "T1.brand",
            "=",
            "'Sigma",
            "'",
            "OR",
            "T1.brand",
            "=",
            "'Olympus",
            "'"
        ],
        "query_toks_no_value": [
            "select",
            "t1",
            ".",
            "name",
            "from",
            "camera_lens",
            "as",
            "t1",
            "join",
            "photos",
            "as",
            "t2",
            "on",
            "t2",
            ".",
            "camera_lens_id",
            "=",
            "t1",
            ".",
            "id",
            "where",
            "t1",
            ".",
            "brand",
            "=",
            "value",
            "or",
            "t1",
            ".",
            "brand",
            "=",
            "value"
        ],
        "question": "What are the names of photos taken with the lens brand 'Sigma' or 'Olympus'?",
        "question_toks": [
            "What",
            "are",
            "the",
            "names",
            "of",
            "photos",
            "taken",
            "with",
            "the",
            "lens",
            "brand",
            "'Sigma",
            "'",
            "or",
            "'Olympus",
            "'",
            "?"
        ],
        "sql": {
            "from": {
                "table_units": [
                    [
                        "table_unit",
                        1
                    ],
                    [
                        "table_unit",
                        2
                    ]
                ],
                "conds": [
                    [
                        false,
                        2,
                        [
                            0,
                            [
                                0,
                                13,
                                false
                            ],
                            null
                        ],
                        [
                            0,
                            7,
                            false
                        ],
                        null
                    ]
                ]
            },
            "select": [
                false,
                [
                    [
                        0,
                        [
                            0,
                            [
                                0,
                                9,
                                false
                            ],
                            null
                        ]
                    ]
                ]
            ],
            "where": [
                [
                    false,
                    2,
                    [
                        0,
                        [
                            0,
                            8,
                            false
                        ],
                        null
                    ],
                    "\"Sigma\"",
                    null
                ],
                "or",
                [
                    false,
                    2,
                    [
                        0,
                        [
                            0,
                            8,
                            false
                        ],
                        null
                    ],
                    "\"Olympus\"",
                    null
                ]
            ],
            "groupBy": [],
            "having": [],
            "orderBy": [],
            "limit": null,
            "intersect": null,
            "union": null,
            "except": null
        },
        "complexity": "hard",
        "query_len": 24
    },
    {
        "db_id": "mountain_photos",
        "query": "SELECT T2.name FROM photos AS T1 JOIN camera_lens AS T2 ON T1.camera_lens_id  =  T2.id GROUP BY T2.id ORDER BY count(*) DESC LIMIT 1",
        "query_toks": [
            "SELECT",
            "T2.name",
            "FROM",
            "photos",
            "AS",
            "T1",
            "JOIN",
            "camera_lens",
            "AS",
            "T2",
            "ON",
            "T1.camera_lens_id",
            "=",
            "T2.id",
            "GROUP",
            "BY",
            "T2.id",
            "ORDER",
            "BY",
            "count",
            "(",
            "*",
            ")",
            "DESC",
            "LIMIT",
            "1"
        ],
        "query_toks_no_value": [
            "select",
            "t2",
            ".",
            "name",
            "from",
            "photos",
            "as",
            "t1",
            "join",
            "camera_lens",
            "as",
            "t2",
            "on",
            "t1",
            ".",
            "camera_lens_id",
            "=",
            "t2",
            ".",
            "id",
            "group",
            "by",
            "t2",
            ".",
            "id",
            "order",
            "by",
            "count",
            "(",
            "*",
            ")",
            "desc",
            "limit",
            "value"
        ],
        "question": "What are the names of the cameras that have taken picture of the most mountains?",
        "question_toks": [
            "What",
            "are",
            "the",
            "names",
            "of",
            "the",
            "cameras",
            "that",
            "have",
            "taken",
            "picture",
            "of",
            "the",
            "most",
            "mountains",
            "?"
        ],
        "sql": {
            "from": {
                "table_units": [
                    [
                        "table_unit",
                        2
                    ],
                    [
                        "table_unit",
                        1
                    ]
                ],
                "conds": [
                    [
                        false,
                        2,
                        [
                            0,
                            [
                                0,
                                13,
                                false
                            ],
                            null
                        ],
                        [
                            0,
                            7,
                            false
                        ],
                        null
                    ]
                ]
            },
            "select": [
                false,
                [
                    [
                        0,
                        [
                            0,
                            [
                                0,
                                9,
                                false
                            ],
                            null
                        ]
                    ]
                ]
            ],
            "where": [],
            "groupBy": [
                [
                    0,
                    7,
                    false
                ]
            ],
            "having": [],
            "orderBy": [
                "desc",
                [
                    [
                        0,
                        [
                            3,
                            0,
                            false
                        ],
                        null
                    ]
                ]
            ],
            "limit": 1,
            "intersect": null,
            "union": null,
            "except": null
        },
        "complexity": "extra",
        "query_len": 26
    },
    {
        "db_id": "mountain_photos",
        "query": "SELECT T1.id ,  T1.name FROM mountain AS T1 JOIN photos AS T2 ON T1.id  =  T2.mountain_id GROUP BY T1.id HAVING count(*)  >=  2",
        "query_toks": [
            "SELECT",
            "T1.id",
            ",",
            "T1.name",
            "FROM",
            "mountain",
            "AS",
            "T1",
            "JOIN",
            "photos",
            "AS",
            "T2",
            "ON",
            "T1.id",
            "=",
            "T2.mountain_id",
            "GROUP",
            "BY",
            "T1.id",
            "HAVING",
            "count",
            "(",
            "*",
            ")",
            ">",
            "=",
            "2"
        ],
        "query_toks_no_value": [
            "select",
            "t1",
            ".",
            "id",
            ",",
            "t1",
            ".",
            "name",
            "from",
            "mountain",
            "as",
            "t1",
            "join",
            "photos",
            "as",
            "t2",
            "on",
            "t1",
            ".",
            "id",
            "=",
            "t2",
            ".",
            "mountain_id",
            "group",
            "by",
            "t1",
            ".",
            "id",
            "having",
            "count",
            "(",
            "*",
            ")",
            ">",
            "=",
            "value"
        ],
        "question": "What are the id and name of the mountains that have at least 2 photos?",
        "question_toks": [
            "What",
            "are",
            "the",
            "id",
            "and",
            "name",
            "of",
            "the",
            "mountains",
            "that",
            "have",
            "at",
            "least",
            "2",
            "photos",
            "?"
        ],
        "sql": {
            "from": {
                "table_units": [
                    [
                        "table_unit",
                        0
                    ],
                    [
                        "table_unit",
                        2
                    ]
                ],
                "conds": [
                    [
                        false,
                        2,
                        [
                            0,
                            [
                                0,
                                1,
                                false
                            ],
                            null
                        ],
                        [
                            0,
                            14,
                            false
                        ],
                        null
                    ]
                ]
            },
            "select": [
                false,
                [
                    [
                        0,
                        [
                            0,
                            [
                                0,
                                1,
                                false
                            ],
                            null
                        ]
                    ],
                    [
                        0,
                        [
                            0,
                            [
                                0,
                                2,
                                false
                            ],
                            null
                        ]
                    ]
                ]
            ],
            "where": [],
            "groupBy": [
                [
                    0,
                    1,
                    false
                ]
            ],
            "having": [
                [
                    false,
                    5,
                    [
                        0,
                        [
                            3,
                            0,
                            false
                        ],
                        null
                    ],
                    2.0,
                    null
                ]
            ],
            "orderBy": [],
            "limit": null,
            "intersect": null,
            "union": null,
            "except": null
        },
        "complexity": "medium",
        "query_len": 27
    },
    {
        "db_id": "mountain_photos",
        "query": "SELECT T1.name ,  count(*) FROM camera_lens AS T1 JOIN photos AS T2 ON T1.id  =  T2.camera_lens_id GROUP BY T1.id ORDER BY count(*)",
        "query_toks": [
            "SELECT",
            "T1.name",
            ",",
            "count",
            "(",
            "*",
            ")",
            "FROM",
            "camera_lens",
            "AS",
            "T1",
            "JOIN",
            "photos",
            "AS",
            "T2",
            "ON",
            "T1.id",
            "=",
            "T2.camera_lens_id",
            "GROUP",
            "BY",
            "T1.id",
            "ORDER",
            "BY",
            "count",
            "(",
            "*",
            ")"
        ],
        "query_toks_no_value": [
            "select",
            "t1",
            ".",
            "name",
            ",",
            "count",
            "(",
            "*",
            ")",
            "from",
            "camera_lens",
            "as",
            "t1",
            "join",
            "photos",
            "as",
            "t2",
            "on",
            "t1",
            ".",
            "id",
            "=",
            "t2",
            ".",
            "camera_lens_id",
            "group",
            "by",
            "t1",
            ".",
            "id",
            "order",
            "by",
            "count",
            "(",
            "*",
            ")"
        ],
        "question": "What is the name of each camera lens and the number of photos taken by it? Order the result by the count of photos.",
        "question_toks": [
            "What",
            "is",
            "the",
            "name",
            "of",
            "each",
            "camera",
            "lens",
            "and",
            "the",
            "number",
            "of",
            "photos",
            "taken",
            "by",
            "it",
            "?",
            "Order",
            "the",
            "result",
            "by",
            "the",
            "count",
            "of",
            "photos",
            "."
        ],
        "sql": {
            "from": {
                "table_units": [
                    [
                        "table_unit",
                        1
                    ],
                    [
                        "table_unit",
                        2
                    ]
                ],
                "conds": [
                    [
                        false,
                        2,
                        [
                            0,
                            [
                                0,
                                7,
                                false
                            ],
                            null
                        ],
                        [
                            0,
                            13,
                            false
                        ],
                        null
                    ]
                ]
            },
            "select": [
                false,
                [
                    [
                        0,
                        [
                            0,
                            [
                                0,
                                9,
                                false
                            ],
                            null
                        ]
                    ],
                    [
                        3,
                        [
                            0,
                            [
                                0,
                                0,
                                false
                            ],
                            null
                        ]
                    ]
                ]
            ],
            "where": [],
            "groupBy": [
                [
                    0,
                    7,
                    false
                ]
            ],
            "having": [],
            "orderBy": [
                "asc",
                [
                    [
                        0,
                        [
                            3,
                            0,
                            false
                        ],
                        null
                    ]
                ]
            ],
            "limit": null,
            "intersect": null,
            "union": null,
            "except": null
        },
        "complexity": "hard",
        "query_len": 28
    },
    {
        "db_id": "mountain_photos",
        "query": "SELECT name ,  prominence FROM mountain EXCEPT SELECT T1.name ,  T1.prominence FROM mountain AS T1 JOIN photos AS T2 ON T1.id  =  T2.mountain_id JOIN camera_lens AS T3 ON T2.camera_lens_id  =  T3.id WHERE T3.brand  =  'Sigma'",
        "query_toks": [
            "SELECT",
            "name",
            ",",
            "prominence",
            "FROM",
            "mountain",
            "EXCEPT",
            "SELECT",
            "T1.name",
            ",",
            "T1.prominence",
            "FROM",
            "mountain",
            "AS",
            "T1",
            "JOIN",
            "photos",
            "AS",
            "T2",
            "ON",
            "T1.id",
            "=",
            "T2.mountain_id",
            "JOIN",
            "camera_lens",
            "AS",
            "T3",
            "ON",
            "T2.camera_lens_id",
            "=",
            "T3.id",
            "WHERE",
            "T3.brand",
            "=",
            "'Sigma",
            "'"
        ],
        "query_toks_no_value": [
            "select",
            "name",
            ",",
            "prominence",
            "from",
            "mountain",
            "except",
            "select",
            "t1",
            ".",
            "name",
            ",",
            "t1",
            ".",
            "prominence",
            "from",
            "mountain",
            "as",
            "t1",
            "join",
            "photos",
            "as",
            "t2",
            "on",
            "t1",
            ".",
            "id",
            "=",
            "t2",
            ".",
            "mountain_id",
            "join",
            "camera_lens",
            "as",
            "t3",
            "on",
            "t2",
            ".",
            "camera_lens_id",
            "=",
            "t3",
            ".",
            "id",
            "where",
            "t3",
            ".",
            "brand",
            "=",
            "value"
        ],
        "question": "Show the name and prominence of the mountains whose picture is not taken by a lens of brand 'Sigma'.",
        "question_toks": [
            "Show",
            "the",
            "name",
            "and",
            "prominence",
            "of",
            "the",
            "mountains",
            "whose",
            "picture",
            "is",
            "not",
            "taken",
            "by",
            "a",
            "lens",
            "of",
            "brand",
            "'Sigma",
            "'",
            "."
        ],
        "sql": {
            "from": {
                "table_units": [
                    [
                        "table_unit",
                        0
                    ]
                ],
                "conds": []
            },
            "select": [
                false,
                [
                    [
                        0,
                        [
                            0,
                            [
                                0,
                                2,
                                false
                            ],
                            null
                        ]
                    ],
                    [
                        0,
                        [
                            0,
                            [
                                0,
                                4,
                                false
                            ],
                            null
                        ]
                    ]
                ]
            ],
            "where": [],
            "groupBy": [],
            "having": [],
            "orderBy": [],
            "limit": null,
            "intersect": null,
            "union": null,
            "except": {
                "from": {
                    "table_units": [
                        [
                            "table_unit",
                            0
                        ],
                        [
                            "table_unit",
                            2
                        ],
                        [
                            "table_unit",
                            1
                        ]
                    ],
                    "conds": [
                        [
                            false,
                            2,
                            [
                                0,
                                [
                                    0,
                                    1,
                                    false
                                ],
                                null
                            ],
                            [
                                0,
                                14,
                                false
                            ],
                            null
                        ],
                        "and",
                        [
                            false,
                            2,
                            [
                                0,
                                [
                                    0,
                                    13,
                                    false
                                ],
                                null
                            ],
                            [
                                0,
                                7,
                                false
                            ],
                            null
                        ]
                    ]
                },
                "select": [
                    false,
                    [
                        [
                            0,
                            [
                                0,
                                [
                                    0,
                                    2,
                                    false
                                ],
                                null
                            ]
                        ],
                        [
                            0,
                            [
                                0,
                                [
                                    0,
                                    4,
                                    false
                                ],
                                null
                            ]
                        ]
                    ]
                ],
                "where": [
                    [
                        false,
                        2,
                        [
                            0,
                            [
                                0,
                                8,
                                false
                            ],
                            null
                        ],
                        "\"Sigma\"",
                        null
                    ]
                ],
                "groupBy": [],
                "having": [],
                "orderBy": [],
                "limit": null,
                "intersect": null,
                "union": null,
                "except": null
            }
        },
        "complexity": "extra",
        "query_len": 36
    },
    {
        "db_id": "mountain_photos",
        "query": "SELECT T3.brand FROM mountain AS T1 JOIN photos AS T2 ON T1.id  =  T2.mountain_id JOIN camera_lens AS T3 ON T2.camera_lens_id  =  T3.id WHERE T1.range  =  'Toubkal Atlas' INTERSECT SELECT T3.brand FROM mountain AS T1 JOIN photos AS T2 ON T1.id  =  T2.mountain_id JOIN camera_lens AS T3 ON T2.camera_lens_id  =  T3.id WHERE T1.range  =  'Lasta Massif'",
        "query_toks": [
            "SELECT",
            "T3.brand",
            "FROM",
            "mountain",
            "AS",
            "T1",
            "JOIN",
            "photos",
            "AS",
            "T2",
            "ON",
            "T1.id",
            "=",
            "T2.mountain_id",
            "JOIN",
            "camera_lens",
            "AS",
            "T3",
            "ON",
            "T2.camera_lens_id",
            "=",
            "T3.id",
            "WHERE",
            "T1.range",
            "=",
            "'Toubkal",
            "Atlas",
            "'",
            "INTERSECT",
            "SELECT",
            "T3.brand",
            "FROM",
            "mountain",
            "AS",
            "T1",
            "JOIN",
            "photos",
            "AS",
            "T2",
            "ON",
            "T1.id",
            "=",
            "T2.mountain_id",
            "JOIN",
            "camera_lens",
            "AS",
            "T3",
            "ON",
            "T2.camera_lens_id",
            "=",
            "T3.id",
            "WHERE",
            "T1.range",
            "=",
            "'Lasta",
            "Massif",
            "'"
        ],
        "query_toks_no_value": [
            "select",
            "t3",
            ".",
            "brand",
            "from",
            "mountain",
            "as",
            "t1",
            "join",
            "photos",
            "as",
            "t2",
            "on",
            "t1",
            ".",
            "id",
            "=",
            "t2",
            ".",
            "mountain_id",
            "join",
            "camera_lens",
            "as",
            "t3",
            "on",
            "t2",
            ".",
            "camera_lens_id",
            "=",
            "t3",
            ".",
            "id",
            "where",
            "t1",
            ".",
            "range",
            "=",
            "value",
            "intersect",
            "select",
            "t3",
            ".",
            "brand",
            "from",
            "mountain",
            "as",
            "t1",
            "join",
            "photos",
            "as",
            "t2",
            "on",
            "t1",
            ".",
            "id",
            "=",
            "t2",
            ".",
            "mountain_id",
            "join",
            "camera_lens",
            "as",
            "t3",
            "on",
            "t2",
            ".",
            "camera_lens_id",
            "=",
            "t3",
            ".",
            "id",
            "where",
            "t1",
            ".",
            "range",
            "=",
            "value"
        ],
        "question": "List the brands of lenses that took both a picture of mountains with range 'Toubkal Atlas' and a picture of mountains with range 'Lasta Massif'",
        "question_toks": [
            "List",
            "the",
            "brands",
            "of",
            "lenses",
            "that",
            "took",
            "both",
            "a",
            "picture",
            "of",
            "mountains",
            "with",
            "range",
            "'Toubkal",
            "Atlas",
            "'",
            "and",
            "a",
            "picture",
            "of",
            "mountains",
            "with",
            "range",
            "'Lasta",
            "Massif",
            "'"
        ],
        "sql": {
            "from": {
                "table_units": [
                    [
                        "table_unit",
                        0
                    ],
                    [
                        "table_unit",
                        2
                    ],
                    [
                        "table_unit",
                        1
                    ]
                ],
                "conds": [
                    [
                        false,
                        2,
                        [
                            0,
                            [
                                0,
                                1,
                                false
                            ],
                            null
                        ],
                        [
                            0,
                            14,
                            false
                        ],
                        null
                    ],
                    "and",
                    [
                        false,
                        2,
                        [
                            0,
                            [
                                0,
                                13,
                                false
                            ],
                            null
                        ],
                        [
                            0,
                            7,
                            false
                        ],
                        null
                    ]
                ]
            },
            "select": [
                false,
                [
                    [
                        0,
                        [
                            0,
                            [
                                0,
                                8,
                                false
                            ],
                            null
                        ]
                    ]
                ]
            ],
            "where": [
                [
                    false,
                    2,
                    [
                        0,
                        [
                            0,
                            5,
                            false
                        ],
                        null
                    ],
                    "\"Toubkal Atlas\"",
                    null
                ]
            ],
            "groupBy": [],
            "having": [],
            "orderBy": [],
            "limit": null,
            "intersect": {
                "from": {
                    "table_units": [
                        [
                            "table_unit",
                            0
                        ],
                        [
                            "table_unit",
                            2
                        ],
                        [
                            "table_unit",
                            1
                        ]
                    ],
                    "conds": [
                        [
                            false,
                            2,
                            [
                                0,
                                [
                                    0,
                                    1,
                                    false
                                ],
                                null
                            ],
                            [
                                0,
                                14,
                                false
                            ],
                            null
                        ],
                        "and",
                        [
                            false,
                            2,
                            [
                                0,
                                [
                                    0,
                                    13,
                                    false
                                ],
                                null
                            ],
                            [
                                0,
                                7,
                                false
                            ],
                            null
                        ]
                    ]
                },
                "select": [
                    false,
                    [
                        [
                            0,
                            [
                                0,
                                [
                                    0,
                                    8,
                                    false
                                ],
                                null
                            ]
                        ]
                    ]
                ],
                "where": [
                    [
                        false,
                        2,
                        [
                            0,
                            [
                                0,
                                5,
                                false
                            ],
                            null
                        ],
                        "\"Lasta Massif\"",
                        null
                    ]
                ],
                "groupBy": [],
                "having": [],
                "orderBy": [],
                "limit": null,
                "intersect": null,
                "union": null,
                "except": null
            },
            "union": null,
            "except": null
        },
        "complexity": "extra",
        "query_len": 57
    }
]