[
    {
        "db_id": "music_1",
        "query": "SELECT formats FROM files GROUP BY formats ORDER BY COUNT (*) DESC LIMIT 1",
        "query_toks": [
            "SELECT",
            "formats",
            "FROM",
            "files",
            "GROUP",
            "BY",
            "formats",
            "ORDER",
            "BY",
            "COUNT",
            "(",
            "*",
            ")",
            "DESC",
            "LIMIT",
            "1"
        ],
        "query_toks_no_value": [
            "select",
            "formats",
            "from",
            "files",
            "group",
            "by",
            "formats",
            "order",
            "by",
            "count",
            "(",
            "*",
            ")",
            "desc",
            "limit",
            "value"
        ],
        "question": "What is the most popular file format?",
        "question_toks": [
            "What",
            "is",
            "the",
            "most",
            "popular",
            "file",
            "format",
            "?"
        ],
        "sql": {
            "from": {
                "table_units": [
                    [
                        "table_unit",
                        2
                    ]
                ],
                "conds": []
            },
            "select": [
                false,
                [
                    [
                        0,
                        [
                            0,
                            [
                                0,
                                12,
                                false
                            ],
                            null
                        ]
                    ]
                ]
            ],
            "where": [],
            "groupBy": [
                [
                    0,
                    12,
                    false
                ]
            ],
            "having": [],
            "orderBy": [
                "desc",
                [
                    [
                        0,
                        [
                            3,
                            0,
                            false
                        ],
                        null
                    ]
                ]
            ],
            "limit": 1,
            "intersect": null,
            "union": null,
            "except": null
        },
        "complexity": "hard",
        "query_len": 16
    },
    {
        "db_id": "music_1",
        "query": "SELECT T1.artist_name FROM song AS T1 JOIN files AS T2 ON T1.f_id  =  T2.f_id ORDER BY T2.duration LIMIT 1",
        "query_toks": [
            "SELECT",
            "T1.artist_name",
            "FROM",
            "song",
            "AS",
            "T1",
            "JOIN",
            "files",
            "AS",
            "T2",
            "ON",
            "T1.f_id",
            "=",
            "T2.f_id",
            "ORDER",
            "BY",
            "T2.duration",
            "LIMIT",
            "1"
        ],
        "query_toks_no_value": [
            "select",
            "t1",
            ".",
            "artist_name",
            "from",
            "song",
            "as",
            "t1",
            "join",
            "files",
            "as",
            "t2",
            "on",
            "t1",
            ".",
            "f_id",
            "=",
            "t2",
            ".",
            "f_id",
            "order",
            "by",
            "t2",
            ".",
            "duration",
            "limit",
            "value"
        ],
        "question": "What is the name of the artist who produced the shortest song?",
        "question_toks": [
            "What",
            "is",
            "the",
            "name",
            "of",
            "the",
            "artist",
            "who",
            "produced",
            "the",
            "shortest",
            "song",
            "?"
        ],
        "sql": {
            "from": {
                "table_units": [
                    [
                        "table_unit",
                        3
                    ],
                    [
                        "table_unit",
                        2
                    ]
                ],
                "conds": [
                    [
                        false,
                        2,
                        [
                            0,
                            [
                                0,
                                16,
                                false
                            ],
                            null
                        ],
                        [
                            0,
                            8,
                            false
                        ],
                        null
                    ]
                ]
            },
            "select": [
                false,
                [
                    [
                        0,
                        [
                            0,
                            [
                                0,
                                14,
                                false
                            ],
                            null
                        ]
                    ]
                ]
            ],
            "where": [],
            "groupBy": [],
            "having": [],
            "orderBy": [
                "asc",
                [
                    [
                        0,
                        [
                            0,
                            11,
                            false
                        ],
                        null
                    ]
                ]
            ],
            "limit": 1,
            "intersect": null,
            "union": null,
            "except": null
        },
        "complexity": "hard",
        "query_len": 19
    },
    {
        "db_id": "music_1",
        "query": "SELECT f_id FROM files WHERE formats  =  \"mp4\" INTERSECT SELECT f_id FROM song WHERE resolution  <  1000",
        "query_toks": [
            "SELECT",
            "f_id",
            "FROM",
            "files",
            "WHERE",
            "formats",
            "=",
            "``",
            "mp4",
            "''",
            "INTERSECT",
            "SELECT",
            "f_id",
            "FROM",
            "song",
            "WHERE",
            "resolution",
            "<",
            "1000"
        ],
        "query_toks_no_value": [
            "select",
            "f_id",
            "from",
            "files",
            "where",
            "formats",
            "=",
            "value",
            "intersect",
            "select",
            "f_id",
            "from",
            "song",
            "where",
            "resolution",
            "<",
            "value"
        ],
        "question": "What is the id of the files that are available in the format of mp4 and a resolution smaller than 1000?",
        "question_toks": [
            "What",
            "is",
            "the",
            "id",
            "of",
            "the",
            "files",
            "that",
            "are",
            "available",
            "in",
            "the",
            "format",
            "of",
            "mp4",
            "and",
            "a",
            "resolution",
            "smaller",
            "than",
            "1000",
            "?"
        ],
        "sql": {
            "from": {
                "table_units": [
                    [
                        "table_unit",
                        2
                    ]
                ],
                "conds": []
            },
            "select": [
                false,
                [
                    [
                        0,
                        [
                            0,
                            [
                                0,
                                8,
                                false
                            ],
                            null
                        ]
                    ]
                ]
            ],
            "where": [
                [
                    false,
                    2,
                    [
                        0,
                        [
                            0,
                            12,
                            false
                        ],
                        null
                    ],
                    "\"mp4\"",
                    null
                ]
            ],
            "groupBy": [],
            "having": [],
            "orderBy": [],
            "limit": null,
            "intersect": {
                "from": {
                    "table_units": [
                        [
                            "table_unit",
                            3
                        ]
                    ],
                    "conds": []
                },
                "select": [
                    false,
                    [
                        [
                            0,
                            [
                                0,
                                [
                                    0,
                                    16,
                                    false
                                ],
                                null
                            ]
                        ]
                    ]
                ],
                "where": [
                    [
                        false,
                        4,
                        [
                            0,
                            [
                                0,
                                21,
                                false
                            ],
                            null
                        ],
                        1000.0,
                        null
                    ]
                ],
                "groupBy": [],
                "having": [],
                "orderBy": [],
                "limit": null,
                "intersect": null,
                "union": null,
                "except": null
            },
            "union": null,
            "except": null
        },
        "complexity": "hard",
        "query_len": 19
    },
    {
        "db_id": "music_1",
        "query": "SELECT f_id FROM song WHERE resolution  >  (SELECT max(resolution) FROM song WHERE rating  <  8)",
        "query_toks": [
            "SELECT",
            "f_id",
            "FROM",
            "song",
            "WHERE",
            "resolution",
            ">",
            "(",
            "SELECT",
            "max",
            "(",
            "resolution",
            ")",
            "FROM",
            "song",
            "WHERE",
            "rating",
            "<",
            "8",
            ")"
        ],
        "query_toks_no_value": [
            "select",
            "f_id",
            "from",
            "song",
            "where",
            "resolution",
            ">",
            "(",
            "select",
            "max",
            "(",
            "resolution",
            ")",
            "from",
            "song",
            "where",
            "rating",
            "<",
            "value",
            ")"
        ],
        "question": "What is the id of every song that has a resolution higher than that of a song with a rating below 8?",
        "question_toks": [
            "What",
            "is",
            "the",
            "id",
            "of",
            "every",
            "song",
            "that",
            "has",
            "a",
            "resolution",
            "higher",
            "than",
            "that",
            "of",
            "a",
            "song",
            "with",
            "a",
            "rating",
            "below",
            "8",
            "?"
        ],
        "sql": {
            "from": {
                "table_units": [
                    [
                        "table_unit",
                        3
                    ]
                ],
                "conds": []
            },
            "select": [
                false,
                [
                    [
                        0,
                        [
                            0,
                            [
                                0,
                                16,
                                false
                            ],
                            null
                        ]
                    ]
                ]
            ],
            "where": [
                [
                    false,
                    3,
                    [
                        0,
                        [
                            0,
                            21,
                            false
                        ],
                        null
                    ],
                    {
                        "from": {
                            "table_units": [
                                [
                                    "table_unit",
                                    3
                                ]
                            ],
                            "conds": []
                        },
                        "select": [
                            false,
                            [
                                [
                                    1,
                                    [
                                        0,
                                        [
                                            0,
                                            21,
                                            false
                                        ],
                                        null
                                    ]
                                ]
                            ]
                        ],
                        "where": [
                            [
                                false,
                                4,
                                [
                                    0,
                                    [
                                        0,
                                        18,
                                        false
                                    ],
                                    null
                                ],
                                8.0,
                                null
                            ]
                        ],
                        "groupBy": [],
                        "having": [],
                        "orderBy": [],
                        "limit": null,
                        "intersect": null,
                        "union": null,
                        "except": null
                    },
                    null
                ]
            ],
            "groupBy": [],
            "having": [],
            "orderBy": [],
            "limit": null,
            "intersect": null,
            "union": null,
            "except": null
        },
        "complexity": "hard",
        "query_len": 20
    },
    {
        "db_id": "music_1",
        "query": "SELECT T1.gender ,  T1.artist_name FROM artist AS T1 JOIN song AS T2 ON T1.artist_name  =  T2.artist_name ORDER BY T2.resolution LIMIT 1",
        "query_toks": [
            "SELECT",
            "T1.gender",
            ",",
            "T1.artist_name",
            "FROM",
            "artist",
            "AS",
            "T1",
            "JOIN",
            "song",
            "AS",
            "T2",
            "ON",
            "T1.artist_name",
            "=",
            "T2.artist_name",
            "ORDER",
            "BY",
            "T2.resolution",
            "LIMIT",
            "1"
        ],
        "query_toks_no_value": [
            "select",
            "t1",
            ".",
            "gender",
            ",",
            "t1",
            ".",
            "artist_name",
            "from",
            "artist",
            "as",
            "t1",
            "join",
            "song",
            "as",
            "t2",
            "on",
            "t1",
            ".",
            "artist_name",
            "=",
            "t2",
            ".",
            "artist_name",
            "order",
            "by",
            "t2",
            ".",
            "resolution",
            "limit",
            "value"
        ],
        "question": "Return the gender and name of artist who produced the song with the lowest resolution.",
        "question_toks": [
            "Return",
            "the",
            "gender",
            "and",
            "name",
            "of",
            "artist",
            "who",
            "produced",
            "the",
            "song",
            "with",
            "the",
            "lowest",
            "resolution",
            "."
        ],
        "sql": {
            "from": {
                "table_units": [
                    [
                        "table_unit",
                        1
                    ],
                    [
                        "table_unit",
                        3
                    ]
                ],
                "conds": [
                    [
                        false,
                        2,
                        [
                            0,
                            [
                                0,
                                4,
                                false
                            ],
                            null
                        ],
                        [
                            0,
                            14,
                            false
                        ],
                        null
                    ]
                ]
            },
            "select": [
                false,
                [
                    [
                        0,
                        [
                            0,
                            [
                                0,
                                6,
                                false
                            ],
                            null
                        ]
                    ],
                    [
                        0,
                        [
                            0,
                            [
                                0,
                                4,
                                false
                            ],
                            null
                        ]
                    ]
                ]
            ],
            "where": [],
            "groupBy": [],
            "having": [],
            "orderBy": [
                "asc",
                [
                    [
                        0,
                        [
                            0,
                            21,
                            false
                        ],
                        null
                    ]
                ]
            ],
            "limit": 1,
            "intersect": null,
            "union": null,
            "except": null
        },
        "complexity": "hard",
        "query_len": 21
    },
    {
        "db_id": "music_1",
        "query": "SELECT DISTINCT artist_name FROM song WHERE languages  =  \"english\" EXCEPT SELECT DISTINCT artist_name FROM song WHERE rating  >  8",
        "query_toks": [
            "SELECT",
            "DISTINCT",
            "artist_name",
            "FROM",
            "song",
            "WHERE",
            "languages",
            "=",
            "``",
            "english",
            "''",
            "EXCEPT",
            "SELECT",
            "DISTINCT",
            "artist_name",
            "FROM",
            "song",
            "WHERE",
            "rating",
            ">",
            "8"
        ],
        "query_toks_no_value": [
            "select",
            "distinct",
            "artist_name",
            "from",
            "song",
            "where",
            "languages",
            "=",
            "value",
            "except",
            "select",
            "distinct",
            "artist_name",
            "from",
            "song",
            "where",
            "rating",
            ">",
            "value"
        ],
        "question": "Find the names of the artists who have produced English songs but have never received rating higher than 8.",
        "question_toks": [
            "Find",
            "the",
            "names",
            "of",
            "the",
            "artists",
            "who",
            "have",
            "produced",
            "English",
            "songs",
            "but",
            "have",
            "never",
            "received",
            "rating",
            "higher",
            "than",
            "8",
            "."
        ],
        "sql": {
            "from": {
                "table_units": [
                    [
                        "table_unit",
                        3
                    ]
                ],
                "conds": []
            },
            "select": [
                true,
                [
                    [
                        0,
                        [
                            0,
                            [
                                0,
                                14,
                                false
                            ],
                            null
                        ]
                    ]
                ]
            ],
            "where": [
                [
                    false,
                    2,
                    [
                        0,
                        [
                            0,
                            19,
                            false
                        ],
                        null
                    ],
                    "\"english\"",
                    null
                ]
            ],
            "groupBy": [],
            "having": [],
            "orderBy": [],
            "limit": null,
            "intersect": null,
            "union": null,
            "except": {
                "from": {
                    "table_units": [
                        [
                            "table_unit",
                            3
                        ]
                    ],
                    "conds": []
                },
                "select": [
                    true,
                    [
                        [
                            0,
                            [
                                0,
                                [
                                    0,
                                    14,
                                    false
                                ],
                                null
                            ]
                        ]
                    ]
                ],
                "where": [
                    [
                        false,
                        3,
                        [
                            0,
                            [
                                0,
                                18,
                                false
                            ],
                            null
                        ],
                        8.0,
                        null
                    ]
                ],
                "groupBy": [],
                "having": [],
                "orderBy": [],
                "limit": null,
                "intersect": null,
                "union": null,
                "except": null
            }
        },
        "complexity": "hard",
        "query_len": 21
    },
    {
        "db_id": "music_1",
        "query": "SELECT T1.artist_name ,  T1.country FROM artist AS T1 JOIN song AS T2 ON T1.artist_name  =  T2.artist_name ORDER BY T2.rating DESC LIMIT 3",
        "query_toks": [
            "SELECT",
            "T1.artist_name",
            ",",
            "T1.country",
            "FROM",
            "artist",
            "AS",
            "T1",
            "JOIN",
            "song",
            "AS",
            "T2",
            "ON",
            "T1.artist_name",
            "=",
            "T2.artist_name",
            "ORDER",
            "BY",
            "T2.rating",
            "DESC",
            "LIMIT",
            "3"
        ],
        "query_toks_no_value": [
            "select",
            "t1",
            ".",
            "artist_name",
            ",",
            "t1",
            ".",
            "country",
            "from",
            "artist",
            "as",
            "t1",
            "join",
            "song",
            "as",
            "t2",
            "on",
            "t1",
            ".",
            "artist_name",
            "=",
            "t2",
            ".",
            "artist_name",
            "order",
            "by",
            "t2",
            ".",
            "rating",
            "desc",
            "limit",
            "value"
        ],
        "question": "What are the names and countries of origin for the artists who produced the top three highly rated songs.",
        "question_toks": [
            "What",
            "are",
            "the",
            "names",
            "and",
            "countries",
            "of",
            "origin",
            "for",
            "the",
            "artists",
            "who",
            "produced",
            "the",
            "top",
            "three",
            "highly",
            "rated",
            "songs",
            "."
        ],
        "sql": {
            "from": {
                "table_units": [
                    [
                        "table_unit",
                        1
                    ],
                    [
                        "table_unit",
                        3
                    ]
                ],
                "conds": [
                    [
                        false,
                        2,
                        [
                            0,
                            [
                                0,
                                4,
                                false
                            ],
                            null
                        ],
                        [
                            0,
                            14,
                            false
                        ],
                        null
                    ]
                ]
            },
            "select": [
                false,
                [
                    [
                        0,
                        [
                            0,
                            [
                                0,
                                4,
                                false
                            ],
                            null
                        ]
                    ],
                    [
                        0,
                        [
                            0,
                            [
                                0,
                                5,
                                false
                            ],
                            null
                        ]
                    ]
                ]
            ],
            "where": [],
            "groupBy": [],
            "having": [],
            "orderBy": [
                "desc",
                [
                    [
                        0,
                        [
                            0,
                            18,
                            false
                        ],
                        null
                    ]
                ]
            ],
            "limit": 3,
            "intersect": null,
            "union": null,
            "except": null
        },
        "complexity": "hard",
        "query_len": 22
    },
    {
        "db_id": "music_1",
        "query": "SELECT song_name FROM song WHERE rating  <  (SELECT max(rating) FROM song WHERE genre_is  =  \"blues\")",
        "query_toks": [
            "SELECT",
            "song_name",
            "FROM",
            "song",
            "WHERE",
            "rating",
            "<",
            "(",
            "SELECT",
            "max",
            "(",
            "rating",
            ")",
            "FROM",
            "song",
            "WHERE",
            "genre_is",
            "=",
            "``",
            "blues",
            "''",
            ")"
        ],
        "query_toks_no_value": [
            "select",
            "song_name",
            "from",
            "song",
            "where",
            "rating",
            "<",
            "(",
            "select",
            "max",
            "(",
            "rating",
            ")",
            "from",
            "song",
            "where",
            "genre_is",
            "=",
            "value",
            ")"
        ],
        "question": "What are the names of the songs that have a lower rating than at least one blues song?",
        "question_toks": [
            "What",
            "are",
            "the",
            "names",
            "of",
            "the",
            "songs",
            "that",
            "have",
            "a",
            "lower",
            "rating",
            "than",
            "at",
            "least",
            "one",
            "blues",
            "song",
            "?"
        ],
        "sql": {
            "from": {
                "table_units": [
                    [
                        "table_unit",
                        3
                    ]
                ],
                "conds": []
            },
            "select": [
                false,
                [
                    [
                        0,
                        [
                            0,
                            [
                                0,
                                13,
                                false
                            ],
                            null
                        ]
                    ]
                ]
            ],
            "where": [
                [
                    false,
                    4,
                    [
                        0,
                        [
                            0,
                            18,
                            false
                        ],
                        null
                    ],
                    {
                        "from": {
                            "table_units": [
                                [
                                    "table_unit",
                                    3
                                ]
                            ],
                            "conds": []
                        },
                        "select": [
                            false,
                            [
                                [
                                    1,
                                    [
                                        0,
                                        [
                                            0,
                                            18,
                                            false
                                        ],
                                        null
                                    ]
                                ]
                            ]
                        ],
                        "where": [
                            [
                                false,
                                2,
                                [
                                    0,
                                    [
                                        0,
                                        17,
                                        false
                                    ],
                                    null
                                ],
                                "\"blues\"",
                                null
                            ]
                        ],
                        "groupBy": [],
                        "having": [],
                        "orderBy": [],
                        "limit": null,
                        "intersect": null,
                        "union": null,
                        "except": null
                    },
                    null
                ]
            ],
            "groupBy": [],
            "having": [],
            "orderBy": [],
            "limit": null,
            "intersect": null,
            "union": null,
            "except": null
        },
        "complexity": "hard",
        "query_len": 22
    },
    {
        "db_id": "music_1",
        "query": "SELECT DISTINCT song_name FROM song WHERE resolution  >  (SELECT min(resolution) FROM song WHERE languages  =  \"english\")",
        "query_toks": [
            "SELECT",
            "DISTINCT",
            "song_name",
            "FROM",
            "song",
            "WHERE",
            "resolution",
            ">",
            "(",
            "SELECT",
            "min",
            "(",
            "resolution",
            ")",
            "FROM",
            "song",
            "WHERE",
            "languages",
            "=",
            "``",
            "english",
            "''",
            ")"
        ],
        "query_toks_no_value": [
            "select",
            "distinct",
            "song_name",
            "from",
            "song",
            "where",
            "resolution",
            ">",
            "(",
            "select",
            "min",
            "(",
            "resolution",
            ")",
            "from",
            "song",
            "where",
            "languages",
            "=",
            "value",
            ")"
        ],
        "question": "What are the different names for all songs that have a higher resolution than English songs?",
        "question_toks": [
            "What",
            "are",
            "the",
            "different",
            "names",
            "for",
            "all",
            "songs",
            "that",
            "have",
            "a",
            "higher",
            "resolution",
            "than",
            "English",
            "songs",
            "?"
        ],
        "sql": {
            "from": {
                "table_units": [
                    [
                        "table_unit",
                        3
                    ]
                ],
                "conds": []
            },
            "select": [
                true,
                [
                    [
                        0,
                        [
                            0,
                            [
                                0,
                                13,
                                false
                            ],
                            null
                        ]
                    ]
                ]
            ],
            "where": [
                [
                    false,
                    3,
                    [
                        0,
                        [
                            0,
                            21,
                            false
                        ],
                        null
                    ],
                    {
                        "from": {
                            "table_units": [
                                [
                                    "table_unit",
                                    3
                                ]
                            ],
                            "conds": []
                        },
                        "select": [
                            false,
                            [
                                [
                                    2,
                                    [
                                        0,
                                        [
                                            0,
                                            21,
                                            false
                                        ],
                                        null
                                    ]
                                ]
                            ]
                        ],
                        "where": [
                            [
                                false,
                                2,
                                [
                                    0,
                                    [
                                        0,
                                        19,
                                        false
                                    ],
                                    null
                                ],
                                "\"english\"",
                                null
                            ]
                        ],
                        "groupBy": [],
                        "having": [],
                        "orderBy": [],
                        "limit": null,
                        "intersect": null,
                        "union": null,
                        "except": null
                    },
                    null
                ]
            ],
            "groupBy": [],
            "having": [],
            "orderBy": [],
            "limit": null,
            "intersect": null,
            "union": null,
            "except": null
        },
        "complexity": "hard",
        "query_len": 23
    },
    {
        "db_id": "music_1",
        "query": "SELECT T1.artist_name ,  T1.gender FROM artist AS T1 JOIN song AS T2 ON T1.artist_name  =  T2.artist_name WHERE T2.releasedate LIKE \"%Mar%\"",
        "query_toks": [
            "SELECT",
            "T1.artist_name",
            ",",
            "T1.gender",
            "FROM",
            "artist",
            "AS",
            "T1",
            "JOIN",
            "song",
            "AS",
            "T2",
            "ON",
            "T1.artist_name",
            "=",
            "T2.artist_name",
            "WHERE",
            "T2.releasedate",
            "LIKE",
            "``",
            "%",
            "Mar",
            "%",
            "''"
        ],
        "query_toks_no_value": [
            "select",
            "t1",
            ".",
            "artist_name",
            ",",
            "t1",
            ".",
            "gender",
            "from",
            "artist",
            "as",
            "t1",
            "join",
            "song",
            "as",
            "t2",
            "on",
            "t1",
            ".",
            "artist_name",
            "=",
            "t2",
            ".",
            "artist_name",
            "where",
            "t2",
            ".",
            "releasedate",
            "like",
            "value"
        ],
        "question": "What are the names and genders of all artists who released songs in the month of March?",
        "question_toks": [
            "What",
            "are",
            "the",
            "names",
            "and",
            "genders",
            "of",
            "all",
            "artists",
            "who",
            "released",
            "songs",
            "in",
            "the",
            "month",
            "of",
            "March",
            "?"
        ],
        "sql": {
            "from": {
                "table_units": [
                    [
                        "table_unit",
                        1
                    ],
                    [
                        "table_unit",
                        3
                    ]
                ],
                "conds": [
                    [
                        false,
                        2,
                        [
                            0,
                            [
                                0,
                                4,
                                false
                            ],
                            null
                        ],
                        [
                            0,
                            14,
                            false
                        ],
                        null
                    ]
                ]
            },
            "select": [
                false,
                [
                    [
                        0,
                        [
                            0,
                            [
                                0,
                                4,
                                false
                            ],
                            null
                        ]
                    ],
                    [
                        0,
                        [
                            0,
                            [
                                0,
                                6,
                                false
                            ],
                            null
                        ]
                    ]
                ]
            ],
            "where": [
                [
                    false,
                    9,
                    [
                        0,
                        [
                            0,
                            20,
                            false
                        ],
                        null
                    ],
                    "\"%Mar%\"",
                    null
                ]
            ],
            "groupBy": [],
            "having": [],
            "orderBy": [],
            "limit": null,
            "intersect": null,
            "union": null,
            "except": null
        },
        "complexity": "hard",
        "query_len": 24
    },
    {
        "db_id": "music_1",
        "query": "SELECT max(T2.resolution) ,  min(T2.resolution) FROM files AS T1 JOIN song AS T2 ON T1.f_id  =  T2.f_id WHERE T1.duration LIKE \"3:%\"",
        "query_toks": [
            "SELECT",
            "max",
            "(",
            "T2.resolution",
            ")",
            ",",
            "min",
            "(",
            "T2.resolution",
            ")",
            "FROM",
            "files",
            "AS",
            "T1",
            "JOIN",
            "song",
            "AS",
            "T2",
            "ON",
            "T1.f_id",
            "=",
            "T2.f_id",
            "WHERE",
            "T1.duration",
            "LIKE",
            "``",
            "3",
            ":",
            "%",
            "''"
        ],
        "query_toks_no_value": [
            "select",
            "max",
            "(",
            "t2",
            ".",
            "resolution",
            ")",
            ",",
            "min",
            "(",
            "t2",
            ".",
            "resolution",
            ")",
            "from",
            "files",
            "as",
            "t1",
            "join",
            "song",
            "as",
            "t2",
            "on",
            "t1",
            ".",
            "f_id",
            "=",
            "t2",
            ".",
            "f_id",
            "where",
            "t1",
            ".",
            "duration",
            "like",
            "value"
        ],
        "question": "What are the maximum and minimum resolution of songs whose duration is 3 minutes?",
        "question_toks": [
            "What",
            "are",
            "the",
            "maximum",
            "and",
            "minimum",
            "resolution",
            "of",
            "songs",
            "whose",
            "duration",
            "is",
            "3",
            "minutes",
            "?"
        ],
        "sql": {
            "from": {
                "table_units": [
                    [
                        "table_unit",
                        2
                    ],
                    [
                        "table_unit",
                        3
                    ]
                ],
                "conds": [
                    [
                        false,
                        2,
                        [
                            0,
                            [
                                0,
                                8,
                                false
                            ],
                            null
                        ],
                        [
                            0,
                            16,
                            false
                        ],
                        null
                    ]
                ]
            },
            "select": [
                false,
                [
                    [
                        1,
                        [
                            0,
                            [
                                0,
                                21,
                                false
                            ],
                            null
                        ]
                    ],
                    [
                        2,
                        [
                            0,
                            [
                                0,
                                21,
                                false
                            ],
                            null
                        ]
                    ]
                ]
            ],
            "where": [
                [
                    false,
                    9,
                    [
                        0,
                        [
                            0,
                            11,
                            false
                        ],
                        null
                    ],
                    "\"3:%\"",
                    null
                ]
            ],
            "groupBy": [],
            "having": [],
            "orderBy": [],
            "limit": null,
            "intersect": null,
            "union": null,
            "except": null
        },
        "complexity": "hard",
        "query_len": 30
    },
    {
        "db_id": "music_1",
        "query": "SELECT min(T1.duration) ,  min(T2.rating) ,  T2.genre_is FROM files AS T1 JOIN song AS T2 ON T1.f_id  =  T2.f_id GROUP BY T2.genre_is ORDER BY T2.genre_is",
        "query_toks": [
            "SELECT",
            "min",
            "(",
            "T1.duration",
            ")",
            ",",
            "min",
            "(",
            "T2.rating",
            ")",
            ",",
            "T2.genre_is",
            "FROM",
            "files",
            "AS",
            "T1",
            "JOIN",
            "song",
            "AS",
            "T2",
            "ON",
            "T1.f_id",
            "=",
            "T2.f_id",
            "GROUP",
            "BY",
            "T2.genre_is",
            "ORDER",
            "BY",
            "T2.genre_is"
        ],
        "query_toks_no_value": [
            "select",
            "min",
            "(",
            "t1",
            ".",
            "duration",
            ")",
            ",",
            "min",
            "(",
            "t2",
            ".",
            "rating",
            ")",
            ",",
            "t2",
            ".",
            "genre_is",
            "from",
            "files",
            "as",
            "t1",
            "join",
            "song",
            "as",
            "t2",
            "on",
            "t1",
            ".",
            "f_id",
            "=",
            "t2",
            ".",
            "f_id",
            "group",
            "by",
            "t2",
            ".",
            "genre_is",
            "order",
            "by",
            "t2",
            ".",
            "genre_is"
        ],
        "question": "What are the shortest duration and lowest rating of songs grouped by genre and ordered by genre?",
        "question_toks": [
            "What",
            "are",
            "the",
            "shortest",
            "duration",
            "and",
            "lowest",
            "rating",
            "of",
            "songs",
            "grouped",
            "by",
            "genre",
            "and",
            "ordered",
            "by",
            "genre",
            "?"
        ],
        "sql": {
            "from": {
                "table_units": [
                    [
                        "table_unit",
                        2
                    ],
                    [
                        "table_unit",
                        3
                    ]
                ],
                "conds": [
                    [
                        false,
                        2,
                        [
                            0,
                            [
                                0,
                                8,
                                false
                            ],
                            null
                        ],
                        [
                            0,
                            16,
                            false
                        ],
                        null
                    ]
                ]
            },
            "select": [
                false,
                [
                    [
                        2,
                        [
                            0,
                            [
                                0,
                                11,
                                false
                            ],
                            null
                        ]
                    ],
                    [
                        2,
                        [
                            0,
                            [
                                0,
                                18,
                                false
                            ],
                            null
                        ]
                    ],
                    [
                        0,
                        [
                            0,
                            [
                                0,
                                17,
                                false
                            ],
                            null
                        ]
                    ]
                ]
            ],
            "where": [],
            "groupBy": [
                [
                    0,
                    17,
                    false
                ]
            ],
            "having": [],
            "orderBy": [
                "asc",
                [
                    [
                        0,
                        [
                            0,
                            17,
                            false
                        ],
                        null
                    ]
                ]
            ],
            "limit": null,
            "intersect": null,
            "union": null,
            "except": null
        },
        "complexity": "hard",
        "query_len": 30
    },
    {
        "db_id": "music_1",
        "query": "SELECT artist_name FROM artist WHERE country  =  \"UK\" INTERSECT SELECT T1.artist_name FROM artist AS T1 JOIN song AS T2 ON T1.artist_name  =  T2.artist_name WHERE T2.languages  =  \"english\"",
        "query_toks": [
            "SELECT",
            "artist_name",
            "FROM",
            "artist",
            "WHERE",
            "country",
            "=",
            "``",
            "UK",
            "''",
            "INTERSECT",
            "SELECT",
            "T1.artist_name",
            "FROM",
            "artist",
            "AS",
            "T1",
            "JOIN",
            "song",
            "AS",
            "T2",
            "ON",
            "T1.artist_name",
            "=",
            "T2.artist_name",
            "WHERE",
            "T2.languages",
            "=",
            "``",
            "english",
            "''"
        ],
        "query_toks_no_value": [
            "select",
            "artist_name",
            "from",
            "artist",
            "where",
            "country",
            "=",
            "value",
            "intersect",
            "select",
            "t1",
            ".",
            "artist_name",
            "from",
            "artist",
            "as",
            "t1",
            "join",
            "song",
            "as",
            "t2",
            "on",
            "t1",
            ".",
            "artist_name",
            "=",
            "t2",
            ".",
            "artist_name",
            "where",
            "t2",
            ".",
            "languages",
            "=",
            "value"
        ],
        "question": "What are the names of all singers that are from the UK and released a song in English?",
        "question_toks": [
            "What",
            "are",
            "the",
            "names",
            "of",
            "all",
            "singers",
            "that",
            "are",
            "from",
            "the",
            "UK",
            "and",
            "released",
            "a",
            "song",
            "in",
            "English",
            "?"
        ],
        "sql": {
            "from": {
                "table_units": [
                    [
                        "table_unit",
                        1
                    ]
                ],
                "conds": []
            },
            "select": [
                false,
                [
                    [
                        0,
                        [
                            0,
                            [
                                0,
                                4,
                                false
                            ],
                            null
                        ]
                    ]
                ]
            ],
            "where": [
                [
                    false,
                    2,
                    [
                        0,
                        [
                            0,
                            5,
                            false
                        ],
                        null
                    ],
                    "\"UK\"",
                    null
                ]
            ],
            "groupBy": [],
            "having": [],
            "orderBy": [],
            "limit": null,
            "intersect": {
                "from": {
                    "table_units": [
                        [
                            "table_unit",
                            1
                        ],
                        [
                            "table_unit",
                            3
                        ]
                    ],
                    "conds": [
                        [
                            false,
                            2,
                            [
                                0,
                                [
                                    0,
                                    4,
                                    false
                                ],
                                null
                            ],
                            [
                                0,
                                14,
                                false
                            ],
                            null
                        ]
                    ]
                },
                "select": [
                    false,
                    [
                        [
                            0,
                            [
                                0,
                                [
                                    0,
                                    4,
                                    false
                                ],
                                null
                            ]
                        ]
                    ]
                ],
                "where": [
                    [
                        false,
                        2,
                        [
                            0,
                            [
                                0,
                                19,
                                false
                            ],
                            null
                        ],
                        "\"english\"",
                        null
                    ]
                ],
                "groupBy": [],
                "having": [],
                "orderBy": [],
                "limit": null,
                "intersect": null,
                "union": null,
                "except": null
            },
            "union": null,
            "except": null
        },
        "complexity": "hard",
        "query_len": 31
    },
    {
        "db_id": "music_1",
        "query": "SELECT T1.artist_name ,  count(*) FROM artist AS T1 JOIN song AS T2 ON T1.artist_name  =  T2.artist_name WHERE T2.languages  =  \"english\" GROUP BY T2.artist_name HAVING count(*)  >=  1",
        "query_toks": [
            "SELECT",
            "T1.artist_name",
            ",",
            "count",
            "(",
            "*",
            ")",
            "FROM",
            "artist",
            "AS",
            "T1",
            "JOIN",
            "song",
            "AS",
            "T2",
            "ON",
            "T1.artist_name",
            "=",
            "T2.artist_name",
            "WHERE",
            "T2.languages",
            "=",
            "``",
            "english",
            "''",
            "GROUP",
            "BY",
            "T2.artist_name",
            "HAVING",
            "count",
            "(",
            "*",
            ")",
            ">",
            "=",
            "1"
        ],
        "query_toks_no_value": [
            "select",
            "t1",
            ".",
            "artist_name",
            ",",
            "count",
            "(",
            "*",
            ")",
            "from",
            "artist",
            "as",
            "t1",
            "join",
            "song",
            "as",
            "t2",
            "on",
            "t1",
            ".",
            "artist_name",
            "=",
            "t2",
            ".",
            "artist_name",
            "where",
            "t2",
            ".",
            "languages",
            "=",
            "value",
            "group",
            "by",
            "t2",
            ".",
            "artist_name",
            "having",
            "count",
            "(",
            "*",
            ")",
            ">",
            "=",
            "value"
        ],
        "question": "What are the names and number of works for all artists who have sung at least one song in English?",
        "question_toks": [
            "What",
            "are",
            "the",
            "names",
            "and",
            "number",
            "of",
            "works",
            "for",
            "all",
            "artists",
            "who",
            "have",
            "sung",
            "at",
            "least",
            "one",
            "song",
            "in",
            "English",
            "?"
        ],
        "sql": {
            "from": {
                "table_units": [
                    [
                        "table_unit",
                        1
                    ],
                    [
                        "table_unit",
                        3
                    ]
                ],
                "conds": [
                    [
                        false,
                        2,
                        [
                            0,
                            [
                                0,
                                4,
                                false
                            ],
                            null
                        ],
                        [
                            0,
                            14,
                            false
                        ],
                        null
                    ]
                ]
            },
            "select": [
                false,
                [
                    [
                        0,
                        [
                            0,
                            [
                                0,
                                4,
                                false
                            ],
                            null
                        ]
                    ],
                    [
                        3,
                        [
                            0,
                            [
                                0,
                                0,
                                false
                            ],
                            null
                        ]
                    ]
                ]
            ],
            "where": [
                [
                    false,
                    2,
                    [
                        0,
                        [
                            0,
                            19,
                            false
                        ],
                        null
                    ],
                    "\"english\"",
                    null
                ]
            ],
            "groupBy": [
                [
                    0,
                    14,
                    false
                ]
            ],
            "having": [
                [
                    false,
                    5,
                    [
                        0,
                        [
                            3,
                            0,
                            false
                        ],
                        null
                    ],
                    1.0,
                    null
                ]
            ],
            "orderBy": [],
            "limit": null,
            "intersect": null,
            "union": null,
            "except": null
        },
        "complexity": "hard",
        "query_len": 36
    }
]