[
    {
        "db_id": "network_2_test",
        "query": "SELECT name FROM PersonFriend GROUP BY name HAVING count(*)  =  1",
        "query_toks": [
            "SELECT",
            "name",
            "FROM",
            "PersonFriend",
            "GROUP",
            "BY",
            "name",
            "HAVING",
            "count",
            "(",
            "*",
            ")",
            "=",
            "1"
        ],
        "query_toks_no_value": [
            "select",
            "name",
            "from",
            "personfriend",
            "group",
            "by",
            "name",
            "having",
            "count",
            "(",
            "*",
            ")",
            "=",
            "value"
        ],
        "question": "Find the person who has exactly one friend.",
        "question_toks": [
            "Find",
            "the",
            "person",
            "who",
            "has",
            "exactly",
            "one",
            "friend",
            "."
        ],
        "sql": {
            "from": {
                "table_units": [
                    [
                        "table_unit",
                        1
                    ]
                ],
                "conds": []
            },
            "select": [
                false,
                [
                    [
                        0,
                        [
                            0,
                            [
                                0,
                                6,
                                false
                            ],
                            null
                        ]
                    ]
                ]
            ],
            "where": [],
            "groupBy": [
                [
                    0,
                    6,
                    false
                ]
            ],
            "having": [
                [
                    false,
                    2,
                    [
                        0,
                        [
                            3,
                            0,
                            false
                        ],
                        null
                    ],
                    1.0,
                    null
                ]
            ],
            "orderBy": [],
            "limit": null,
            "intersect": null,
            "union": null,
            "except": null
        },
        "complexity": "easy",
        "query_len": 14
    },
    {
        "db_id": "network_2_test",
        "query": "SELECT T1.name FROM Person AS T1 JOIN PersonFriend AS T2 ON T1.name  =  T2.name WHERE T2.friend  =  'Bob'",
        "query_toks": [
            "SELECT",
            "T1.name",
            "FROM",
            "Person",
            "AS",
            "T1",
            "JOIN",
            "PersonFriend",
            "AS",
            "T2",
            "ON",
            "T1.name",
            "=",
            "T2.name",
            "WHERE",
            "T2.friend",
            "=",
            "'Bob",
            "'"
        ],
        "query_toks_no_value": [
            "select",
            "t1",
            ".",
            "name",
            "from",
            "person",
            "as",
            "t1",
            "join",
            "personfriend",
            "as",
            "t2",
            "on",
            "t1",
            ".",
            "name",
            "=",
            "t2",
            ".",
            "name",
            "where",
            "t2",
            ".",
            "friend",
            "=",
            "value"
        ],
        "question": "Find the name of persons who are friends with Bob.",
        "question_toks": [
            "Find",
            "the",
            "name",
            "of",
            "persons",
            "who",
            "are",
            "friends",
            "with",
            "Bob",
            "."
        ],
        "sql": {
            "from": {
                "table_units": [
                    [
                        "table_unit",
                        0
                    ],
                    [
                        "table_unit",
                        1
                    ]
                ],
                "conds": [
                    [
                        false,
                        2,
                        [
                            0,
                            [
                                0,
                                1,
                                false
                            ],
                            null
                        ],
                        [
                            0,
                            6,
                            false
                        ],
                        null
                    ]
                ]
            },
            "select": [
                false,
                [
                    [
                        0,
                        [
                            0,
                            [
                                0,
                                1,
                                false
                            ],
                            null
                        ]
                    ]
                ]
            ],
            "where": [
                [
                    false,
                    2,
                    [
                        0,
                        [
                            0,
                            7,
                            false
                        ],
                        null
                    ],
                    "\"Bob\"",
                    null
                ]
            ],
            "groupBy": [],
            "having": [],
            "orderBy": [],
            "limit": null,
            "intersect": null,
            "union": null,
            "except": null
        },
        "complexity": "medium",
        "query_len": 19
    },
    {
        "db_id": "network_2_test",
        "query": "SELECT T2.name FROM Person AS T1 JOIN PersonFriend AS T2 ON T1.name  =  T2.friend WHERE T1.city  =  'new york city'",
        "query_toks": [
            "SELECT",
            "T2.name",
            "FROM",
            "Person",
            "AS",
            "T1",
            "JOIN",
            "PersonFriend",
            "AS",
            "T2",
            "ON",
            "T1.name",
            "=",
            "T2.friend",
            "WHERE",
            "T1.city",
            "=",
            "'new",
            "york",
            "city",
            "'"
        ],
        "query_toks_no_value": [
            "select",
            "t2",
            ".",
            "name",
            "from",
            "person",
            "as",
            "t1",
            "join",
            "personfriend",
            "as",
            "t2",
            "on",
            "t1",
            ".",
            "name",
            "=",
            "t2",
            ".",
            "friend",
            "where",
            "t1",
            ".",
            "city",
            "=",
            "value"
        ],
        "question": "What are the names of all friends who are from New York?",
        "question_toks": [
            "What",
            "are",
            "the",
            "names",
            "of",
            "all",
            "friends",
            "who",
            "are",
            "from",
            "New",
            "York",
            "?"
        ],
        "sql": {
            "from": {
                "table_units": [
                    [
                        "table_unit",
                        0
                    ],
                    [
                        "table_unit",
                        1
                    ]
                ],
                "conds": [
                    [
                        false,
                        2,
                        [
                            0,
                            [
                                0,
                                1,
                                false
                            ],
                            null
                        ],
                        [
                            0,
                            7,
                            false
                        ],
                        null
                    ]
                ]
            },
            "select": [
                false,
                [
                    [
                        0,
                        [
                            0,
                            [
                                0,
                                6,
                                false
                            ],
                            null
                        ]
                    ]
                ]
            ],
            "where": [
                [
                    false,
                    2,
                    [
                        0,
                        [
                            0,
                            3,
                            false
                        ],
                        null
                    ],
                    "\"new york city\"",
                    null
                ]
            ],
            "groupBy": [],
            "having": [],
            "orderBy": [],
            "limit": null,
            "intersect": null,
            "union": null,
            "except": null
        },
        "complexity": "medium",
        "query_len": 21
    },
    {
        "db_id": "network_2_test",
        "query": "SELECT count(DISTINCT name) FROM PersonFriend WHERE friend NOT IN (SELECT name FROM person WHERE city  =  'Austin')",
        "query_toks": [
            "SELECT",
            "count",
            "(",
            "DISTINCT",
            "name",
            ")",
            "FROM",
            "PersonFriend",
            "WHERE",
            "friend",
            "NOT",
            "IN",
            "(",
            "SELECT",
            "name",
            "FROM",
            "person",
            "WHERE",
            "city",
            "=",
            "'Austin",
            "'",
            ")"
        ],
        "query_toks_no_value": [
            "select",
            "count",
            "(",
            "distinct",
            "name",
            ")",
            "from",
            "personfriend",
            "where",
            "friend",
            "not",
            "in",
            "(",
            "select",
            "name",
            "from",
            "person",
            "where",
            "city",
            "=",
            "value",
            ")"
        ],
        "question": "What is the total number of people who have no friends living in Austin?",
        "question_toks": [
            "What",
            "is",
            "the",
            "total",
            "number",
            "of",
            "people",
            "who",
            "have",
            "no",
            "friends",
            "living",
            "in",
            "Austin",
            "?"
        ],
        "sql": {
            "from": {
                "table_units": [
                    [
                        "table_unit",
                        1
                    ]
                ],
                "conds": []
            },
            "select": [
                false,
                [
                    [
                        3,
                        [
                            0,
                            [
                                0,
                                6,
                                true
                            ],
                            null
                        ]
                    ]
                ]
            ],
            "where": [
                [
                    true,
                    8,
                    [
                        0,
                        [
                            0,
                            7,
                            false
                        ],
                        null
                    ],
                    {
                        "from": {
                            "table_units": [
                                [
                                    "table_unit",
                                    0
                                ]
                            ],
                            "conds": []
                        },
                        "select": [
                            false,
                            [
                                [
                                    0,
                                    [
                                        0,
                                        [
                                            0,
                                            1,
                                            false
                                        ],
                                        null
                                    ]
                                ]
                            ]
                        ],
                        "where": [
                            [
                                false,
                                2,
                                [
                                    0,
                                    [
                                        0,
                                        3,
                                        false
                                    ],
                                    null
                                ],
                                "\"Austin\"",
                                null
                            ]
                        ],
                        "groupBy": [],
                        "having": [],
                        "orderBy": [],
                        "limit": null,
                        "intersect": null,
                        "union": null,
                        "except": null
                    },
                    null
                ]
            ],
            "groupBy": [],
            "having": [],
            "orderBy": [],
            "limit": null,
            "intersect": null,
            "union": null,
            "except": null
        },
        "complexity": "extra",
        "query_len": 23
    },
    {
        "db_id": "network_2_test",
        "query": "SELECT T2.friend FROM Person AS T1 JOIN PersonFriend AS T2 ON T1.name  =  T2.friend WHERE T2.name  =  'Alice' AND T1.gender  =  'female'",
        "query_toks": [
            "SELECT",
            "T2.friend",
            "FROM",
            "Person",
            "AS",
            "T1",
            "JOIN",
            "PersonFriend",
            "AS",
            "T2",
            "ON",
            "T1.name",
            "=",
            "T2.friend",
            "WHERE",
            "T2.name",
            "=",
            "'Alice",
            "'",
            "AND",
            "T1.gender",
            "=",
            "'female",
            "'"
        ],
        "query_toks_no_value": [
            "select",
            "t2",
            ".",
            "friend",
            "from",
            "person",
            "as",
            "t1",
            "join",
            "personfriend",
            "as",
            "t2",
            "on",
            "t1",
            ".",
            "name",
            "=",
            "t2",
            ".",
            "friend",
            "where",
            "t2",
            ".",
            "name",
            "=",
            "value",
            "and",
            "t1",
            ".",
            "gender",
            "=",
            "value"
        ],
        "question": "What are all the friends of Alice who are female?",
        "question_toks": [
            "What",
            "are",
            "all",
            "the",
            "friends",
            "of",
            "Alice",
            "who",
            "are",
            "female",
            "?"
        ],
        "sql": {
            "from": {
                "table_units": [
                    [
                        "table_unit",
                        0
                    ],
                    [
                        "table_unit",
                        1
                    ]
                ],
                "conds": [
                    [
                        false,
                        2,
                        [
                            0,
                            [
                                0,
                                1,
                                false
                            ],
                            null
                        ],
                        [
                            0,
                            7,
                            false
                        ],
                        null
                    ]
                ]
            },
            "select": [
                false,
                [
                    [
                        0,
                        [
                            0,
                            [
                                0,
                                7,
                                false
                            ],
                            null
                        ]
                    ]
                ]
            ],
            "where": [
                [
                    false,
                    2,
                    [
                        0,
                        [
                            0,
                            6,
                            false
                        ],
                        null
                    ],
                    "\"Alice\"",
                    null
                ],
                "and",
                [
                    false,
                    2,
                    [
                        0,
                        [
                            0,
                            4,
                            false
                        ],
                        null
                    ],
                    "\"female\"",
                    null
                ]
            ],
            "groupBy": [],
            "having": [],
            "orderBy": [],
            "limit": null,
            "intersect": null,
            "union": null,
            "except": null
        },
        "complexity": "medium",
        "query_len": 24
    },
    {
        "db_id": "network_2_test",
        "query": "SELECT name FROM PersonFriend WHERE friend =  'Alice' AND YEAR  =  (SELECT min(YEAR) FROM PersonFriend WHERE friend =  'Alice')",
        "query_toks": [
            "SELECT",
            "name",
            "FROM",
            "PersonFriend",
            "WHERE",
            "friend",
            "=",
            "'Alice",
            "'",
            "AND",
            "YEAR",
            "=",
            "(",
            "SELECT",
            "min",
            "(",
            "YEAR",
            ")",
            "FROM",
            "PersonFriend",
            "WHERE",
            "friend",
            "=",
            "'Alice",
            "'",
            ")"
        ],
        "query_toks_no_value": [
            "select",
            "name",
            "from",
            "personfriend",
            "where",
            "friend",
            "=",
            "value",
            "and",
            "year",
            "=",
            "(",
            "select",
            "min",
            "(",
            "year",
            ")",
            "from",
            "personfriend",
            "where",
            "friend",
            "=",
            "value",
            ")"
        ],
        "question": "What are the names of all people who are friends with Alice for the shortest amount of time?",
        "question_toks": [
            "What",
            "are",
            "the",
            "names",
            "of",
            "all",
            "people",
            "who",
            "are",
            "friends",
            "with",
            "Alice",
            "for",
            "the",
            "shortest",
            "amount",
            "of",
            "time",
            "?"
        ],
        "sql": {
            "from": {
                "table_units": [
                    [
                        "table_unit",
                        1
                    ]
                ],
                "conds": []
            },
            "select": [
                false,
                [
                    [
                        0,
                        [
                            0,
                            [
                                0,
                                6,
                                false
                            ],
                            null
                        ]
                    ]
                ]
            ],
            "where": [
                [
                    false,
                    2,
                    [
                        0,
                        [
                            0,
                            7,
                            false
                        ],
                        null
                    ],
                    "\"Alice\"",
                    null
                ],
                "and",
                [
                    false,
                    2,
                    [
                        0,
                        [
                            0,
                            8,
                            false
                        ],
                        null
                    ],
                    {
                        "from": {
                            "table_units": [
                                [
                                    "table_unit",
                                    1
                                ]
                            ],
                            "conds": []
                        },
                        "select": [
                            false,
                            [
                                [
                                    2,
                                    [
                                        0,
                                        [
                                            0,
                                            8,
                                            false
                                        ],
                                        null
                                    ]
                                ]
                            ]
                        ],
                        "where": [
                            [
                                false,
                                2,
                                [
                                    0,
                                    [
                                        0,
                                        7,
                                        false
                                    ],
                                    null
                                ],
                                "\"Alice\"",
                                null
                            ]
                        ],
                        "groupBy": [],
                        "having": [],
                        "orderBy": [],
                        "limit": null,
                        "intersect": null,
                        "union": null,
                        "except": null
                    },
                    null
                ]
            ],
            "groupBy": [],
            "having": [],
            "orderBy": [],
            "limit": null,
            "intersect": null,
            "union": null,
            "except": null
        },
        "complexity": "extra",
        "query_len": 26
    },
    {
        "db_id": "network_2_test",
        "query": "SELECT DISTINCT T2.name FROM Person AS T1 JOIN PersonFriend AS T2 ON T1.name  =  T2.friend WHERE T1.age  <  (SELECT avg(age) FROM person)",
        "query_toks": [
            "SELECT",
            "DISTINCT",
            "T2.name",
            "FROM",
            "Person",
            "AS",
            "T1",
            "JOIN",
            "PersonFriend",
            "AS",
            "T2",
            "ON",
            "T1.name",
            "=",
            "T2.friend",
            "WHERE",
            "T1.age",
            "<",
            "(",
            "SELECT",
            "avg",
            "(",
            "age",
            ")",
            "FROM",
            "person",
            ")"
        ],
        "query_toks_no_value": [
            "select",
            "distinct",
            "t2",
            ".",
            "name",
            "from",
            "person",
            "as",
            "t1",
            "join",
            "personfriend",
            "as",
            "t2",
            "on",
            "t1",
            ".",
            "name",
            "=",
            "t2",
            ".",
            "friend",
            "where",
            "t1",
            ".",
            "age",
            "<",
            "(",
            "select",
            "avg",
            "(",
            "age",
            ")",
            "from",
            "person",
            ")"
        ],
        "question": "Who has friends that are younger than the average age?",
        "question_toks": [
            "Who",
            "has",
            "friends",
            "that",
            "are",
            "younger",
            "than",
            "the",
            "average",
            "age",
            "?"
        ],
        "sql": {
            "from": {
                "table_units": [
                    [
                        "table_unit",
                        0
                    ],
                    [
                        "table_unit",
                        1
                    ]
                ],
                "conds": [
                    [
                        false,
                        2,
                        [
                            0,
                            [
                                0,
                                1,
                                false
                            ],
                            null
                        ],
                        [
                            0,
                            7,
                            false
                        ],
                        null
                    ]
                ]
            },
            "select": [
                true,
                [
                    [
                        0,
                        [
                            0,
                            [
                                0,
                                6,
                                false
                            ],
                            null
                        ]
                    ]
                ]
            ],
            "where": [
                [
                    false,
                    4,
                    [
                        0,
                        [
                            0,
                            2,
                            false
                        ],
                        null
                    ],
                    {
                        "from": {
                            "table_units": [
                                [
                                    "table_unit",
                                    0
                                ]
                            ],
                            "conds": []
                        },
                        "select": [
                            false,
                            [
                                [
                                    5,
                                    [
                                        0,
                                        [
                                            0,
                                            2,
                                            false
                                        ],
                                        null
                                    ]
                                ]
                            ]
                        ],
                        "where": [],
                        "groupBy": [],
                        "having": [],
                        "orderBy": [],
                        "limit": null,
                        "intersect": null,
                        "union": null,
                        "except": null
                    },
                    null
                ]
            ],
            "groupBy": [],
            "having": [],
            "orderBy": [],
            "limit": null,
            "intersect": null,
            "union": null,
            "except": null
        },
        "complexity": "extra",
        "query_len": 27
    },
    {
        "db_id": "network_2_test",
        "query": "SELECT DISTINCT T2.name ,  T2.friend ,  T1.age FROM Person AS T1 JOIN PersonFriend AS T2 ON T1.name  =  T2.friend WHERE T1.age  >  (SELECT avg(age) FROM person)",
        "query_toks": [
            "SELECT",
            "DISTINCT",
            "T2.name",
            ",",
            "T2.friend",
            ",",
            "T1.age",
            "FROM",
            "Person",
            "AS",
            "T1",
            "JOIN",
            "PersonFriend",
            "AS",
            "T2",
            "ON",
            "T1.name",
            "=",
            "T2.friend",
            "WHERE",
            "T1.age",
            ">",
            "(",
            "SELECT",
            "avg",
            "(",
            "age",
            ")",
            "FROM",
            "person",
            ")"
        ],
        "query_toks_no_value": [
            "select",
            "distinct",
            "t2",
            ".",
            "name",
            ",",
            "t2",
            ".",
            "friend",
            ",",
            "t1",
            ".",
            "age",
            "from",
            "person",
            "as",
            "t1",
            "join",
            "personfriend",
            "as",
            "t2",
            "on",
            "t1",
            ".",
            "name",
            "=",
            "t2",
            ".",
            "friend",
            "where",
            "t1",
            ".",
            "age",
            ">",
            "(",
            "select",
            "avg",
            "(",
            "age",
            ")",
            "from",
            "person",
            ")"
        ],
        "question": "Who has friends that are older than the average age? Print their friends and their ages as well",
        "question_toks": [
            "Who",
            "has",
            "friends",
            "that",
            "are",
            "older",
            "than",
            "the",
            "average",
            "age",
            "?",
            "Print",
            "their",
            "friends",
            "and",
            "their",
            "ages",
            "as",
            "well"
        ],
        "sql": {
            "from": {
                "table_units": [
                    [
                        "table_unit",
                        0
                    ],
                    [
                        "table_unit",
                        1
                    ]
                ],
                "conds": [
                    [
                        false,
                        2,
                        [
                            0,
                            [
                                0,
                                1,
                                false
                            ],
                            null
                        ],
                        [
                            0,
                            7,
                            false
                        ],
                        null
                    ]
                ]
            },
            "select": [
                true,
                [
                    [
                        0,
                        [
                            0,
                            [
                                0,
                                6,
                                false
                            ],
                            null
                        ]
                    ],
                    [
                        0,
                        [
                            0,
                            [
                                0,
                                7,
                                false
                            ],
                            null
                        ]
                    ],
                    [
                        0,
                        [
                            0,
                            [
                                0,
                                2,
                                false
                            ],
                            null
                        ]
                    ]
                ]
            ],
            "where": [
                [
                    false,
                    3,
                    [
                        0,
                        [
                            0,
                            2,
                            false
                        ],
                        null
                    ],
                    {
                        "from": {
                            "table_units": [
                                [
                                    "table_unit",
                                    0
                                ]
                            ],
                            "conds": []
                        },
                        "select": [
                            false,
                            [
                                [
                                    5,
                                    [
                                        0,
                                        [
                                            0,
                                            2,
                                            false
                                        ],
                                        null
                                    ]
                                ]
                            ]
                        ],
                        "where": [],
                        "groupBy": [],
                        "having": [],
                        "orderBy": [],
                        "limit": null,
                        "intersect": null,
                        "union": null,
                        "except": null
                    },
                    null
                ]
            ],
            "groupBy": [],
            "having": [],
            "orderBy": [],
            "limit": null,
            "intersect": null,
            "union": null,
            "except": null
        },
        "complexity": "extra",
        "query_len": 31
    },
    {
        "db_id": "network_2_test",
        "query": "SELECT T1.age FROM Person AS T1 JOIN PersonFriend AS T2 ON T1.name  =  T2.friend WHERE T2.name =  'Zach' AND T2.year  =  (SELECT max(YEAR) FROM PersonFriend WHERE name =  'Zach')",
        "query_toks": [
            "SELECT",
            "T1.age",
            "FROM",
            "Person",
            "AS",
            "T1",
            "JOIN",
            "PersonFriend",
            "AS",
            "T2",
            "ON",
            "T1.name",
            "=",
            "T2.friend",
            "WHERE",
            "T2.name",
            "=",
            "'Zach",
            "'",
            "AND",
            "T2.year",
            "=",
            "(",
            "SELECT",
            "max",
            "(",
            "YEAR",
            ")",
            "FROM",
            "PersonFriend",
            "WHERE",
            "name",
            "=",
            "'Zach",
            "'",
            ")"
        ],
        "query_toks_no_value": [
            "select",
            "t1",
            ".",
            "age",
            "from",
            "person",
            "as",
            "t1",
            "join",
            "personfriend",
            "as",
            "t2",
            "on",
            "t1",
            ".",
            "name",
            "=",
            "t2",
            ".",
            "friend",
            "where",
            "t2",
            ".",
            "name",
            "=",
            "value",
            "and",
            "t2",
            ".",
            "year",
            "=",
            "(",
            "select",
            "max",
            "(",
            "year",
            ")",
            "from",
            "personfriend",
            "where",
            "name",
            "=",
            "value",
            ")"
        ],
        "question": "What is the age of the friend of Zach with longest year relationship?",
        "question_toks": [
            "What",
            "is",
            "the",
            "age",
            "of",
            "the",
            "friend",
            "of",
            "Zach",
            "with",
            "longest",
            "year",
            "relationship",
            "?"
        ],
        "sql": {
            "from": {
                "table_units": [
                    [
                        "table_unit",
                        0
                    ],
                    [
                        "table_unit",
                        1
                    ]
                ],
                "conds": [
                    [
                        false,
                        2,
                        [
                            0,
                            [
                                0,
                                1,
                                false
                            ],
                            null
                        ],
                        [
                            0,
                            7,
                            false
                        ],
                        null
                    ]
                ]
            },
            "select": [
                false,
                [
                    [
                        0,
                        [
                            0,
                            [
                                0,
                                2,
                                false
                            ],
                            null
                        ]
                    ]
                ]
            ],
            "where": [
                [
                    false,
                    2,
                    [
                        0,
                        [
                            0,
                            6,
                            false
                        ],
                        null
                    ],
                    "\"Zach\"",
                    null
                ],
                "and",
                [
                    false,
                    2,
                    [
                        0,
                        [
                            0,
                            8,
                            false
                        ],
                        null
                    ],
                    {
                        "from": {
                            "table_units": [
                                [
                                    "table_unit",
                                    1
                                ]
                            ],
                            "conds": []
                        },
                        "select": [
                            false,
                            [
                                [
                                    1,
                                    [
                                        0,
                                        [
                                            0,
                                            8,
                                            false
                                        ],
                                        null
                                    ]
                                ]
                            ]
                        ],
                        "where": [
                            [
                                false,
                                2,
                                [
                                    0,
                                    [
                                        0,
                                        6,
                                        false
                                    ],
                                    null
                                ],
                                "\"Zach\"",
                                null
                            ]
                        ],
                        "groupBy": [],
                        "having": [],
                        "orderBy": [],
                        "limit": null,
                        "intersect": null,
                        "union": null,
                        "except": null
                    },
                    null
                ]
            ],
            "groupBy": [],
            "having": [],
            "orderBy": [],
            "limit": null,
            "intersect": null,
            "union": null,
            "except": null
        },
        "complexity": "extra",
        "query_len": 36
    },
    {
        "db_id": "network_2_test",
        "query": "SELECT DISTINCT T4.name FROM PersonFriend AS T1 JOIN Person AS T2 ON T1.name  =  T2.name JOIN PersonFriend AS T3 ON T1.friend  =  T3.name JOIN PersonFriend AS T4 ON T3.friend  =  T4.name WHERE T2.name  =  'Alice' AND T4.name != 'Alice'",
        "query_toks": [
            "SELECT",
            "DISTINCT",
            "T4.name",
            "FROM",
            "PersonFriend",
            "AS",
            "T1",
            "JOIN",
            "Person",
            "AS",
            "T2",
            "ON",
            "T1.name",
            "=",
            "T2.name",
            "JOIN",
            "PersonFriend",
            "AS",
            "T3",
            "ON",
            "T1.friend",
            "=",
            "T3.name",
            "JOIN",
            "PersonFriend",
            "AS",
            "T4",
            "ON",
            "T3.friend",
            "=",
            "T4.name",
            "WHERE",
            "T2.name",
            "=",
            "'Alice",
            "'",
            "AND",
            "T4.name",
            "!",
            "=",
            "'Alice",
            "'"
        ],
        "query_toks_no_value": [
            "select",
            "distinct",
            "t4",
            ".",
            "name",
            "from",
            "personfriend",
            "as",
            "t1",
            "join",
            "person",
            "as",
            "t2",
            "on",
            "t1",
            ".",
            "name",
            "=",
            "t2",
            ".",
            "name",
            "join",
            "personfriend",
            "as",
            "t3",
            "on",
            "t1",
            ".",
            "friend",
            "=",
            "t3",
            ".",
            "name",
            "join",
            "personfriend",
            "as",
            "t4",
            "on",
            "t3",
            ".",
            "friend",
            "=",
            "t4",
            ".",
            "name",
            "where",
            "t2",
            ".",
            "name",
            "=",
            "value",
            "and",
            "t4",
            ".",
            "name",
            "!",
            "=",
            "value"
        ],
        "question": "Find Alice's friends of friends.",
        "question_toks": [
            "Find",
            "Alice",
            "'s",
            "friends",
            "of",
            "friends",
            "."
        ],
        "sql": {
            "from": {
                "table_units": [
                    [
                        "table_unit",
                        1
                    ],
                    [
                        "table_unit",
                        0
                    ],
                    [
                        "table_unit",
                        1
                    ],
                    [
                        "table_unit",
                        1
                    ]
                ],
                "conds": [
                    [
                        false,
                        2,
                        [
                            0,
                            [
                                0,
                                6,
                                false
                            ],
                            null
                        ],
                        [
                            0,
                            1,
                            false
                        ],
                        null
                    ],
                    "and",
                    [
                        false,
                        2,
                        [
                            0,
                            [
                                0,
                                7,
                                false
                            ],
                            null
                        ],
                        [
                            0,
                            6,
                            false
                        ],
                        null
                    ],
                    "and",
                    [
                        false,
                        2,
                        [
                            0,
                            [
                                0,
                                7,
                                false
                            ],
                            null
                        ],
                        [
                            0,
                            6,
                            false
                        ],
                        null
                    ]
                ]
            },
            "select": [
                true,
                [
                    [
                        0,
                        [
                            0,
                            [
                                0,
                                6,
                                false
                            ],
                            null
                        ]
                    ]
                ]
            ],
            "where": [
                [
                    false,
                    2,
                    [
                        0,
                        [
                            0,
                            1,
                            false
                        ],
                        null
                    ],
                    "\"Alice\"",
                    null
                ],
                "and",
                [
                    false,
                    7,
                    [
                        0,
                        [
                            0,
                            6,
                            false
                        ],
                        null
                    ],
                    "\"Alice\"",
                    null
                ]
            ],
            "groupBy": [],
            "having": [],
            "orderBy": [],
            "limit": null,
            "intersect": null,
            "union": null,
            "except": null
        },
        "complexity": "extra",
        "query_len": 42
    },
    {
        "db_id": "network_2_test",
        "query": "SELECT T1.name ,  T1.age FROM Person AS T1 JOIN PersonFriend AS T2 ON T1.name  =  T2.name WHERE T2.friend  =  'Dan' INTERSECT SELECT T1.name ,   T1.age FROM Person AS T1 JOIN PersonFriend AS T2 ON T1.name  =  T2.name WHERE T2.friend  =  'Alice'",
        "query_toks": [
            "SELECT",
            "T1.name",
            ",",
            "T1.age",
            "FROM",
            "Person",
            "AS",
            "T1",
            "JOIN",
            "PersonFriend",
            "AS",
            "T2",
            "ON",
            "T1.name",
            "=",
            "T2.name",
            "WHERE",
            "T2.friend",
            "=",
            "'Dan",
            "'",
            "INTERSECT",
            "SELECT",
            "T1.name",
            ",",
            "T1.age",
            "FROM",
            "Person",
            "AS",
            "T1",
            "JOIN",
            "PersonFriend",
            "AS",
            "T2",
            "ON",
            "T1.name",
            "=",
            "T2.name",
            "WHERE",
            "T2.friend",
            "=",
            "'Alice",
            "'"
        ],
        "query_toks_no_value": [
            "select",
            "t1",
            ".",
            "name",
            ",",
            "t1",
            ".",
            "age",
            "from",
            "person",
            "as",
            "t1",
            "join",
            "personfriend",
            "as",
            "t2",
            "on",
            "t1",
            ".",
            "name",
            "=",
            "t2",
            ".",
            "name",
            "where",
            "t2",
            ".",
            "friend",
            "=",
            "value",
            "intersect",
            "select",
            "t1",
            ".",
            "name",
            ",",
            "t1",
            ".",
            "age",
            "from",
            "person",
            "as",
            "t1",
            "join",
            "personfriend",
            "as",
            "t2",
            "on",
            "t1",
            ".",
            "name",
            "=",
            "t2",
            ".",
            "name",
            "where",
            "t2",
            ".",
            "friend",
            "=",
            "value"
        ],
        "question": "What are the names and ages of every person who is a friend of both Dan and Alice?",
        "question_toks": [
            "What",
            "are",
            "the",
            "names",
            "and",
            "ages",
            "of",
            "every",
            "person",
            "who",
            "is",
            "a",
            "friend",
            "of",
            "both",
            "Dan",
            "and",
            "Alice",
            "?"
        ],
        "sql": {
            "from": {
                "table_units": [
                    [
                        "table_unit",
                        0
                    ],
                    [
                        "table_unit",
                        1
                    ]
                ],
                "conds": [
                    [
                        false,
                        2,
                        [
                            0,
                            [
                                0,
                                1,
                                false
                            ],
                            null
                        ],
                        [
                            0,
                            6,
                            false
                        ],
                        null
                    ]
                ]
            },
            "select": [
                false,
                [
                    [
                        0,
                        [
                            0,
                            [
                                0,
                                1,
                                false
                            ],
                            null
                        ]
                    ],
                    [
                        0,
                        [
                            0,
                            [
                                0,
                                2,
                                false
                            ],
                            null
                        ]
                    ]
                ]
            ],
            "where": [
                [
                    false,
                    2,
                    [
                        0,
                        [
                            0,
                            7,
                            false
                        ],
                        null
                    ],
                    "\"Dan\"",
                    null
                ]
            ],
            "groupBy": [],
            "having": [],
            "orderBy": [],
            "limit": null,
            "intersect": {
                "from": {
                    "table_units": [
                        [
                            "table_unit",
                            0
                        ],
                        [
                            "table_unit",
                            1
                        ]
                    ],
                    "conds": [
                        [
                            false,
                            2,
                            [
                                0,
                                [
                                    0,
                                    1,
                                    false
                                ],
                                null
                            ],
                            [
                                0,
                                6,
                                false
                            ],
                            null
                        ]
                    ]
                },
                "select": [
                    false,
                    [
                        [
                            0,
                            [
                                0,
                                [
                                    0,
                                    1,
                                    false
                                ],
                                null
                            ]
                        ],
                        [
                            0,
                            [
                                0,
                                [
                                    0,
                                    2,
                                    false
                                ],
                                null
                            ]
                        ]
                    ]
                ],
                "where": [
                    [
                        false,
                        2,
                        [
                            0,
                            [
                                0,
                                7,
                                false
                            ],
                            null
                        ],
                        "\"Alice\"",
                        null
                    ]
                ],
                "groupBy": [],
                "having": [],
                "orderBy": [],
                "limit": null,
                "intersect": null,
                "union": null,
                "except": null
            },
            "union": null,
            "except": null
        },
        "complexity": "extra",
        "query_len": 43
    },
    {
        "db_id": "network_2_test",
        "query": "SELECT T1.name FROM Person AS T1 JOIN PersonFriend AS T2 ON T1.name  =  T2.name WHERE T2.friend IN (SELECT name FROM Person WHERE age  >  40) EXCEPT SELECT T1.name FROM Person AS T1 JOIN PersonFriend AS T2 ON T1.name  =  T2.name WHERE T2.friend IN (SELECT name FROM Person WHERE age  <  30)",
        "query_toks": [
            "SELECT",
            "T1.name",
            "FROM",
            "Person",
            "AS",
            "T1",
            "JOIN",
            "PersonFriend",
            "AS",
            "T2",
            "ON",
            "T1.name",
            "=",
            "T2.name",
            "WHERE",
            "T2.friend",
            "IN",
            "(",
            "SELECT",
            "name",
            "FROM",
            "Person",
            "WHERE",
            "age",
            ">",
            "40",
            ")",
            "EXCEPT",
            "SELECT",
            "T1.name",
            "FROM",
            "Person",
            "AS",
            "T1",
            "JOIN",
            "PersonFriend",
            "AS",
            "T2",
            "ON",
            "T1.name",
            "=",
            "T2.name",
            "WHERE",
            "T2.friend",
            "IN",
            "(",
            "SELECT",
            "name",
            "FROM",
            "Person",
            "WHERE",
            "age",
            "<",
            "30",
            ")"
        ],
        "query_toks_no_value": [
            "select",
            "t1",
            ".",
            "name",
            "from",
            "person",
            "as",
            "t1",
            "join",
            "personfriend",
            "as",
            "t2",
            "on",
            "t1",
            ".",
            "name",
            "=",
            "t2",
            ".",
            "name",
            "where",
            "t2",
            ".",
            "friend",
            "in",
            "(",
            "select",
            "name",
            "from",
            "person",
            "where",
            "age",
            ">",
            "value",
            ")",
            "except",
            "select",
            "t1",
            ".",
            "name",
            "from",
            "person",
            "as",
            "t1",
            "join",
            "personfriend",
            "as",
            "t2",
            "on",
            "t1",
            ".",
            "name",
            "=",
            "t2",
            ".",
            "name",
            "where",
            "t2",
            ".",
            "friend",
            "in",
            "(",
            "select",
            "name",
            "from",
            "person",
            "where",
            "age",
            "<",
            "value",
            ")"
        ],
        "question": "What are the names of the people who are older 40 but no friends under age 30?",
        "question_toks": [
            "What",
            "are",
            "the",
            "names",
            "of",
            "the",
            "people",
            "who",
            "are",
            "older",
            "40",
            "but",
            "no",
            "friends",
            "under",
            "age",
            "30",
            "?"
        ],
        "sql": {
            "from": {
                "table_units": [
                    [
                        "table_unit",
                        0
                    ],
                    [
                        "table_unit",
                        1
                    ]
                ],
                "conds": [
                    [
                        false,
                        2,
                        [
                            0,
                            [
                                0,
                                1,
                                false
                            ],
                            null
                        ],
                        [
                            0,
                            6,
                            false
                        ],
                        null
                    ]
                ]
            },
            "select": [
                false,
                [
                    [
                        0,
                        [
                            0,
                            [
                                0,
                                1,
                                false
                            ],
                            null
                        ]
                    ]
                ]
            ],
            "where": [
                [
                    false,
                    8,
                    [
                        0,
                        [
                            0,
                            7,
                            false
                        ],
                        null
                    ],
                    {
                        "from": {
                            "table_units": [
                                [
                                    "table_unit",
                                    0
                                ]
                            ],
                            "conds": []
                        },
                        "select": [
                            false,
                            [
                                [
                                    0,
                                    [
                                        0,
                                        [
                                            0,
                                            1,
                                            false
                                        ],
                                        null
                                    ]
                                ]
                            ]
                        ],
                        "where": [
                            [
                                false,
                                3,
                                [
                                    0,
                                    [
                                        0,
                                        2,
                                        false
                                    ],
                                    null
                                ],
                                40.0,
                                null
                            ]
                        ],
                        "groupBy": [],
                        "having": [],
                        "orderBy": [],
                        "limit": null,
                        "intersect": null,
                        "union": null,
                        "except": null
                    },
                    null
                ]
            ],
            "groupBy": [],
            "having": [],
            "orderBy": [],
            "limit": null,
            "intersect": null,
            "union": null,
            "except": {
                "from": {
                    "table_units": [
                        [
                            "table_unit",
                            0
                        ],
                        [
                            "table_unit",
                            1
                        ]
                    ],
                    "conds": [
                        [
                            false,
                            2,
                            [
                                0,
                                [
                                    0,
                                    1,
                                    false
                                ],
                                null
                            ],
                            [
                                0,
                                6,
                                false
                            ],
                            null
                        ]
                    ]
                },
                "select": [
                    false,
                    [
                        [
                            0,
                            [
                                0,
                                [
                                    0,
                                    1,
                                    false
                                ],
                                null
                            ]
                        ]
                    ]
                ],
                "where": [
                    [
                        false,
                        8,
                        [
                            0,
                            [
                                0,
                                7,
                                false
                            ],
                            null
                        ],
                        {
                            "from": {
                                "table_units": [
                                    [
                                        "table_unit",
                                        0
                                    ]
                                ],
                                "conds": []
                            },
                            "select": [
                                false,
                                [
                                    [
                                        0,
                                        [
                                            0,
                                            [
                                                0,
                                                1,
                                                false
                                            ],
                                            null
                                        ]
                                    ]
                                ]
                            ],
                            "where": [
                                [
                                    false,
                                    4,
                                    [
                                        0,
                                        [
                                            0,
                                            2,
                                            false
                                        ],
                                        null
                                    ],
                                    30.0,
                                    null
                                ]
                            ],
                            "groupBy": [],
                            "having": [],
                            "orderBy": [],
                            "limit": null,
                            "intersect": null,
                            "union": null,
                            "except": null
                        },
                        null
                    ]
                ],
                "groupBy": [],
                "having": [],
                "orderBy": [],
                "limit": null,
                "intersect": null,
                "union": null,
                "except": null
            }
        },
        "complexity": "extra",
        "query_len": 55
    },
    {
        "db_id": "network_2_test",
        "query": "SELECT name FROM person EXCEPT SELECT T2.name FROM Person AS T1 JOIN PersonFriend AS T2 ON T1.name  =  T2.friend WHERE T1.job  =  'student'",
        "query_toks": [
            "SELECT",
            "name",
            "FROM",
            "person",
            "EXCEPT",
            "SELECT",
            "T2.name",
            "FROM",
            "Person",
            "AS",
            "T1",
            "JOIN",
            "PersonFriend",
            "AS",
            "T2",
            "ON",
            "T1.name",
            "=",
            "T2.friend",
            "WHERE",
            "T1.job",
            "=",
            "'student",
            "'"
        ],
        "query_toks_no_value": [
            "select",
            "name",
            "from",
            "person",
            "except",
            "select",
            "t2",
            ".",
            "name",
            "from",
            "person",
            "as",
            "t1",
            "join",
            "personfriend",
            "as",
            "t2",
            "on",
            "t1",
            ".",
            "name",
            "=",
            "t2",
            ".",
            "friend",
            "where",
            "t1",
            ".",
            "job",
            "=",
            "value"
        ],
        "question": "What are the names of the people who have no friends who are students?",
        "question_toks": [
            "What",
            "are",
            "the",
            "names",
            "of",
            "the",
            "people",
            "who",
            "have",
            "no",
            "friends",
            "who",
            "are",
            "students",
            "?"
        ],
        "sql": {
            "from": {
                "table_units": [
                    [
                        "table_unit",
                        0
                    ]
                ],
                "conds": []
            },
            "select": [
                false,
                [
                    [
                        0,
                        [
                            0,
                            [
                                0,
                                1,
                                false
                            ],
                            null
                        ]
                    ]
                ]
            ],
            "where": [],
            "groupBy": [],
            "having": [],
            "orderBy": [],
            "limit": null,
            "intersect": null,
            "union": null,
            "except": {
                "from": {
                    "table_units": [
                        [
                            "table_unit",
                            0
                        ],
                        [
                            "table_unit",
                            1
                        ]
                    ],
                    "conds": [
                        [
                            false,
                            2,
                            [
                                0,
                                [
                                    0,
                                    1,
                                    false
                                ],
                                null
                            ],
                            [
                                0,
                                7,
                                false
                            ],
                            null
                        ]
                    ]
                },
                "select": [
                    false,
                    [
                        [
                            0,
                            [
                                0,
                                [
                                    0,
                                    6,
                                    false
                                ],
                                null
                            ]
                        ]
                    ]
                ],
                "where": [
                    [
                        false,
                        2,
                        [
                            0,
                            [
                                0,
                                5,
                                false
                            ],
                            null
                        ],
                        "\"student\"",
                        null
                    ]
                ],
                "groupBy": [],
                "having": [],
                "orderBy": [],
                "limit": null,
                "intersect": null,
                "union": null,
                "except": null
            }
        },
        "complexity": "hard",
        "query_len": 24
    }
]