[
    {
        "db_id": "network_2",
        "query": "SELECT avg(age) FROM Person",
        "query_toks": [
            "SELECT",
            "avg",
            "(",
            "age",
            ")",
            "FROM",
            "Person"
        ],
        "query_toks_no_value": [
            "select",
            "avg",
            "(",
            "age",
            ")",
            "from",
            "person"
        ],
        "question": "What is the average age for all people in the table?",
        "question_toks": [
            "What",
            "is",
            "the",
            "average",
            "age",
            "for",
            "all",
            "people",
            "in",
            "the",
            "table",
            "?"
        ],
        "sql": {
            "from": {
                "table_units": [
                    [
                        "table_unit",
                        0
                    ]
                ],
                "conds": []
            },
            "select": [
                false,
                [
                    [
                        5,
                        [
                            0,
                            [
                                0,
                                2,
                                false
                            ],
                            null
                        ]
                    ]
                ]
            ],
            "where": [],
            "groupBy": [],
            "having": [],
            "orderBy": [],
            "limit": null,
            "intersect": null,
            "union": null,
            "except": null
        },
        "complexity": "easy",
        "query_len": 7
    },
    {
        "db_id": "network_2",
        "query": "SELECT count(DISTINCT city) FROM Person",
        "query_toks": [
            "SELECT",
            "count",
            "(",
            "DISTINCT",
            "city",
            ")",
            "FROM",
            "Person"
        ],
        "query_toks_no_value": [
            "select",
            "count",
            "(",
            "distinct",
            "city",
            ")",
            "from",
            "person"
        ],
        "question": "How many different cities are they from?",
        "question_toks": [
            "How",
            "many",
            "different",
            "cities",
            "are",
            "they",
            "from",
            "?"
        ],
        "sql": {
            "from": {
                "table_units": [
                    [
                        "table_unit",
                        0
                    ]
                ],
                "conds": []
            },
            "select": [
                false,
                [
                    [
                        3,
                        [
                            0,
                            [
                                0,
                                3,
                                true
                            ],
                            null
                        ]
                    ]
                ]
            ],
            "where": [],
            "groupBy": [],
            "having": [],
            "orderBy": [],
            "limit": null,
            "intersect": null,
            "union": null,
            "except": null
        },
        "complexity": "easy",
        "query_len": 8
    },
    {
        "db_id": "network_2",
        "query": "SELECT count(DISTINCT city) FROM Person",
        "query_toks": [
            "SELECT",
            "count",
            "(",
            "DISTINCT",
            "city",
            ")",
            "FROM",
            "Person"
        ],
        "query_toks_no_value": [
            "select",
            "count",
            "(",
            "distinct",
            "city",
            ")",
            "from",
            "person"
        ],
        "question": "How many different cities do people originate from?",
        "question_toks": [
            "How",
            "many",
            "different",
            "cities",
            "do",
            "people",
            "originate",
            "from",
            "?"
        ],
        "sql": {
            "from": {
                "table_units": [
                    [
                        "table_unit",
                        0
                    ]
                ],
                "conds": []
            },
            "select": [
                false,
                [
                    [
                        3,
                        [
                            0,
                            [
                                0,
                                3,
                                true
                            ],
                            null
                        ]
                    ]
                ]
            ],
            "where": [],
            "groupBy": [],
            "having": [],
            "orderBy": [],
            "limit": null,
            "intersect": null,
            "union": null,
            "except": null
        },
        "complexity": "easy",
        "query_len": 8
    },
    {
        "db_id": "network_2",
        "query": "SELECT count(DISTINCT job) FROM Person",
        "query_toks": [
            "SELECT",
            "count",
            "(",
            "DISTINCT",
            "job",
            ")",
            "FROM",
            "Person"
        ],
        "query_toks_no_value": [
            "select",
            "count",
            "(",
            "distinct",
            "job",
            ")",
            "from",
            "person"
        ],
        "question": "How many different jobs are listed?",
        "question_toks": [
            "How",
            "many",
            "different",
            "jobs",
            "are",
            "listed",
            "?"
        ],
        "sql": {
            "from": {
                "table_units": [
                    [
                        "table_unit",
                        0
                    ]
                ],
                "conds": []
            },
            "select": [
                false,
                [
                    [
                        3,
                        [
                            0,
                            [
                                0,
                                5,
                                true
                            ],
                            null
                        ]
                    ]
                ]
            ],
            "where": [],
            "groupBy": [],
            "having": [],
            "orderBy": [],
            "limit": null,
            "intersect": null,
            "union": null,
            "except": null
        },
        "complexity": "easy",
        "query_len": 8
    },
    {
        "db_id": "network_2",
        "query": "SELECT name FROM Person WHERE age  <  30",
        "query_toks": [
            "SELECT",
            "name",
            "FROM",
            "Person",
            "WHERE",
            "age",
            "<",
            "30"
        ],
        "query_toks_no_value": [
            "select",
            "name",
            "from",
            "person",
            "where",
            "age",
            "<",
            "value"
        ],
        "question": "Who is the person whose age is below 30?",
        "question_toks": [
            "Who",
            "is",
            "the",
            "person",
            "whose",
            "age",
            "is",
            "below",
            "30",
            "?"
        ],
        "sql": {
            "from": {
                "table_units": [
                    [
                        "table_unit",
                        0
                    ]
                ],
                "conds": []
            },
            "select": [
                false,
                [
                    [
                        0,
                        [
                            0,
                            [
                                0,
                                1,
                                false
                            ],
                            null
                        ]
                    ]
                ]
            ],
            "where": [
                [
                    false,
                    4,
                    [
                        0,
                        [
                            0,
                            2,
                            false
                        ],
                        null
                    ],
                    30.0,
                    null
                ]
            ],
            "groupBy": [],
            "having": [],
            "orderBy": [],
            "limit": null,
            "intersect": null,
            "union": null,
            "except": null
        },
        "complexity": "easy",
        "query_len": 8
    },
    {
        "db_id": "network_2",
        "query": "SELECT name FROM Person ORDER BY age DESC",
        "query_toks": [
            "SELECT",
            "name",
            "FROM",
            "Person",
            "ORDER",
            "BY",
            "age",
            "DESC"
        ],
        "query_toks_no_value": [
            "select",
            "name",
            "from",
            "person",
            "order",
            "by",
            "age",
            "desc"
        ],
        "question": "Find the names of all person sorted in the descending order using age.",
        "question_toks": [
            "Find",
            "the",
            "names",
            "of",
            "all",
            "person",
            "sorted",
            "in",
            "the",
            "descending",
            "order",
            "using",
            "age",
            "."
        ],
        "sql": {
            "from": {
                "table_units": [
                    [
                        "table_unit",
                        0
                    ]
                ],
                "conds": []
            },
            "select": [
                false,
                [
                    [
                        0,
                        [
                            0,
                            [
                                0,
                                1,
                                false
                            ],
                            null
                        ]
                    ]
                ]
            ],
            "where": [],
            "groupBy": [],
            "having": [],
            "orderBy": [
                "desc",
                [
                    [
                        0,
                        [
                            0,
                            2,
                            false
                        ],
                        null
                    ]
                ]
            ],
            "limit": null,
            "intersect": null,
            "union": null,
            "except": null
        },
        "complexity": "easy",
        "query_len": 8
    },
    {
        "db_id": "network_2",
        "query": "SELECT name FROM Person ORDER BY age DESC",
        "query_toks": [
            "SELECT",
            "name",
            "FROM",
            "Person",
            "ORDER",
            "BY",
            "age",
            "DESC"
        ],
        "query_toks_no_value": [
            "select",
            "name",
            "from",
            "person",
            "order",
            "by",
            "age",
            "desc"
        ],
        "question": "What are the names of everybody sorted by age in descending order?",
        "question_toks": [
            "What",
            "are",
            "the",
            "names",
            "of",
            "everybody",
            "sorted",
            "by",
            "age",
            "in",
            "descending",
            "order",
            "?"
        ],
        "sql": {
            "from": {
                "table_units": [
                    [
                        "table_unit",
                        0
                    ]
                ],
                "conds": []
            },
            "select": [
                false,
                [
                    [
                        0,
                        [
                            0,
                            [
                                0,
                                1,
                                false
                            ],
                            null
                        ]
                    ]
                ]
            ],
            "where": [],
            "groupBy": [],
            "having": [],
            "orderBy": [
                "desc",
                [
                    [
                        0,
                        [
                            0,
                            2,
                            false
                        ],
                        null
                    ]
                ]
            ],
            "limit": null,
            "intersect": null,
            "union": null,
            "except": null
        },
        "complexity": "easy",
        "query_len": 8
    },
    {
        "db_id": "network_2",
        "query": "SELECT name ,  job FROM Person ORDER BY name",
        "query_toks": [
            "SELECT",
            "name",
            ",",
            "job",
            "FROM",
            "Person",
            "ORDER",
            "BY",
            "name"
        ],
        "query_toks_no_value": [
            "select",
            "name",
            ",",
            "job",
            "from",
            "person",
            "order",
            "by",
            "name"
        ],
        "question": "list the name, job title of all people ordered by their names.",
        "question_toks": [
            "list",
            "the",
            "name",
            ",",
            "job",
            "title",
            "of",
            "all",
            "people",
            "ordered",
            "by",
            "their",
            "names",
            "."
        ],
        "sql": {
            "from": {
                "table_units": [
                    [
                        "table_unit",
                        0
                    ]
                ],
                "conds": []
            },
            "select": [
                false,
                [
                    [
                        0,
                        [
                            0,
                            [
                                0,
                                1,
                                false
                            ],
                            null
                        ]
                    ],
                    [
                        0,
                        [
                            0,
                            [
                                0,
                                5,
                                false
                            ],
                            null
                        ]
                    ]
                ]
            ],
            "where": [],
            "groupBy": [],
            "having": [],
            "orderBy": [
                "asc",
                [
                    [
                        0,
                        [
                            0,
                            1,
                            false
                        ],
                        null
                    ]
                ]
            ],
            "limit": null,
            "intersect": null,
            "union": null,
            "except": null
        },
        "complexity": "medium",
        "query_len": 9
    },
    {
        "db_id": "network_2",
        "query": "SELECT count(*) FROM Person WHERE gender  =  'female'",
        "query_toks": [
            "SELECT",
            "count",
            "(",
            "*",
            ")",
            "FROM",
            "Person",
            "WHERE",
            "gender",
            "=",
            "'female",
            "'"
        ],
        "query_toks_no_value": [
            "select",
            "count",
            "(",
            "*",
            ")",
            "from",
            "person",
            "where",
            "gender",
            "=",
            "value"
        ],
        "question": "How many females are in the network?",
        "question_toks": [
            "How",
            "many",
            "females",
            "are",
            "in",
            "the",
            "network",
            "?"
        ],
        "sql": {
            "from": {
                "table_units": [
                    [
                        "table_unit",
                        0
                    ]
                ],
                "conds": []
            },
            "select": [
                false,
                [
                    [
                        3,
                        [
                            0,
                            [
                                0,
                                0,
                                false
                            ],
                            null
                        ]
                    ]
                ]
            ],
            "where": [
                [
                    false,
                    2,
                    [
                        0,
                        [
                            0,
                            4,
                            false
                        ],
                        null
                    ],
                    "\"female\"",
                    null
                ]
            ],
            "groupBy": [],
            "having": [],
            "orderBy": [],
            "limit": null,
            "intersect": null,
            "union": null,
            "except": null
        },
        "complexity": "easy",
        "query_len": 12
    },
    {
        "db_id": "network_2",
        "query": "SELECT avg(age) ,  gender FROM Person GROUP BY gender",
        "query_toks": [
            "SELECT",
            "avg",
            "(",
            "age",
            ")",
            ",",
            "gender",
            "FROM",
            "Person",
            "GROUP",
            "BY",
            "gender"
        ],
        "query_toks_no_value": [
            "select",
            "avg",
            "(",
            "age",
            ")",
            ",",
            "gender",
            "from",
            "person",
            "group",
            "by",
            "gender"
        ],
        "question": "What is the average age for each gender?",
        "question_toks": [
            "What",
            "is",
            "the",
            "average",
            "age",
            "for",
            "each",
            "gender",
            "?"
        ],
        "sql": {
            "from": {
                "table_units": [
                    [
                        "table_unit",
                        0
                    ]
                ],
                "conds": []
            },
            "select": [
                false,
                [
                    [
                        5,
                        [
                            0,
                            [
                                0,
                                2,
                                false
                            ],
                            null
                        ]
                    ],
                    [
                        0,
                        [
                            0,
                            [
                                0,
                                4,
                                false
                            ],
                            null
                        ]
                    ]
                ]
            ],
            "where": [],
            "groupBy": [
                [
                    0,
                    4,
                    false
                ]
            ],
            "having": [],
            "orderBy": [],
            "limit": null,
            "intersect": null,
            "union": null,
            "except": null
        },
        "complexity": "medium",
        "query_len": 12
    },
    {
        "db_id": "network_2",
        "query": "SELECT avg(age) ,  gender FROM Person GROUP BY gender",
        "query_toks": [
            "SELECT",
            "avg",
            "(",
            "age",
            ")",
            ",",
            "gender",
            "FROM",
            "Person",
            "GROUP",
            "BY",
            "gender"
        ],
        "query_toks_no_value": [
            "select",
            "avg",
            "(",
            "age",
            ")",
            ",",
            "gender",
            "from",
            "person",
            "group",
            "by",
            "gender"
        ],
        "question": "How old is each gender, on average?",
        "question_toks": [
            "How",
            "old",
            "is",
            "each",
            "gender",
            ",",
            "on",
            "average",
            "?"
        ],
        "sql": {
            "from": {
                "table_units": [
                    [
                        "table_unit",
                        0
                    ]
                ],
                "conds": []
            },
            "select": [
                false,
                [
                    [
                        5,
                        [
                            0,
                            [
                                0,
                                2,
                                false
                            ],
                            null
                        ]
                    ],
                    [
                        0,
                        [
                            0,
                            [
                                0,
                                4,
                                false
                            ],
                            null
                        ]
                    ]
                ]
            ],
            "where": [],
            "groupBy": [
                [
                    0,
                    4,
                    false
                ]
            ],
            "having": [],
            "orderBy": [],
            "limit": null,
            "intersect": null,
            "union": null,
            "except": null
        },
        "complexity": "medium",
        "query_len": 12
    },
    {
        "db_id": "network_2",
        "query": "SELECT avg(age) ,  job FROM Person GROUP BY job",
        "query_toks": [
            "SELECT",
            "avg",
            "(",
            "age",
            ")",
            ",",
            "job",
            "FROM",
            "Person",
            "GROUP",
            "BY",
            "job"
        ],
        "query_toks_no_value": [
            "select",
            "avg",
            "(",
            "age",
            ")",
            ",",
            "job",
            "from",
            "person",
            "group",
            "by",
            "job"
        ],
        "question": "How old is the average person for each job?",
        "question_toks": [
            "How",
            "old",
            "is",
            "the",
            "average",
            "person",
            "for",
            "each",
            "job",
            "?"
        ],
        "sql": {
            "from": {
                "table_units": [
                    [
                        "table_unit",
                        0
                    ]
                ],
                "conds": []
            },
            "select": [
                false,
                [
                    [
                        5,
                        [
                            0,
                            [
                                0,
                                2,
                                false
                            ],
                            null
                        ]
                    ],
                    [
                        0,
                        [
                            0,
                            [
                                0,
                                5,
                                false
                            ],
                            null
                        ]
                    ]
                ]
            ],
            "where": [],
            "groupBy": [
                [
                    0,
                    5,
                    false
                ]
            ],
            "having": [],
            "orderBy": [],
            "limit": null,
            "intersect": null,
            "union": null,
            "except": null
        },
        "complexity": "medium",
        "query_len": 12
    },
    {
        "db_id": "network_2",
        "query": "SELECT min(age) ,  job FROM Person GROUP BY job",
        "query_toks": [
            "SELECT",
            "min",
            "(",
            "age",
            ")",
            ",",
            "job",
            "FROM",
            "Person",
            "GROUP",
            "BY",
            "job"
        ],
        "query_toks_no_value": [
            "select",
            "min",
            "(",
            "age",
            ")",
            ",",
            "job",
            "from",
            "person",
            "group",
            "by",
            "job"
        ],
        "question": "What is minimum age for different job title?",
        "question_toks": [
            "What",
            "is",
            "minimum",
            "age",
            "for",
            "different",
            "job",
            "title",
            "?"
        ],
        "sql": {
            "from": {
                "table_units": [
                    [
                        "table_unit",
                        0
                    ]
                ],
                "conds": []
            },
            "select": [
                false,
                [
                    [
                        2,
                        [
                            0,
                            [
                                0,
                                2,
                                false
                            ],
                            null
                        ]
                    ],
                    [
                        0,
                        [
                            0,
                            [
                                0,
                                5,
                                false
                            ],
                            null
                        ]
                    ]
                ]
            ],
            "where": [],
            "groupBy": [
                [
                    0,
                    5,
                    false
                ]
            ],
            "having": [],
            "orderBy": [],
            "limit": null,
            "intersect": null,
            "union": null,
            "except": null
        },
        "complexity": "medium",
        "query_len": 12
    },
    {
        "db_id": "network_2",
        "query": "SELECT min(age) ,  job FROM Person GROUP BY job",
        "query_toks": [
            "SELECT",
            "min",
            "(",
            "age",
            ")",
            ",",
            "job",
            "FROM",
            "Person",
            "GROUP",
            "BY",
            "job"
        ],
        "query_toks_no_value": [
            "select",
            "min",
            "(",
            "age",
            ")",
            ",",
            "job",
            "from",
            "person",
            "group",
            "by",
            "job"
        ],
        "question": "How old is the youngest person for each job?",
        "question_toks": [
            "How",
            "old",
            "is",
            "the",
            "youngest",
            "person",
            "for",
            "each",
            "job",
            "?"
        ],
        "sql": {
            "from": {
                "table_units": [
                    [
                        "table_unit",
                        0
                    ]
                ],
                "conds": []
            },
            "select": [
                false,
                [
                    [
                        2,
                        [
                            0,
                            [
                                0,
                                2,
                                false
                            ],
                            null
                        ]
                    ],
                    [
                        0,
                        [
                            0,
                            [
                                0,
                                5,
                                false
                            ],
                            null
                        ]
                    ]
                ]
            ],
            "where": [],
            "groupBy": [
                [
                    0,
                    5,
                    false
                ]
            ],
            "having": [],
            "orderBy": [],
            "limit": null,
            "intersect": null,
            "union": null,
            "except": null
        },
        "complexity": "medium",
        "query_len": 12
    },
    {
        "db_id": "network_2",
        "query": "SELECT name FROM Person WHERE gender  =  'male' ORDER BY age",
        "query_toks": [
            "SELECT",
            "name",
            "FROM",
            "Person",
            "WHERE",
            "gender",
            "=",
            "'male",
            "'",
            "ORDER",
            "BY",
            "age"
        ],
        "query_toks_no_value": [
            "select",
            "name",
            "from",
            "person",
            "where",
            "gender",
            "=",
            "value",
            "order",
            "by",
            "age"
        ],
        "question": "What is the name and age of every male? Order the results by age.",
        "question_toks": [
            "What",
            "is",
            "the",
            "name",
            "and",
            "age",
            "of",
            "every",
            "male",
            "?",
            "Order",
            "the",
            "results",
            "by",
            "age",
            "."
        ],
        "sql": {
            "from": {
                "table_units": [
                    [
                        "table_unit",
                        0
                    ]
                ],
                "conds": []
            },
            "select": [
                false,
                [
                    [
                        0,
                        [
                            0,
                            [
                                0,
                                1,
                                false
                            ],
                            null
                        ]
                    ]
                ]
            ],
            "where": [
                [
                    false,
                    2,
                    [
                        0,
                        [
                            0,
                            4,
                            false
                        ],
                        null
                    ],
                    "\"male\"",
                    null
                ]
            ],
            "groupBy": [],
            "having": [],
            "orderBy": [
                "asc",
                [
                    [
                        0,
                        [
                            0,
                            2,
                            false
                        ],
                        null
                    ]
                ]
            ],
            "limit": null,
            "intersect": null,
            "union": null,
            "except": null
        },
        "complexity": "medium",
        "query_len": 12
    },
    {
        "db_id": "network_2",
        "query": "SELECT age FROM Person WHERE job  =  'doctor' AND name  =  'Zach'",
        "query_toks": [
            "SELECT",
            "age",
            "FROM",
            "Person",
            "WHERE",
            "job",
            "=",
            "'doctor",
            "'",
            "AND",
            "name",
            "=",
            "'Zach",
            "'"
        ],
        "query_toks_no_value": [
            "select",
            "age",
            "from",
            "person",
            "where",
            "job",
            "=",
            "value",
            "and",
            "name",
            "=",
            "value"
        ],
        "question": "How old is the doctor named Zach?",
        "question_toks": [
            "How",
            "old",
            "is",
            "the",
            "doctor",
            "named",
            "Zach",
            "?"
        ],
        "sql": {
            "from": {
                "table_units": [
                    [
                        "table_unit",
                        0
                    ]
                ],
                "conds": []
            },
            "select": [
                false,
                [
                    [
                        0,
                        [
                            0,
                            [
                                0,
                                2,
                                false
                            ],
                            null
                        ]
                    ]
                ]
            ],
            "where": [
                [
                    false,
                    2,
                    [
                        0,
                        [
                            0,
                            5,
                            false
                        ],
                        null
                    ],
                    "\"doctor\"",
                    null
                ],
                "and",
                [
                    false,
                    2,
                    [
                        0,
                        [
                            0,
                            1,
                            false
                        ],
                        null
                    ],
                    "\"Zach\"",
                    null
                ]
            ],
            "groupBy": [],
            "having": [],
            "orderBy": [],
            "limit": null,
            "intersect": null,
            "union": null,
            "except": null
        },
        "complexity": "medium",
        "query_len": 14
    },
    {
        "db_id": "network_2",
        "query": "SELECT name FROM Person WHERE age  =  (SELECT max(age) FROM person)",
        "query_toks": [
            "SELECT",
            "name",
            "FROM",
            "Person",
            "WHERE",
            "age",
            "=",
            "(",
            "SELECT",
            "max",
            "(",
            "age",
            ")",
            "FROM",
            "person",
            ")"
        ],
        "query_toks_no_value": [
            "select",
            "name",
            "from",
            "person",
            "where",
            "age",
            "=",
            "(",
            "select",
            "max",
            "(",
            "age",
            ")",
            "from",
            "person",
            ")"
        ],
        "question": "Who is the oldest person?",
        "question_toks": [
            "Who",
            "is",
            "the",
            "oldest",
            "person",
            "?"
        ],
        "sql": {
            "from": {
                "table_units": [
                    [
                        "table_unit",
                        0
                    ]
                ],
                "conds": []
            },
            "select": [
                false,
                [
                    [
                        0,
                        [
                            0,
                            [
                                0,
                                1,
                                false
                            ],
                            null
                        ]
                    ]
                ]
            ],
            "where": [
                [
                    false,
                    2,
                    [
                        0,
                        [
                            0,
                            2,
                            false
                        ],
                        null
                    ],
                    {
                        "from": {
                            "table_units": [
                                [
                                    "table_unit",
                                    0
                                ]
                            ],
                            "conds": []
                        },
                        "select": [
                            false,
                            [
                                [
                                    1,
                                    [
                                        0,
                                        [
                                            0,
                                            2,
                                            false
                                        ],
                                        null
                                    ]
                                ]
                            ]
                        ],
                        "where": [],
                        "groupBy": [],
                        "having": [],
                        "orderBy": [],
                        "limit": null,
                        "intersect": null,
                        "union": null,
                        "except": null
                    },
                    null
                ]
            ],
            "groupBy": [],
            "having": [],
            "orderBy": [],
            "limit": null,
            "intersect": null,
            "union": null,
            "except": null
        },
        "complexity": "hard",
        "query_len": 16
    },
    {
        "db_id": "network_2",
        "query": "SELECT name FROM Person WHERE age  =  (SELECT max(age) FROM person)",
        "query_toks": [
            "SELECT",
            "name",
            "FROM",
            "Person",
            "WHERE",
            "age",
            "=",
            "(",
            "SELECT",
            "max",
            "(",
            "age",
            ")",
            "FROM",
            "person",
            ")"
        ],
        "query_toks_no_value": [
            "select",
            "name",
            "from",
            "person",
            "where",
            "age",
            "=",
            "(",
            "select",
            "max",
            "(",
            "age",
            ")",
            "from",
            "person",
            ")"
        ],
        "question": "What is the name of the person who is the oldest?",
        "question_toks": [
            "What",
            "is",
            "the",
            "name",
            "of",
            "the",
            "person",
            "who",
            "is",
            "the",
            "oldest",
            "?"
        ],
        "sql": {
            "from": {
                "table_units": [
                    [
                        "table_unit",
                        0
                    ]
                ],
                "conds": []
            },
            "select": [
                false,
                [
                    [
                        0,
                        [
                            0,
                            [
                                0,
                                1,
                                false
                            ],
                            null
                        ]
                    ]
                ]
            ],
            "where": [
                [
                    false,
                    2,
                    [
                        0,
                        [
                            0,
                            2,
                            false
                        ],
                        null
                    ],
                    {
                        "from": {
                            "table_units": [
                                [
                                    "table_unit",
                                    0
                                ]
                            ],
                            "conds": []
                        },
                        "select": [
                            false,
                            [
                                [
                                    1,
                                    [
                                        0,
                                        [
                                            0,
                                            2,
                                            false
                                        ],
                                        null
                                    ]
                                ]
                            ]
                        ],
                        "where": [],
                        "groupBy": [],
                        "having": [],
                        "orderBy": [],
                        "limit": null,
                        "intersect": null,
                        "union": null,
                        "except": null
                    },
                    null
                ]
            ],
            "groupBy": [],
            "having": [],
            "orderBy": [],
            "limit": null,
            "intersect": null,
            "union": null,
            "except": null
        },
        "complexity": "hard",
        "query_len": 16
    },
    {
        "db_id": "network_2",
        "query": "SELECT count(*) FROM Person WHERE age  >  30 AND job  =  'engineer'",
        "query_toks": [
            "SELECT",
            "count",
            "(",
            "*",
            ")",
            "FROM",
            "Person",
            "WHERE",
            "age",
            ">",
            "30",
            "AND",
            "job",
            "=",
            "'engineer",
            "'"
        ],
        "query_toks_no_value": [
            "select",
            "count",
            "(",
            "*",
            ")",
            "from",
            "person",
            "where",
            "age",
            ">",
            "value",
            "and",
            "job",
            "=",
            "value"
        ],
        "question": "How many people whose age is greater 30 and job is engineer?",
        "question_toks": [
            "How",
            "many",
            "people",
            "whose",
            "age",
            "is",
            "greater",
            "30",
            "and",
            "job",
            "is",
            "engineer",
            "?"
        ],
        "sql": {
            "from": {
                "table_units": [
                    [
                        "table_unit",
                        0
                    ]
                ],
                "conds": []
            },
            "select": [
                false,
                [
                    [
                        3,
                        [
                            0,
                            [
                                0,
                                0,
                                false
                            ],
                            null
                        ]
                    ]
                ]
            ],
            "where": [
                [
                    false,
                    3,
                    [
                        0,
                        [
                            0,
                            2,
                            false
                        ],
                        null
                    ],
                    30.0,
                    null
                ],
                "and",
                [
                    false,
                    2,
                    [
                        0,
                        [
                            0,
                            5,
                            false
                        ],
                        null
                    ],
                    "\"engineer\"",
                    null
                ]
            ],
            "groupBy": [],
            "having": [],
            "orderBy": [],
            "limit": null,
            "intersect": null,
            "union": null,
            "except": null
        },
        "complexity": "medium",
        "query_len": 16
    },
    {
        "db_id": "network_2",
        "query": "SELECT count(*) ,  gender FROM Person WHERE age  <  40 GROUP BY gender",
        "query_toks": [
            "SELECT",
            "count",
            "(",
            "*",
            ")",
            ",",
            "gender",
            "FROM",
            "Person",
            "WHERE",
            "age",
            "<",
            "40",
            "GROUP",
            "BY",
            "gender"
        ],
        "query_toks_no_value": [
            "select",
            "count",
            "(",
            "*",
            ")",
            ",",
            "gender",
            "from",
            "person",
            "where",
            "age",
            "<",
            "value",
            "group",
            "by",
            "gender"
        ],
        "question": "Find the number of people who is under 40 for each gender.",
        "question_toks": [
            "Find",
            "the",
            "number",
            "of",
            "people",
            "who",
            "is",
            "under",
            "40",
            "for",
            "each",
            "gender",
            "."
        ],
        "sql": {
            "from": {
                "table_units": [
                    [
                        "table_unit",
                        0
                    ]
                ],
                "conds": []
            },
            "select": [
                false,
                [
                    [
                        3,
                        [
                            0,
                            [
                                0,
                                0,
                                false
                            ],
                            null
                        ]
                    ],
                    [
                        0,
                        [
                            0,
                            [
                                0,
                                4,
                                false
                            ],
                            null
                        ]
                    ]
                ]
            ],
            "where": [
                [
                    false,
                    4,
                    [
                        0,
                        [
                            0,
                            2,
                            false
                        ],
                        null
                    ],
                    40.0,
                    null
                ]
            ],
            "groupBy": [
                [
                    0,
                    4,
                    false
                ]
            ],
            "having": [],
            "orderBy": [],
            "limit": null,
            "intersect": null,
            "union": null,
            "except": null
        },
        "complexity": "medium",
        "query_len": 16
    },
    {
        "db_id": "network_2",
        "query": "SELECT count(*) ,  gender FROM Person WHERE age  <  40 GROUP BY gender",
        "query_toks": [
            "SELECT",
            "count",
            "(",
            "*",
            ")",
            ",",
            "gender",
            "FROM",
            "Person",
            "WHERE",
            "age",
            "<",
            "40",
            "GROUP",
            "BY",
            "gender"
        ],
        "query_toks_no_value": [
            "select",
            "count",
            "(",
            "*",
            ")",
            ",",
            "gender",
            "from",
            "person",
            "where",
            "age",
            "<",
            "value",
            "group",
            "by",
            "gender"
        ],
        "question": "How many people are under 40 for each gender?",
        "question_toks": [
            "How",
            "many",
            "people",
            "are",
            "under",
            "40",
            "for",
            "each",
            "gender",
            "?"
        ],
        "sql": {
            "from": {
                "table_units": [
                    [
                        "table_unit",
                        0
                    ]
                ],
                "conds": []
            },
            "select": [
                false,
                [
                    [
                        3,
                        [
                            0,
                            [
                                0,
                                0,
                                false
                            ],
                            null
                        ]
                    ],
                    [
                        0,
                        [
                            0,
                            [
                                0,
                                4,
                                false
                            ],
                            null
                        ]
                    ]
                ]
            ],
            "where": [
                [
                    false,
                    4,
                    [
                        0,
                        [
                            0,
                            2,
                            false
                        ],
                        null
                    ],
                    40.0,
                    null
                ]
            ],
            "groupBy": [
                [
                    0,
                    4,
                    false
                ]
            ],
            "having": [],
            "orderBy": [],
            "limit": null,
            "intersect": null,
            "union": null,
            "except": null
        },
        "complexity": "medium",
        "query_len": 16
    },
    {
        "db_id": "network_2",
        "query": "SELECT avg(age) ,  job FROM Person WHERE gender  =  'male' GROUP BY job",
        "query_toks": [
            "SELECT",
            "avg",
            "(",
            "age",
            ")",
            ",",
            "job",
            "FROM",
            "Person",
            "WHERE",
            "gender",
            "=",
            "'male",
            "'",
            "GROUP",
            "BY",
            "job"
        ],
        "query_toks_no_value": [
            "select",
            "avg",
            "(",
            "age",
            ")",
            ",",
            "job",
            "from",
            "person",
            "where",
            "gender",
            "=",
            "value",
            "group",
            "by",
            "job"
        ],
        "question": "What is the average age for a male in each job?",
        "question_toks": [
            "What",
            "is",
            "the",
            "average",
            "age",
            "for",
            "a",
            "male",
            "in",
            "each",
            "job",
            "?"
        ],
        "sql": {
            "from": {
                "table_units": [
                    [
                        "table_unit",
                        0
                    ]
                ],
                "conds": []
            },
            "select": [
                false,
                [
                    [
                        5,
                        [
                            0,
                            [
                                0,
                                2,
                                false
                            ],
                            null
                        ]
                    ],
                    [
                        0,
                        [
                            0,
                            [
                                0,
                                5,
                                false
                            ],
                            null
                        ]
                    ]
                ]
            ],
            "where": [
                [
                    false,
                    2,
                    [
                        0,
                        [
                            0,
                            4,
                            false
                        ],
                        null
                    ],
                    "\"male\"",
                    null
                ]
            ],
            "groupBy": [
                [
                    0,
                    5,
                    false
                ]
            ],
            "having": [],
            "orderBy": [],
            "limit": null,
            "intersect": null,
            "union": null,
            "except": null
        },
        "complexity": "medium",
        "query_len": 17
    },
    {
        "db_id": "network_2",
        "query": "SELECT name FROM Person WHERE age  >  (SELECT min(age) FROM person WHERE job  =  'engineer') ORDER BY age",
        "query_toks": [
            "SELECT",
            "name",
            "FROM",
            "Person",
            "WHERE",
            "age",
            ">",
            "(",
            "SELECT",
            "min",
            "(",
            "age",
            ")",
            "FROM",
            "person",
            "WHERE",
            "job",
            "=",
            "'engineer",
            "'",
            ")",
            "ORDER",
            "BY",
            "age"
        ],
        "query_toks_no_value": [
            "select",
            "name",
            "from",
            "person",
            "where",
            "age",
            ">",
            "(",
            "select",
            "min",
            "(",
            "age",
            ")",
            "from",
            "person",
            "where",
            "job",
            "=",
            "value",
            ")",
            "order",
            "by",
            "age"
        ],
        "question": "Find the name of people whose age is greater than any engineer sorted by their age.",
        "question_toks": [
            "Find",
            "the",
            "name",
            "of",
            "people",
            "whose",
            "age",
            "is",
            "greater",
            "than",
            "any",
            "engineer",
            "sorted",
            "by",
            "their",
            "age",
            "."
        ],
        "sql": {
            "from": {
                "table_units": [
                    [
                        "table_unit",
                        0
                    ]
                ],
                "conds": []
            },
            "select": [
                false,
                [
                    [
                        0,
                        [
                            0,
                            [
                                0,
                                1,
                                false
                            ],
                            null
                        ]
                    ]
                ]
            ],
            "where": [
                [
                    false,
                    3,
                    [
                        0,
                        [
                            0,
                            2,
                            false
                        ],
                        null
                    ],
                    {
                        "from": {
                            "table_units": [
                                [
                                    "table_unit",
                                    0
                                ]
                            ],
                            "conds": []
                        },
                        "select": [
                            false,
                            [
                                [
                                    2,
                                    [
                                        0,
                                        [
                                            0,
                                            2,
                                            false
                                        ],
                                        null
                                    ]
                                ]
                            ]
                        ],
                        "where": [
                            [
                                false,
                                2,
                                [
                                    0,
                                    [
                                        0,
                                        5,
                                        false
                                    ],
                                    null
                                ],
                                "\"engineer\"",
                                null
                            ]
                        ],
                        "groupBy": [],
                        "having": [],
                        "orderBy": [],
                        "limit": null,
                        "intersect": null,
                        "union": null,
                        "except": null
                    },
                    null
                ]
            ],
            "groupBy": [],
            "having": [],
            "orderBy": [
                "asc",
                [
                    [
                        0,
                        [
                            0,
                            2,
                            false
                        ],
                        null
                    ]
                ]
            ],
            "limit": null,
            "intersect": null,
            "union": null,
            "except": null
        },
        "complexity": "extra",
        "query_len": 24
    },
    {
        "db_id": "network_2",
        "query": "SELECT name FROM Person WHERE age  >  (SELECT min(age) FROM person WHERE job  =  'engineer') ORDER BY age",
        "query_toks": [
            "SELECT",
            "name",
            "FROM",
            "Person",
            "WHERE",
            "age",
            ">",
            "(",
            "SELECT",
            "min",
            "(",
            "age",
            ")",
            "FROM",
            "person",
            "WHERE",
            "job",
            "=",
            "'engineer",
            "'",
            ")",
            "ORDER",
            "BY",
            "age"
        ],
        "query_toks_no_value": [
            "select",
            "name",
            "from",
            "person",
            "where",
            "age",
            ">",
            "(",
            "select",
            "min",
            "(",
            "age",
            ")",
            "from",
            "person",
            "where",
            "job",
            "=",
            "value",
            ")",
            "order",
            "by",
            "age"
        ],
        "question": "What is the name of all the people who are older than at least one engineer? Order them by age.",
        "question_toks": [
            "What",
            "is",
            "the",
            "name",
            "of",
            "all",
            "the",
            "people",
            "who",
            "are",
            "older",
            "than",
            "at",
            "least",
            "one",
            "engineer",
            "?",
            "Order",
            "them",
            "by",
            "age",
            "."
        ],
        "sql": {
            "from": {
                "table_units": [
                    [
                        "table_unit",
                        0
                    ]
                ],
                "conds": []
            },
            "select": [
                false,
                [
                    [
                        0,
                        [
                            0,
                            [
                                0,
                                1,
                                false
                            ],
                            null
                        ]
                    ]
                ]
            ],
            "where": [
                [
                    false,
                    3,
                    [
                        0,
                        [
                            0,
                            2,
                            false
                        ],
                        null
                    ],
                    {
                        "from": {
                            "table_units": [
                                [
                                    "table_unit",
                                    0
                                ]
                            ],
                            "conds": []
                        },
                        "select": [
                            false,
                            [
                                [
                                    2,
                                    [
                                        0,
                                        [
                                            0,
                                            2,
                                            false
                                        ],
                                        null
                                    ]
                                ]
                            ]
                        ],
                        "where": [
                            [
                                false,
                                2,
                                [
                                    0,
                                    [
                                        0,
                                        5,
                                        false
                                    ],
                                    null
                                ],
                                "\"engineer\"",
                                null
                            ]
                        ],
                        "groupBy": [],
                        "having": [],
                        "orderBy": [],
                        "limit": null,
                        "intersect": null,
                        "union": null,
                        "except": null
                    },
                    null
                ]
            ],
            "groupBy": [],
            "having": [],
            "orderBy": [
                "asc",
                [
                    [
                        0,
                        [
                            0,
                            2,
                            false
                        ],
                        null
                    ]
                ]
            ],
            "limit": null,
            "intersect": null,
            "union": null,
            "except": null
        },
        "complexity": "extra",
        "query_len": 24
    },
    {
        "db_id": "network_2",
        "query": "SELECT count(*) FROM Person WHERE age  >  (SELECT max(age) FROM person WHERE job  =  'engineer')",
        "query_toks": [
            "SELECT",
            "count",
            "(",
            "*",
            ")",
            "FROM",
            "Person",
            "WHERE",
            "age",
            ">",
            "(",
            "SELECT",
            "max",
            "(",
            "age",
            ")",
            "FROM",
            "person",
            "WHERE",
            "job",
            "=",
            "'engineer",
            "'",
            ")"
        ],
        "query_toks_no_value": [
            "select",
            "count",
            "(",
            "*",
            ")",
            "from",
            "person",
            "where",
            "age",
            ">",
            "(",
            "select",
            "max",
            "(",
            "age",
            ")",
            "from",
            "person",
            "where",
            "job",
            "=",
            "value",
            ")"
        ],
        "question": "How many people are older than every engineer?",
        "question_toks": [
            "How",
            "many",
            "people",
            "are",
            "older",
            "than",
            "every",
            "engineer",
            "?"
        ],
        "sql": {
            "from": {
                "table_units": [
                    [
                        "table_unit",
                        0
                    ]
                ],
                "conds": []
            },
            "select": [
                false,
                [
                    [
                        3,
                        [
                            0,
                            [
                                0,
                                0,
                                false
                            ],
                            null
                        ]
                    ]
                ]
            ],
            "where": [
                [
                    false,
                    3,
                    [
                        0,
                        [
                            0,
                            2,
                            false
                        ],
                        null
                    ],
                    {
                        "from": {
                            "table_units": [
                                [
                                    "table_unit",
                                    0
                                ]
                            ],
                            "conds": []
                        },
                        "select": [
                            false,
                            [
                                [
                                    1,
                                    [
                                        0,
                                        [
                                            0,
                                            2,
                                            false
                                        ],
                                        null
                                    ]
                                ]
                            ]
                        ],
                        "where": [
                            [
                                false,
                                2,
                                [
                                    0,
                                    [
                                        0,
                                        5,
                                        false
                                    ],
                                    null
                                ],
                                "\"engineer\"",
                                null
                            ]
                        ],
                        "groupBy": [],
                        "having": [],
                        "orderBy": [],
                        "limit": null,
                        "intersect": null,
                        "union": null,
                        "except": null
                    },
                    null
                ]
            ],
            "groupBy": [],
            "having": [],
            "orderBy": [],
            "limit": null,
            "intersect": null,
            "union": null,
            "except": null
        },
        "complexity": "hard",
        "query_len": 24
    },
    {
        "db_id": "network_2",
        "query": "SELECT name FROM Person WHERE job  =  'student' AND age  =  (SELECT max(age) FROM person WHERE job  =  'student' )",
        "query_toks": [
            "SELECT",
            "name",
            "FROM",
            "Person",
            "WHERE",
            "job",
            "=",
            "'student",
            "'",
            "AND",
            "age",
            "=",
            "(",
            "SELECT",
            "max",
            "(",
            "age",
            ")",
            "FROM",
            "person",
            "WHERE",
            "job",
            "=",
            "'student",
            "'",
            ")"
        ],
        "query_toks_no_value": [
            "select",
            "name",
            "from",
            "person",
            "where",
            "job",
            "=",
            "value",
            "and",
            "age",
            "=",
            "(",
            "select",
            "max",
            "(",
            "age",
            ")",
            "from",
            "person",
            "where",
            "job",
            "=",
            "value",
            ")"
        ],
        "question": "Who is the oldest person whose job is student?",
        "question_toks": [
            "Who",
            "is",
            "the",
            "oldest",
            "person",
            "whose",
            "job",
            "is",
            "student",
            "?"
        ],
        "sql": {
            "from": {
                "table_units": [
                    [
                        "table_unit",
                        0
                    ]
                ],
                "conds": []
            },
            "select": [
                false,
                [
                    [
                        0,
                        [
                            0,
                            [
                                0,
                                1,
                                false
                            ],
                            null
                        ]
                    ]
                ]
            ],
            "where": [
                [
                    false,
                    2,
                    [
                        0,
                        [
                            0,
                            5,
                            false
                        ],
                        null
                    ],
                    "\"student\"",
                    null
                ],
                "and",
                [
                    false,
                    2,
                    [
                        0,
                        [
                            0,
                            2,
                            false
                        ],
                        null
                    ],
                    {
                        "from": {
                            "table_units": [
                                [
                                    "table_unit",
                                    0
                                ]
                            ],
                            "conds": []
                        },
                        "select": [
                            false,
                            [
                                [
                                    1,
                                    [
                                        0,
                                        [
                                            0,
                                            2,
                                            false
                                        ],
                                        null
                                    ]
                                ]
                            ]
                        ],
                        "where": [
                            [
                                false,
                                2,
                                [
                                    0,
                                    [
                                        0,
                                        5,
                                        false
                                    ],
                                    null
                                ],
                                "\"student\"",
                                null
                            ]
                        ],
                        "groupBy": [],
                        "having": [],
                        "orderBy": [],
                        "limit": null,
                        "intersect": null,
                        "union": null,
                        "except": null
                    },
                    null
                ]
            ],
            "groupBy": [],
            "having": [],
            "orderBy": [],
            "limit": null,
            "intersect": null,
            "union": null,
            "except": null
        },
        "complexity": "extra",
        "query_len": 26
    },
    {
        "db_id": "network_2",
        "query": "SELECT name FROM Person WHERE job  =  'student' AND age  =  (SELECT max(age) FROM person WHERE job  =  'student' )",
        "query_toks": [
            "SELECT",
            "name",
            "FROM",
            "Person",
            "WHERE",
            "job",
            "=",
            "'student",
            "'",
            "AND",
            "age",
            "=",
            "(",
            "SELECT",
            "max",
            "(",
            "age",
            ")",
            "FROM",
            "person",
            "WHERE",
            "job",
            "=",
            "'student",
            "'",
            ")"
        ],
        "query_toks_no_value": [
            "select",
            "name",
            "from",
            "person",
            "where",
            "job",
            "=",
            "value",
            "and",
            "age",
            "=",
            "(",
            "select",
            "max",
            "(",
            "age",
            ")",
            "from",
            "person",
            "where",
            "job",
            "=",
            "value",
            ")"
        ],
        "question": "What is the name of the oldest student?",
        "question_toks": [
            "What",
            "is",
            "the",
            "name",
            "of",
            "the",
            "oldest",
            "student",
            "?"
        ],
        "sql": {
            "from": {
                "table_units": [
                    [
                        "table_unit",
                        0
                    ]
                ],
                "conds": []
            },
            "select": [
                false,
                [
                    [
                        0,
                        [
                            0,
                            [
                                0,
                                1,
                                false
                            ],
                            null
                        ]
                    ]
                ]
            ],
            "where": [
                [
                    false,
                    2,
                    [
                        0,
                        [
                            0,
                            5,
                            false
                        ],
                        null
                    ],
                    "\"student\"",
                    null
                ],
                "and",
                [
                    false,
                    2,
                    [
                        0,
                        [
                            0,
                            2,
                            false
                        ],
                        null
                    ],
                    {
                        "from": {
                            "table_units": [
                                [
                                    "table_unit",
                                    0
                                ]
                            ],
                            "conds": []
                        },
                        "select": [
                            false,
                            [
                                [
                                    1,
                                    [
                                        0,
                                        [
                                            0,
                                            2,
                                            false
                                        ],
                                        null
                                    ]
                                ]
                            ]
                        ],
                        "where": [
                            [
                                false,
                                2,
                                [
                                    0,
                                    [
                                        0,
                                        5,
                                        false
                                    ],
                                    null
                                ],
                                "\"student\"",
                                null
                            ]
                        ],
                        "groupBy": [],
                        "having": [],
                        "orderBy": [],
                        "limit": null,
                        "intersect": null,
                        "union": null,
                        "except": null
                    },
                    null
                ]
            ],
            "groupBy": [],
            "having": [],
            "orderBy": [],
            "limit": null,
            "intersect": null,
            "union": null,
            "except": null
        },
        "complexity": "extra",
        "query_len": 26
    },
    {
        "db_id": "network_2",
        "query": "SELECT name FROM Person WHERE gender  =  'male' AND age  =  (SELECT min(age) FROM person WHERE gender  =  'male' )",
        "query_toks": [
            "SELECT",
            "name",
            "FROM",
            "Person",
            "WHERE",
            "gender",
            "=",
            "'male",
            "'",
            "AND",
            "age",
            "=",
            "(",
            "SELECT",
            "min",
            "(",
            "age",
            ")",
            "FROM",
            "person",
            "WHERE",
            "gender",
            "=",
            "'male",
            "'",
            ")"
        ],
        "query_toks_no_value": [
            "select",
            "name",
            "from",
            "person",
            "where",
            "gender",
            "=",
            "value",
            "and",
            "age",
            "=",
            "(",
            "select",
            "min",
            "(",
            "age",
            ")",
            "from",
            "person",
            "where",
            "gender",
            "=",
            "value",
            ")"
        ],
        "question": "Who is the youngest male?",
        "question_toks": [
            "Who",
            "is",
            "the",
            "youngest",
            "male",
            "?"
        ],
        "sql": {
            "from": {
                "table_units": [
                    [
                        "table_unit",
                        0
                    ]
                ],
                "conds": []
            },
            "select": [
                false,
                [
                    [
                        0,
                        [
                            0,
                            [
                                0,
                                1,
                                false
                            ],
                            null
                        ]
                    ]
                ]
            ],
            "where": [
                [
                    false,
                    2,
                    [
                        0,
                        [
                            0,
                            4,
                            false
                        ],
                        null
                    ],
                    "\"male\"",
                    null
                ],
                "and",
                [
                    false,
                    2,
                    [
                        0,
                        [
                            0,
                            2,
                            false
                        ],
                        null
                    ],
                    {
                        "from": {
                            "table_units": [
                                [
                                    "table_unit",
                                    0
                                ]
                            ],
                            "conds": []
                        },
                        "select": [
                            false,
                            [
                                [
                                    2,
                                    [
                                        0,
                                        [
                                            0,
                                            2,
                                            false
                                        ],
                                        null
                                    ]
                                ]
                            ]
                        ],
                        "where": [
                            [
                                false,
                                2,
                                [
                                    0,
                                    [
                                        0,
                                        4,
                                        false
                                    ],
                                    null
                                ],
                                "\"male\"",
                                null
                            ]
                        ],
                        "groupBy": [],
                        "having": [],
                        "orderBy": [],
                        "limit": null,
                        "intersect": null,
                        "union": null,
                        "except": null
                    },
                    null
                ]
            ],
            "groupBy": [],
            "having": [],
            "orderBy": [],
            "limit": null,
            "intersect": null,
            "union": null,
            "except": null
        },
        "complexity": "extra",
        "query_len": 26
    }
]