[
    {
        "db_id": "performance_attendance",
        "query": "SELECT count(*) FROM performance",
        "query_toks": [
            "SELECT",
            "count",
            "(",
            "*",
            ")",
            "FROM",
            "performance"
        ],
        "query_toks_no_value": [
            "select",
            "count",
            "(",
            "*",
            ")",
            "from",
            "performance"
        ],
        "question": "How many performances are there?",
        "question_toks": [
            "How",
            "many",
            "performances",
            "are",
            "there",
            "?"
        ],
        "sql": {
            "from": {
                "table_units": [
                    [
                        "table_unit",
                        1
                    ]
                ],
                "conds": []
            },
            "select": [
                false,
                [
                    [
                        3,
                        [
                            0,
                            [
                                0,
                                0,
                                false
                            ],
                            null
                        ]
                    ]
                ]
            ],
            "where": [],
            "groupBy": [],
            "having": [],
            "orderBy": [],
            "limit": null,
            "intersect": null,
            "union": null,
            "except": null
        },
        "complexity": "easy",
        "query_len": 7
    },
    {
        "db_id": "performance_attendance",
        "query": "SELECT avg(Attendance) FROM performance",
        "query_toks": [
            "SELECT",
            "avg",
            "(",
            "Attendance",
            ")",
            "FROM",
            "performance"
        ],
        "query_toks_no_value": [
            "select",
            "avg",
            "(",
            "attendance",
            ")",
            "from",
            "performance"
        ],
        "question": "What is the average number of attendees for performances?",
        "question_toks": [
            "What",
            "is",
            "the",
            "average",
            "number",
            "of",
            "attendees",
            "for",
            "performances",
            "?"
        ],
        "sql": {
            "from": {
                "table_units": [
                    [
                        "table_unit",
                        1
                    ]
                ],
                "conds": []
            },
            "select": [
                false,
                [
                    [
                        5,
                        [
                            0,
                            [
                                0,
                                9,
                                false
                            ],
                            null
                        ]
                    ]
                ]
            ],
            "where": [],
            "groupBy": [],
            "having": [],
            "orderBy": [],
            "limit": null,
            "intersect": null,
            "union": null,
            "except": null
        },
        "complexity": "easy",
        "query_len": 7
    },
    {
        "db_id": "performance_attendance",
        "query": "SELECT HOST FROM performance ORDER BY Attendance ASC",
        "query_toks": [
            "SELECT",
            "HOST",
            "FROM",
            "performance",
            "ORDER",
            "BY",
            "Attendance",
            "ASC"
        ],
        "query_toks_no_value": [
            "select",
            "host",
            "from",
            "performance",
            "order",
            "by",
            "attendance",
            "asc"
        ],
        "question": "List the hosts of performances in ascending order of attendance.",
        "question_toks": [
            "List",
            "the",
            "hosts",
            "of",
            "performances",
            "in",
            "ascending",
            "order",
            "of",
            "attendance",
            "."
        ],
        "sql": {
            "from": {
                "table_units": [
                    [
                        "table_unit",
                        1
                    ]
                ],
                "conds": []
            },
            "select": [
                false,
                [
                    [
                        0,
                        [
                            0,
                            [
                                0,
                                7,
                                false
                            ],
                            null
                        ]
                    ]
                ]
            ],
            "where": [],
            "groupBy": [],
            "having": [],
            "orderBy": [
                "asc",
                [
                    [
                        0,
                        [
                            0,
                            9,
                            false
                        ],
                        null
                    ]
                ]
            ],
            "limit": null,
            "intersect": null,
            "union": null,
            "except": null
        },
        "complexity": "easy",
        "query_len": 8
    },
    {
        "db_id": "performance_attendance",
        "query": "SELECT Date FROM performance ORDER BY Attendance DESC LIMIT 1",
        "query_toks": [
            "SELECT",
            "Date",
            "FROM",
            "performance",
            "ORDER",
            "BY",
            "Attendance",
            "DESC",
            "LIMIT",
            "1"
        ],
        "query_toks_no_value": [
            "select",
            "date",
            "from",
            "performance",
            "order",
            "by",
            "attendance",
            "desc",
            "limit",
            "value"
        ],
        "question": "What is the date of the performance with the highest number of attendees?",
        "question_toks": [
            "What",
            "is",
            "the",
            "date",
            "of",
            "the",
            "performance",
            "with",
            "the",
            "highest",
            "number",
            "of",
            "attendees",
            "?"
        ],
        "sql": {
            "from": {
                "table_units": [
                    [
                        "table_unit",
                        1
                    ]
                ],
                "conds": []
            },
            "select": [
                false,
                [
                    [
                        0,
                        [
                            0,
                            [
                                0,
                                6,
                                false
                            ],
                            null
                        ]
                    ]
                ]
            ],
            "where": [],
            "groupBy": [],
            "having": [],
            "orderBy": [
                "desc",
                [
                    [
                        0,
                        [
                            0,
                            9,
                            false
                        ],
                        null
                    ]
                ]
            ],
            "limit": 1,
            "intersect": null,
            "union": null,
            "except": null
        },
        "complexity": "medium",
        "query_len": 10
    },
    {
        "db_id": "performance_attendance",
        "query": "SELECT Name FROM member WHERE Member_ID NOT IN (SELECT Member_ID FROM member_attendance)",
        "query_toks": [
            "SELECT",
            "Name",
            "FROM",
            "member",
            "WHERE",
            "Member_ID",
            "NOT",
            "IN",
            "(",
            "SELECT",
            "Member_ID",
            "FROM",
            "member_attendance",
            ")"
        ],
        "query_toks_no_value": [
            "select",
            "name",
            "from",
            "member",
            "where",
            "member_id",
            "not",
            "in",
            "(",
            "select",
            "member_id",
            "from",
            "member_attendance",
            ")"
        ],
        "question": "List the names of members who did not attend any performance.",
        "question_toks": [
            "List",
            "the",
            "names",
            "of",
            "members",
            "who",
            "did",
            "not",
            "attend",
            "any",
            "performance",
            "."
        ],
        "sql": {
            "from": {
                "table_units": [
                    [
                        "table_unit",
                        0
                    ]
                ],
                "conds": []
            },
            "select": [
                false,
                [
                    [
                        0,
                        [
                            0,
                            [
                                0,
                                2,
                                false
                            ],
                            null
                        ]
                    ]
                ]
            ],
            "where": [
                [
                    true,
                    8,
                    [
                        0,
                        [
                            0,
                            1,
                            false
                        ],
                        null
                    ],
                    {
                        "from": {
                            "table_units": [
                                [
                                    "table_unit",
                                    2
                                ]
                            ],
                            "conds": []
                        },
                        "select": [
                            false,
                            [
                                [
                                    0,
                                    [
                                        0,
                                        [
                                            0,
                                            10,
                                            false
                                        ],
                                        null
                                    ]
                                ]
                            ]
                        ],
                        "where": [],
                        "groupBy": [],
                        "having": [],
                        "orderBy": [],
                        "limit": null,
                        "intersect": null,
                        "union": null,
                        "except": null
                    },
                    null
                ]
            ],
            "groupBy": [],
            "having": [],
            "orderBy": [],
            "limit": null,
            "intersect": null,
            "union": null,
            "except": null
        },
        "complexity": "hard",
        "query_len": 14
    },
    {
        "db_id": "performance_attendance",
        "query": "SELECT LOCATION FROM performance GROUP BY LOCATION HAVING COUNT(*)  >=  2",
        "query_toks": [
            "SELECT",
            "LOCATION",
            "FROM",
            "performance",
            "GROUP",
            "BY",
            "LOCATION",
            "HAVING",
            "COUNT",
            "(",
            "*",
            ")",
            ">",
            "=",
            "2"
        ],
        "query_toks_no_value": [
            "select",
            "location",
            "from",
            "performance",
            "group",
            "by",
            "location",
            "having",
            "count",
            "(",
            "*",
            ")",
            ">",
            "=",
            "value"
        ],
        "question": "Show the locations that have at least two performances.",
        "question_toks": [
            "Show",
            "the",
            "locations",
            "that",
            "have",
            "at",
            "least",
            "two",
            "performances",
            "."
        ],
        "sql": {
            "from": {
                "table_units": [
                    [
                        "table_unit",
                        1
                    ]
                ],
                "conds": []
            },
            "select": [
                false,
                [
                    [
                        0,
                        [
                            0,
                            [
                                0,
                                8,
                                false
                            ],
                            null
                        ]
                    ]
                ]
            ],
            "where": [],
            "groupBy": [
                [
                    0,
                    8,
                    false
                ]
            ],
            "having": [
                [
                    false,
                    5,
                    [
                        0,
                        [
                            3,
                            0,
                            false
                        ],
                        null
                    ],
                    2.0,
                    null
                ]
            ],
            "orderBy": [],
            "limit": null,
            "intersect": null,
            "union": null,
            "except": null
        },
        "complexity": "easy",
        "query_len": 15
    },
    {
        "db_id": "performance_attendance",
        "query": "SELECT LOCATION FROM performance GROUP BY LOCATION ORDER BY COUNT(*) DESC LIMIT 1",
        "query_toks": [
            "SELECT",
            "LOCATION",
            "FROM",
            "performance",
            "GROUP",
            "BY",
            "LOCATION",
            "ORDER",
            "BY",
            "COUNT",
            "(",
            "*",
            ")",
            "DESC",
            "LIMIT",
            "1"
        ],
        "query_toks_no_value": [
            "select",
            "location",
            "from",
            "performance",
            "group",
            "by",
            "location",
            "order",
            "by",
            "count",
            "(",
            "*",
            ")",
            "desc",
            "limit",
            "value"
        ],
        "question": "Show the most common location of performances.",
        "question_toks": [
            "Show",
            "the",
            "most",
            "common",
            "location",
            "of",
            "performances",
            "."
        ],
        "sql": {
            "from": {
                "table_units": [
                    [
                        "table_unit",
                        1
                    ]
                ],
                "conds": []
            },
            "select": [
                false,
                [
                    [
                        0,
                        [
                            0,
                            [
                                0,
                                8,
                                false
                            ],
                            null
                        ]
                    ]
                ]
            ],
            "where": [],
            "groupBy": [
                [
                    0,
                    8,
                    false
                ]
            ],
            "having": [],
            "orderBy": [
                "desc",
                [
                    [
                        0,
                        [
                            3,
                            0,
                            false
                        ],
                        null
                    ]
                ]
            ],
            "limit": 1,
            "intersect": null,
            "union": null,
            "except": null
        },
        "complexity": "hard",
        "query_len": 16
    },
    {
        "db_id": "performance_attendance",
        "query": "SELECT Attendance FROM performance WHERE LOCATION  =  \"TD Garden\" OR LOCATION  =  \"Bell Centre\"",
        "query_toks": [
            "SELECT",
            "Attendance",
            "FROM",
            "performance",
            "WHERE",
            "LOCATION",
            "=",
            "``",
            "TD",
            "Garden",
            "''",
            "OR",
            "LOCATION",
            "=",
            "``",
            "Bell",
            "Centre",
            "''"
        ],
        "query_toks_no_value": [
            "select",
            "attendance",
            "from",
            "performance",
            "where",
            "location",
            "=",
            "value",
            "or",
            "location",
            "=",
            "value"
        ],
        "question": "Show the attendances of the performances at location \"TD Garden\" or \"Bell Centre\"",
        "question_toks": [
            "Show",
            "the",
            "attendances",
            "of",
            "the",
            "performances",
            "at",
            "location",
            "``",
            "TD",
            "Garden",
            "''",
            "or",
            "``",
            "Bell",
            "Centre",
            "''"
        ],
        "sql": {
            "from": {
                "table_units": [
                    [
                        "table_unit",
                        1
                    ]
                ],
                "conds": []
            },
            "select": [
                false,
                [
                    [
                        0,
                        [
                            0,
                            [
                                0,
                                9,
                                false
                            ],
                            null
                        ]
                    ]
                ]
            ],
            "where": [
                [
                    false,
                    2,
                    [
                        0,
                        [
                            0,
                            8,
                            false
                        ],
                        null
                    ],
                    "\"TD Garden\"",
                    null
                ],
                "or",
                [
                    false,
                    2,
                    [
                        0,
                        [
                            0,
                            8,
                            false
                        ],
                        null
                    ],
                    "\"Bell Centre\"",
                    null
                ]
            ],
            "groupBy": [],
            "having": [],
            "orderBy": [],
            "limit": null,
            "intersect": null,
            "union": null,
            "except": null
        },
        "complexity": "medium",
        "query_len": 18
    },
    {
        "db_id": "performance_attendance",
        "query": "SELECT T2.Name ,  T3.Location FROM member_attendance AS T1 JOIN member AS T2 ON T1.Member_ID  =  T2.Member_ID JOIN performance AS T3 ON T1.Performance_ID  =  T3.Performance_ID",
        "query_toks": [
            "SELECT",
            "T2.Name",
            ",",
            "T3.Location",
            "FROM",
            "member_attendance",
            "AS",
            "T1",
            "JOIN",
            "member",
            "AS",
            "T2",
            "ON",
            "T1.Member_ID",
            "=",
            "T2.Member_ID",
            "JOIN",
            "performance",
            "AS",
            "T3",
            "ON",
            "T1.Performance_ID",
            "=",
            "T3.Performance_ID"
        ],
        "query_toks_no_value": [
            "select",
            "t2",
            ".",
            "name",
            ",",
            "t3",
            ".",
            "location",
            "from",
            "member_attendance",
            "as",
            "t1",
            "join",
            "member",
            "as",
            "t2",
            "on",
            "t1",
            ".",
            "member_id",
            "=",
            "t2",
            ".",
            "member_id",
            "join",
            "performance",
            "as",
            "t3",
            "on",
            "t1",
            ".",
            "performance_id",
            "=",
            "t3",
            ".",
            "performance_id"
        ],
        "question": "Show the names of members and the location of the performances they attended.",
        "question_toks": [
            "Show",
            "the",
            "names",
            "of",
            "members",
            "and",
            "the",
            "location",
            "of",
            "the",
            "performances",
            "they",
            "attended",
            "."
        ],
        "sql": {
            "from": {
                "table_units": [
                    [
                        "table_unit",
                        2
                    ],
                    [
                        "table_unit",
                        0
                    ],
                    [
                        "table_unit",
                        1
                    ]
                ],
                "conds": [
                    [
                        false,
                        2,
                        [
                            0,
                            [
                                0,
                                10,
                                false
                            ],
                            null
                        ],
                        [
                            0,
                            1,
                            false
                        ],
                        null
                    ],
                    "and",
                    [
                        false,
                        2,
                        [
                            0,
                            [
                                0,
                                11,
                                false
                            ],
                            null
                        ],
                        [
                            0,
                            5,
                            false
                        ],
                        null
                    ]
                ]
            },
            "select": [
                false,
                [
                    [
                        0,
                        [
                            0,
                            [
                                0,
                                2,
                                false
                            ],
                            null
                        ]
                    ],
                    [
                        0,
                        [
                            0,
                            [
                                0,
                                8,
                                false
                            ],
                            null
                        ]
                    ]
                ]
            ],
            "where": [],
            "groupBy": [],
            "having": [],
            "orderBy": [],
            "limit": null,
            "intersect": null,
            "union": null,
            "except": null
        },
        "complexity": "medium",
        "query_len": 24
    },
    {
        "db_id": "performance_attendance",
        "query": "SELECT T2.Name ,  T3.Location FROM member_attendance AS T1 JOIN member AS T2 ON T1.Member_ID  =  T2.Member_ID JOIN performance AS T3 ON T1.Performance_ID  =  T3.Performance_ID ORDER BY T2.Name ASC",
        "query_toks": [
            "SELECT",
            "T2.Name",
            ",",
            "T3.Location",
            "FROM",
            "member_attendance",
            "AS",
            "T1",
            "JOIN",
            "member",
            "AS",
            "T2",
            "ON",
            "T1.Member_ID",
            "=",
            "T2.Member_ID",
            "JOIN",
            "performance",
            "AS",
            "T3",
            "ON",
            "T1.Performance_ID",
            "=",
            "T3.Performance_ID",
            "ORDER",
            "BY",
            "T2.Name",
            "ASC"
        ],
        "query_toks_no_value": [
            "select",
            "t2",
            ".",
            "name",
            ",",
            "t3",
            ".",
            "location",
            "from",
            "member_attendance",
            "as",
            "t1",
            "join",
            "member",
            "as",
            "t2",
            "on",
            "t1",
            ".",
            "member_id",
            "=",
            "t2",
            ".",
            "member_id",
            "join",
            "performance",
            "as",
            "t3",
            "on",
            "t1",
            ".",
            "performance_id",
            "=",
            "t3",
            ".",
            "performance_id",
            "order",
            "by",
            "t2",
            ".",
            "name",
            "asc"
        ],
        "question": "Show the names of members and the location of performances they attended in ascending alphabetical order of their names.",
        "question_toks": [
            "Show",
            "the",
            "names",
            "of",
            "members",
            "and",
            "the",
            "location",
            "of",
            "performances",
            "they",
            "attended",
            "in",
            "ascending",
            "alphabetical",
            "order",
            "of",
            "their",
            "names",
            "."
        ],
        "sql": {
            "from": {
                "table_units": [
                    [
                        "table_unit",
                        2
                    ],
                    [
                        "table_unit",
                        0
                    ],
                    [
                        "table_unit",
                        1
                    ]
                ],
                "conds": [
                    [
                        false,
                        2,
                        [
                            0,
                            [
                                0,
                                10,
                                false
                            ],
                            null
                        ],
                        [
                            0,
                            1,
                            false
                        ],
                        null
                    ],
                    "and",
                    [
                        false,
                        2,
                        [
                            0,
                            [
                                0,
                                11,
                                false
                            ],
                            null
                        ],
                        [
                            0,
                            5,
                            false
                        ],
                        null
                    ]
                ]
            },
            "select": [
                false,
                [
                    [
                        0,
                        [
                            0,
                            [
                                0,
                                2,
                                false
                            ],
                            null
                        ]
                    ],
                    [
                        0,
                        [
                            0,
                            [
                                0,
                                8,
                                false
                            ],
                            null
                        ]
                    ]
                ]
            ],
            "where": [],
            "groupBy": [],
            "having": [],
            "orderBy": [
                "asc",
                [
                    [
                        0,
                        [
                            0,
                            2,
                            false
                        ],
                        null
                    ]
                ]
            ],
            "limit": null,
            "intersect": null,
            "union": null,
            "except": null
        },
        "complexity": "hard",
        "query_len": 28
    },
    {
        "db_id": "performance_attendance",
        "query": "SELECT T3.Date FROM member_attendance AS T1 JOIN member AS T2 ON T1.Member_ID  =  T2.Member_ID JOIN performance AS T3 ON T1.Performance_ID  =  T3.Performance_ID WHERE T2.Role  =  \"Violin\"",
        "query_toks": [
            "SELECT",
            "T3.Date",
            "FROM",
            "member_attendance",
            "AS",
            "T1",
            "JOIN",
            "member",
            "AS",
            "T2",
            "ON",
            "T1.Member_ID",
            "=",
            "T2.Member_ID",
            "JOIN",
            "performance",
            "AS",
            "T3",
            "ON",
            "T1.Performance_ID",
            "=",
            "T3.Performance_ID",
            "WHERE",
            "T2.Role",
            "=",
            "``",
            "Violin",
            "''"
        ],
        "query_toks_no_value": [
            "select",
            "t3",
            ".",
            "date",
            "from",
            "member_attendance",
            "as",
            "t1",
            "join",
            "member",
            "as",
            "t2",
            "on",
            "t1",
            ".",
            "member_id",
            "=",
            "t2",
            ".",
            "member_id",
            "join",
            "performance",
            "as",
            "t3",
            "on",
            "t1",
            ".",
            "performance_id",
            "=",
            "t3",
            ".",
            "performance_id",
            "where",
            "t2",
            ".",
            "role",
            "=",
            "value"
        ],
        "question": "Show the dates of performances with attending members whose roles are \"Violin\".",
        "question_toks": [
            "Show",
            "the",
            "dates",
            "of",
            "performances",
            "with",
            "attending",
            "members",
            "whose",
            "roles",
            "are",
            "``",
            "Violin",
            "''",
            "."
        ],
        "sql": {
            "from": {
                "table_units": [
                    [
                        "table_unit",
                        2
                    ],
                    [
                        "table_unit",
                        0
                    ],
                    [
                        "table_unit",
                        1
                    ]
                ],
                "conds": [
                    [
                        false,
                        2,
                        [
                            0,
                            [
                                0,
                                10,
                                false
                            ],
                            null
                        ],
                        [
                            0,
                            1,
                            false
                        ],
                        null
                    ],
                    "and",
                    [
                        false,
                        2,
                        [
                            0,
                            [
                                0,
                                11,
                                false
                            ],
                            null
                        ],
                        [
                            0,
                            5,
                            false
                        ],
                        null
                    ]
                ]
            },
            "select": [
                false,
                [
                    [
                        0,
                        [
                            0,
                            [
                                0,
                                6,
                                false
                            ],
                            null
                        ]
                    ]
                ]
            ],
            "where": [
                [
                    false,
                    2,
                    [
                        0,
                        [
                            0,
                            4,
                            false
                        ],
                        null
                    ],
                    "\"Violin\"",
                    null
                ]
            ],
            "groupBy": [],
            "having": [],
            "orderBy": [],
            "limit": null,
            "intersect": null,
            "union": null,
            "except": null
        },
        "complexity": "hard",
        "query_len": 28
    }
]