[
    {
        "db_id": "phone_market",
        "query": "SELECT Memory_in_G ,  Carrier FROM phone",
        "query_toks": [
            "SELECT",
            "Memory_in_G",
            ",",
            "Carrier",
            "FROM",
            "phone"
        ],
        "query_toks_no_value": [
            "select",
            "memory_in_g",
            ",",
            "carrier",
            "from",
            "phone"
        ],
        "question": "What are the memories and carriers of phones?",
        "question_toks": [
            "What",
            "are",
            "the",
            "memories",
            "and",
            "carriers",
            "of",
            "phones",
            "?"
        ],
        "sql": {
            "from": {
                "table_units": [
                    [
                        "table_unit",
                        0
                    ]
                ],
                "conds": []
            },
            "select": [
                false,
                [
                    [
                        0,
                        [
                            0,
                            [
                                0,
                                3,
                                false
                            ],
                            null
                        ]
                    ],
                    [
                        0,
                        [
                            0,
                            [
                                0,
                                4,
                                false
                            ],
                            null
                        ]
                    ]
                ]
            ],
            "where": [],
            "groupBy": [],
            "having": [],
            "orderBy": [],
            "limit": null,
            "intersect": null,
            "union": null,
            "except": null
        },
        "complexity": "medium",
        "query_len": 6
    },
    {
        "db_id": "phone_market",
        "query": "SELECT count(*) FROM phone",
        "query_toks": [
            "SELECT",
            "count",
            "(",
            "*",
            ")",
            "FROM",
            "phone"
        ],
        "query_toks_no_value": [
            "select",
            "count",
            "(",
            "*",
            ")",
            "from",
            "phone"
        ],
        "question": "How many phones are there?",
        "question_toks": [
            "How",
            "many",
            "phones",
            "are",
            "there",
            "?"
        ],
        "sql": {
            "from": {
                "table_units": [
                    [
                        "table_unit",
                        0
                    ]
                ],
                "conds": []
            },
            "select": [
                false,
                [
                    [
                        3,
                        [
                            0,
                            [
                                0,
                                0,
                                false
                            ],
                            null
                        ]
                    ]
                ]
            ],
            "where": [],
            "groupBy": [],
            "having": [],
            "orderBy": [],
            "limit": null,
            "intersect": null,
            "union": null,
            "except": null
        },
        "complexity": "easy",
        "query_len": 7
    },
    {
        "db_id": "phone_market",
        "query": "SELECT Name FROM phone ORDER BY Price ASC",
        "query_toks": [
            "SELECT",
            "Name",
            "FROM",
            "phone",
            "ORDER",
            "BY",
            "Price",
            "ASC"
        ],
        "query_toks_no_value": [
            "select",
            "name",
            "from",
            "phone",
            "order",
            "by",
            "price",
            "asc"
        ],
        "question": "List the names of phones in ascending order of price.",
        "question_toks": [
            "List",
            "the",
            "names",
            "of",
            "phones",
            "in",
            "ascending",
            "order",
            "of",
            "price",
            "."
        ],
        "sql": {
            "from": {
                "table_units": [
                    [
                        "table_unit",
                        0
                    ]
                ],
                "conds": []
            },
            "select": [
                false,
                [
                    [
                        0,
                        [
                            0,
                            [
                                0,
                                1,
                                false
                            ],
                            null
                        ]
                    ]
                ]
            ],
            "where": [],
            "groupBy": [],
            "having": [],
            "orderBy": [
                "asc",
                [
                    [
                        0,
                        [
                            0,
                            5,
                            false
                        ],
                        null
                    ]
                ]
            ],
            "limit": null,
            "intersect": null,
            "union": null,
            "except": null
        },
        "complexity": "easy",
        "query_len": 8
    },
    {
        "db_id": "phone_market",
        "query": "SELECT DISTINCT Carrier FROM phone WHERE Memory_in_G  >  32",
        "query_toks": [
            "SELECT",
            "DISTINCT",
            "Carrier",
            "FROM",
            "phone",
            "WHERE",
            "Memory_in_G",
            ">",
            "32"
        ],
        "query_toks_no_value": [
            "select",
            "distinct",
            "carrier",
            "from",
            "phone",
            "where",
            "memory_in_g",
            ">",
            "value"
        ],
        "question": "List the distinct carriers of phones with memories bigger than 32.",
        "question_toks": [
            "List",
            "the",
            "distinct",
            "carriers",
            "of",
            "phones",
            "with",
            "memories",
            "bigger",
            "than",
            "32",
            "."
        ],
        "sql": {
            "from": {
                "table_units": [
                    [
                        "table_unit",
                        0
                    ]
                ],
                "conds": []
            },
            "select": [
                true,
                [
                    [
                        0,
                        [
                            0,
                            [
                                0,
                                4,
                                false
                            ],
                            null
                        ]
                    ]
                ]
            ],
            "where": [
                [
                    false,
                    3,
                    [
                        0,
                        [
                            0,
                            3,
                            false
                        ],
                        null
                    ],
                    32.0,
                    null
                ]
            ],
            "groupBy": [],
            "having": [],
            "orderBy": [],
            "limit": null,
            "intersect": null,
            "union": null,
            "except": null
        },
        "complexity": "easy",
        "query_len": 9
    },
    {
        "db_id": "phone_market",
        "query": "SELECT Carrier FROM phone ORDER BY Price DESC LIMIT 1",
        "query_toks": [
            "SELECT",
            "Carrier",
            "FROM",
            "phone",
            "ORDER",
            "BY",
            "Price",
            "DESC",
            "LIMIT",
            "1"
        ],
        "query_toks_no_value": [
            "select",
            "carrier",
            "from",
            "phone",
            "order",
            "by",
            "price",
            "desc",
            "limit",
            "value"
        ],
        "question": "What is the carrier of the most expensive phone?",
        "question_toks": [
            "What",
            "is",
            "the",
            "carrier",
            "of",
            "the",
            "most",
            "expensive",
            "phone",
            "?"
        ],
        "sql": {
            "from": {
                "table_units": [
                    [
                        "table_unit",
                        0
                    ]
                ],
                "conds": []
            },
            "select": [
                false,
                [
                    [
                        0,
                        [
                            0,
                            [
                                0,
                                4,
                                false
                            ],
                            null
                        ]
                    ]
                ]
            ],
            "where": [],
            "groupBy": [],
            "having": [],
            "orderBy": [
                "desc",
                [
                    [
                        0,
                        [
                            0,
                            5,
                            false
                        ],
                        null
                    ]
                ]
            ],
            "limit": 1,
            "intersect": null,
            "union": null,
            "except": null
        },
        "complexity": "medium",
        "query_len": 10
    },
    {
        "db_id": "phone_market",
        "query": "SELECT Carrier ,  COUNT(*) FROM phone GROUP BY Carrier",
        "query_toks": [
            "SELECT",
            "Carrier",
            ",",
            "COUNT",
            "(",
            "*",
            ")",
            "FROM",
            "phone",
            "GROUP",
            "BY",
            "Carrier"
        ],
        "query_toks_no_value": [
            "select",
            "carrier",
            ",",
            "count",
            "(",
            "*",
            ")",
            "from",
            "phone",
            "group",
            "by",
            "carrier"
        ],
        "question": "Show different carriers of phones together with the number of phones with each carrier.",
        "question_toks": [
            "Show",
            "different",
            "carriers",
            "of",
            "phones",
            "together",
            "with",
            "the",
            "number",
            "of",
            "phones",
            "with",
            "each",
            "carrier",
            "."
        ],
        "sql": {
            "from": {
                "table_units": [
                    [
                        "table_unit",
                        0
                    ]
                ],
                "conds": []
            },
            "select": [
                false,
                [
                    [
                        0,
                        [
                            0,
                            [
                                0,
                                4,
                                false
                            ],
                            null
                        ]
                    ],
                    [
                        3,
                        [
                            0,
                            [
                                0,
                                0,
                                false
                            ],
                            null
                        ]
                    ]
                ]
            ],
            "where": [],
            "groupBy": [
                [
                    0,
                    4,
                    false
                ]
            ],
            "having": [],
            "orderBy": [],
            "limit": null,
            "intersect": null,
            "union": null,
            "except": null
        },
        "complexity": "medium",
        "query_len": 12
    },
    {
        "db_id": "phone_market",
        "query": "SELECT Name FROM phone WHERE Phone_id NOT IN (SELECT Phone_ID FROM phone_market)",
        "query_toks": [
            "SELECT",
            "Name",
            "FROM",
            "phone",
            "WHERE",
            "Phone_id",
            "NOT",
            "IN",
            "(",
            "SELECT",
            "Phone_ID",
            "FROM",
            "phone_market",
            ")"
        ],
        "query_toks_no_value": [
            "select",
            "name",
            "from",
            "phone",
            "where",
            "phone_id",
            "not",
            "in",
            "(",
            "select",
            "phone_id",
            "from",
            "phone_market",
            ")"
        ],
        "question": "List the names of phones that are not on any market.",
        "question_toks": [
            "List",
            "the",
            "names",
            "of",
            "phones",
            "that",
            "are",
            "not",
            "on",
            "any",
            "market",
            "."
        ],
        "sql": {
            "from": {
                "table_units": [
                    [
                        "table_unit",
                        0
                    ]
                ],
                "conds": []
            },
            "select": [
                false,
                [
                    [
                        0,
                        [
                            0,
                            [
                                0,
                                1,
                                false
                            ],
                            null
                        ]
                    ]
                ]
            ],
            "where": [
                [
                    true,
                    8,
                    [
                        0,
                        [
                            0,
                            2,
                            false
                        ],
                        null
                    ],
                    {
                        "from": {
                            "table_units": [
                                [
                                    "table_unit",
                                    2
                                ]
                            ],
                            "conds": []
                        },
                        "select": [
                            false,
                            [
                                [
                                    0,
                                    [
                                        0,
                                        [
                                            0,
                                            12,
                                            false
                                        ],
                                        null
                                    ]
                                ]
                            ]
                        ],
                        "where": [],
                        "groupBy": [],
                        "having": [],
                        "orderBy": [],
                        "limit": null,
                        "intersect": null,
                        "union": null,
                        "except": null
                    },
                    null
                ]
            ],
            "groupBy": [],
            "having": [],
            "orderBy": [],
            "limit": null,
            "intersect": null,
            "union": null,
            "except": null
        },
        "complexity": "hard",
        "query_len": 14
    },
    {
        "db_id": "phone_market",
        "query": "SELECT Name FROM phone WHERE Carrier  =  \"Sprint\" OR Carrier  =  \"TMobile\"",
        "query_toks": [
            "SELECT",
            "Name",
            "FROM",
            "phone",
            "WHERE",
            "Carrier",
            "=",
            "``",
            "Sprint",
            "''",
            "OR",
            "Carrier",
            "=",
            "``",
            "TMobile",
            "''"
        ],
        "query_toks_no_value": [
            "select",
            "name",
            "from",
            "phone",
            "where",
            "carrier",
            "=",
            "value",
            "or",
            "carrier",
            "=",
            "value"
        ],
        "question": "Show the names of phones with carrier either \"Sprint\" or \"TMobile\".",
        "question_toks": [
            "Show",
            "the",
            "names",
            "of",
            "phones",
            "with",
            "carrier",
            "either",
            "``",
            "Sprint",
            "''",
            "or",
            "``",
            "TMobile",
            "''",
            "."
        ],
        "sql": {
            "from": {
                "table_units": [
                    [
                        "table_unit",
                        0
                    ]
                ],
                "conds": []
            },
            "select": [
                false,
                [
                    [
                        0,
                        [
                            0,
                            [
                                0,
                                1,
                                false
                            ],
                            null
                        ]
                    ]
                ]
            ],
            "where": [
                [
                    false,
                    2,
                    [
                        0,
                        [
                            0,
                            4,
                            false
                        ],
                        null
                    ],
                    "\"Sprint\"",
                    null
                ],
                "or",
                [
                    false,
                    2,
                    [
                        0,
                        [
                            0,
                            4,
                            false
                        ],
                        null
                    ],
                    "\"TMobile\"",
                    null
                ]
            ],
            "groupBy": [],
            "having": [],
            "orderBy": [],
            "limit": null,
            "intersect": null,
            "union": null,
            "except": null
        },
        "complexity": "medium",
        "query_len": 16
    },
    {
        "db_id": "phone_market",
        "query": "SELECT Carrier FROM phone GROUP BY Carrier ORDER BY COUNT(*) DESC LIMIT 1",
        "query_toks": [
            "SELECT",
            "Carrier",
            "FROM",
            "phone",
            "GROUP",
            "BY",
            "Carrier",
            "ORDER",
            "BY",
            "COUNT",
            "(",
            "*",
            ")",
            "DESC",
            "LIMIT",
            "1"
        ],
        "query_toks_no_value": [
            "select",
            "carrier",
            "from",
            "phone",
            "group",
            "by",
            "carrier",
            "order",
            "by",
            "count",
            "(",
            "*",
            ")",
            "desc",
            "limit",
            "value"
        ],
        "question": "Show the most frequently used carrier of the phones.",
        "question_toks": [
            "Show",
            "the",
            "most",
            "frequently",
            "used",
            "carrier",
            "of",
            "the",
            "phones",
            "."
        ],
        "sql": {
            "from": {
                "table_units": [
                    [
                        "table_unit",
                        0
                    ]
                ],
                "conds": []
            },
            "select": [
                false,
                [
                    [
                        0,
                        [
                            0,
                            [
                                0,
                                4,
                                false
                            ],
                            null
                        ]
                    ]
                ]
            ],
            "where": [],
            "groupBy": [
                [
                    0,
                    4,
                    false
                ]
            ],
            "having": [],
            "orderBy": [
                "desc",
                [
                    [
                        0,
                        [
                            3,
                            0,
                            false
                        ],
                        null
                    ]
                ]
            ],
            "limit": 1,
            "intersect": null,
            "union": null,
            "except": null
        },
        "complexity": "hard",
        "query_len": 16
    },
    {
        "db_id": "phone_market",
        "query": "SELECT Carrier FROM phone WHERE Memory_in_G  <  32 INTERSECT SELECT Carrier FROM phone WHERE Memory_in_G  >  64",
        "query_toks": [
            "SELECT",
            "Carrier",
            "FROM",
            "phone",
            "WHERE",
            "Memory_in_G",
            "<",
            "32",
            "INTERSECT",
            "SELECT",
            "Carrier",
            "FROM",
            "phone",
            "WHERE",
            "Memory_in_G",
            ">",
            "64"
        ],
        "query_toks_no_value": [
            "select",
            "carrier",
            "from",
            "phone",
            "where",
            "memory_in_g",
            "<",
            "value",
            "intersect",
            "select",
            "carrier",
            "from",
            "phone",
            "where",
            "memory_in_g",
            ">",
            "value"
        ],
        "question": "Show the carriers that have both phones with memory smaller than 32 and phones with memory bigger than 64.",
        "question_toks": [
            "Show",
            "the",
            "carriers",
            "that",
            "have",
            "both",
            "phones",
            "with",
            "memory",
            "smaller",
            "than",
            "32",
            "and",
            "phones",
            "with",
            "memory",
            "bigger",
            "than",
            "64",
            "."
        ],
        "sql": {
            "from": {
                "table_units": [
                    [
                        "table_unit",
                        0
                    ]
                ],
                "conds": []
            },
            "select": [
                false,
                [
                    [
                        0,
                        [
                            0,
                            [
                                0,
                                4,
                                false
                            ],
                            null
                        ]
                    ]
                ]
            ],
            "where": [
                [
                    false,
                    4,
                    [
                        0,
                        [
                            0,
                            3,
                            false
                        ],
                        null
                    ],
                    32.0,
                    null
                ]
            ],
            "groupBy": [],
            "having": [],
            "orderBy": [],
            "limit": null,
            "intersect": {
                "from": {
                    "table_units": [
                        [
                            "table_unit",
                            0
                        ]
                    ],
                    "conds": []
                },
                "select": [
                    false,
                    [
                        [
                            0,
                            [
                                0,
                                [
                                    0,
                                    4,
                                    false
                                ],
                                null
                            ]
                        ]
                    ]
                ],
                "where": [
                    [
                        false,
                        3,
                        [
                            0,
                            [
                                0,
                                3,
                                false
                            ],
                            null
                        ],
                        64.0,
                        null
                    ]
                ],
                "groupBy": [],
                "having": [],
                "orderBy": [],
                "limit": null,
                "intersect": null,
                "union": null,
                "except": null
            },
            "union": null,
            "except": null
        },
        "complexity": "hard",
        "query_len": 17
    },
    {
        "db_id": "phone_market",
        "query": "SELECT T2.Name ,  sum(T1.Num_of_stock) FROM phone_market AS T1 JOIN phone AS T2 ON T1.Phone_ID  =  T2.Phone_ID GROUP BY T2.Name",
        "query_toks": [
            "SELECT",
            "T2.Name",
            ",",
            "sum",
            "(",
            "T1.Num_of_stock",
            ")",
            "FROM",
            "phone_market",
            "AS",
            "T1",
            "JOIN",
            "phone",
            "AS",
            "T2",
            "ON",
            "T1.Phone_ID",
            "=",
            "T2.Phone_ID",
            "GROUP",
            "BY",
            "T2.Name"
        ],
        "query_toks_no_value": [
            "select",
            "t2",
            ".",
            "name",
            ",",
            "sum",
            "(",
            "t1",
            ".",
            "num_of_stock",
            ")",
            "from",
            "phone_market",
            "as",
            "t1",
            "join",
            "phone",
            "as",
            "t2",
            "on",
            "t1",
            ".",
            "phone_id",
            "=",
            "t2",
            ".",
            "phone_id",
            "group",
            "by",
            "t2",
            ".",
            "name"
        ],
        "question": "For each phone, show its names and total number of stocks.",
        "question_toks": [
            "For",
            "each",
            "phone",
            ",",
            "show",
            "its",
            "names",
            "and",
            "total",
            "number",
            "of",
            "stocks",
            "."
        ],
        "sql": {
            "from": {
                "table_units": [
                    [
                        "table_unit",
                        2
                    ],
                    [
                        "table_unit",
                        0
                    ]
                ],
                "conds": [
                    [
                        false,
                        2,
                        [
                            0,
                            [
                                0,
                                12,
                                false
                            ],
                            null
                        ],
                        [
                            0,
                            2,
                            false
                        ],
                        null
                    ]
                ]
            },
            "select": [
                false,
                [
                    [
                        0,
                        [
                            0,
                            [
                                0,
                                1,
                                false
                            ],
                            null
                        ]
                    ],
                    [
                        4,
                        [
                            0,
                            [
                                0,
                                13,
                                false
                            ],
                            null
                        ]
                    ]
                ]
            ],
            "where": [],
            "groupBy": [
                [
                    0,
                    1,
                    false
                ]
            ],
            "having": [],
            "orderBy": [],
            "limit": null,
            "intersect": null,
            "union": null,
            "except": null
        },
        "complexity": "medium",
        "query_len": 22
    },
    {
        "db_id": "phone_market",
        "query": "SELECT T3.Name ,  T2.District FROM phone_market AS T1 JOIN market AS T2 ON T1.Market_ID  =  T2.Market_ID JOIN phone AS T3 ON T1.Phone_ID  =  T3.Phone_ID",
        "query_toks": [
            "SELECT",
            "T3.Name",
            ",",
            "T2.District",
            "FROM",
            "phone_market",
            "AS",
            "T1",
            "JOIN",
            "market",
            "AS",
            "T2",
            "ON",
            "T1.Market_ID",
            "=",
            "T2.Market_ID",
            "JOIN",
            "phone",
            "AS",
            "T3",
            "ON",
            "T1.Phone_ID",
            "=",
            "T3.Phone_ID"
        ],
        "query_toks_no_value": [
            "select",
            "t3",
            ".",
            "name",
            ",",
            "t2",
            ".",
            "district",
            "from",
            "phone_market",
            "as",
            "t1",
            "join",
            "market",
            "as",
            "t2",
            "on",
            "t1",
            ".",
            "market_id",
            "=",
            "t2",
            ".",
            "market_id",
            "join",
            "phone",
            "as",
            "t3",
            "on",
            "t1",
            ".",
            "phone_id",
            "=",
            "t3",
            ".",
            "phone_id"
        ],
        "question": "Show the names of phones and the districts of markets they are on.",
        "question_toks": [
            "Show",
            "the",
            "names",
            "of",
            "phones",
            "and",
            "the",
            "districts",
            "of",
            "markets",
            "they",
            "are",
            "on",
            "."
        ],
        "sql": {
            "from": {
                "table_units": [
                    [
                        "table_unit",
                        2
                    ],
                    [
                        "table_unit",
                        1
                    ],
                    [
                        "table_unit",
                        0
                    ]
                ],
                "conds": [
                    [
                        false,
                        2,
                        [
                            0,
                            [
                                0,
                                11,
                                false
                            ],
                            null
                        ],
                        [
                            0,
                            6,
                            false
                        ],
                        null
                    ],
                    "and",
                    [
                        false,
                        2,
                        [
                            0,
                            [
                                0,
                                12,
                                false
                            ],
                            null
                        ],
                        [
                            0,
                            2,
                            false
                        ],
                        null
                    ]
                ]
            },
            "select": [
                false,
                [
                    [
                        0,
                        [
                            0,
                            [
                                0,
                                1,
                                false
                            ],
                            null
                        ]
                    ],
                    [
                        0,
                        [
                            0,
                            [
                                0,
                                7,
                                false
                            ],
                            null
                        ]
                    ]
                ]
            ],
            "where": [],
            "groupBy": [],
            "having": [],
            "orderBy": [],
            "limit": null,
            "intersect": null,
            "union": null,
            "except": null
        },
        "complexity": "medium",
        "query_len": 24
    },
    {
        "db_id": "phone_market",
        "query": "SELECT T3.Name FROM phone_market AS T1 JOIN market AS T2 ON T1.Market_ID  =  T2.Market_ID JOIN phone AS T3 ON T1.Phone_ID  =  T3.Phone_ID WHERE T2.Num_of_shops  >  50",
        "query_toks": [
            "SELECT",
            "T3.Name",
            "FROM",
            "phone_market",
            "AS",
            "T1",
            "JOIN",
            "market",
            "AS",
            "T2",
            "ON",
            "T1.Market_ID",
            "=",
            "T2.Market_ID",
            "JOIN",
            "phone",
            "AS",
            "T3",
            "ON",
            "T1.Phone_ID",
            "=",
            "T3.Phone_ID",
            "WHERE",
            "T2.Num_of_shops",
            ">",
            "50"
        ],
        "query_toks_no_value": [
            "select",
            "t3",
            ".",
            "name",
            "from",
            "phone_market",
            "as",
            "t1",
            "join",
            "market",
            "as",
            "t2",
            "on",
            "t1",
            ".",
            "market_id",
            "=",
            "t2",
            ".",
            "market_id",
            "join",
            "phone",
            "as",
            "t3",
            "on",
            "t1",
            ".",
            "phone_id",
            "=",
            "t3",
            ".",
            "phone_id",
            "where",
            "t2",
            ".",
            "num_of_shops",
            ">",
            "value"
        ],
        "question": "Show the names of phones that are on market with number of shops greater than 50.",
        "question_toks": [
            "Show",
            "the",
            "names",
            "of",
            "phones",
            "that",
            "are",
            "on",
            "market",
            "with",
            "number",
            "of",
            "shops",
            "greater",
            "than",
            "50",
            "."
        ],
        "sql": {
            "from": {
                "table_units": [
                    [
                        "table_unit",
                        2
                    ],
                    [
                        "table_unit",
                        1
                    ],
                    [
                        "table_unit",
                        0
                    ]
                ],
                "conds": [
                    [
                        false,
                        2,
                        [
                            0,
                            [
                                0,
                                11,
                                false
                            ],
                            null
                        ],
                        [
                            0,
                            6,
                            false
                        ],
                        null
                    ],
                    "and",
                    [
                        false,
                        2,
                        [
                            0,
                            [
                                0,
                                12,
                                false
                            ],
                            null
                        ],
                        [
                            0,
                            2,
                            false
                        ],
                        null
                    ]
                ]
            },
            "select": [
                false,
                [
                    [
                        0,
                        [
                            0,
                            [
                                0,
                                1,
                                false
                            ],
                            null
                        ]
                    ]
                ]
            ],
            "where": [
                [
                    false,
                    3,
                    [
                        0,
                        [
                            0,
                            9,
                            false
                        ],
                        null
                    ],
                    50.0,
                    null
                ]
            ],
            "groupBy": [],
            "having": [],
            "orderBy": [],
            "limit": null,
            "intersect": null,
            "union": null,
            "except": null
        },
        "complexity": "hard",
        "query_len": 26
    },
    {
        "db_id": "phone_market",
        "query": "SELECT T3.Name ,  T2.District FROM phone_market AS T1 JOIN market AS T2 ON T1.Market_ID  =  T2.Market_ID JOIN phone AS T3 ON T1.Phone_ID  =  T3.Phone_ID ORDER BY T2.Ranking",
        "query_toks": [
            "SELECT",
            "T3.Name",
            ",",
            "T2.District",
            "FROM",
            "phone_market",
            "AS",
            "T1",
            "JOIN",
            "market",
            "AS",
            "T2",
            "ON",
            "T1.Market_ID",
            "=",
            "T2.Market_ID",
            "JOIN",
            "phone",
            "AS",
            "T3",
            "ON",
            "T1.Phone_ID",
            "=",
            "T3.Phone_ID",
            "ORDER",
            "BY",
            "T2.Ranking"
        ],
        "query_toks_no_value": [
            "select",
            "t3",
            ".",
            "name",
            ",",
            "t2",
            ".",
            "district",
            "from",
            "phone_market",
            "as",
            "t1",
            "join",
            "market",
            "as",
            "t2",
            "on",
            "t1",
            ".",
            "market_id",
            "=",
            "t2",
            ".",
            "market_id",
            "join",
            "phone",
            "as",
            "t3",
            "on",
            "t1",
            ".",
            "phone_id",
            "=",
            "t3",
            ".",
            "phone_id",
            "order",
            "by",
            "t2",
            ".",
            "ranking"
        ],
        "question": "Show the names of phones and the districts of markets they are on, in ascending order of the ranking of the market.",
        "question_toks": [
            "Show",
            "the",
            "names",
            "of",
            "phones",
            "and",
            "the",
            "districts",
            "of",
            "markets",
            "they",
            "are",
            "on",
            ",",
            "in",
            "ascending",
            "order",
            "of",
            "the",
            "ranking",
            "of",
            "the",
            "market",
            "."
        ],
        "sql": {
            "from": {
                "table_units": [
                    [
                        "table_unit",
                        2
                    ],
                    [
                        "table_unit",
                        1
                    ],
                    [
                        "table_unit",
                        0
                    ]
                ],
                "conds": [
                    [
                        false,
                        2,
                        [
                            0,
                            [
                                0,
                                11,
                                false
                            ],
                            null
                        ],
                        [
                            0,
                            6,
                            false
                        ],
                        null
                    ],
                    "and",
                    [
                        false,
                        2,
                        [
                            0,
                            [
                                0,
                                12,
                                false
                            ],
                            null
                        ],
                        [
                            0,
                            2,
                            false
                        ],
                        null
                    ]
                ]
            },
            "select": [
                false,
                [
                    [
                        0,
                        [
                            0,
                            [
                                0,
                                1,
                                false
                            ],
                            null
                        ]
                    ],
                    [
                        0,
                        [
                            0,
                            [
                                0,
                                7,
                                false
                            ],
                            null
                        ]
                    ]
                ]
            ],
            "where": [],
            "groupBy": [],
            "having": [],
            "orderBy": [
                "asc",
                [
                    [
                        0,
                        [
                            0,
                            10,
                            false
                        ],
                        null
                    ]
                ]
            ],
            "limit": null,
            "intersect": null,
            "union": null,
            "except": null
        },
        "complexity": "hard",
        "query_len": 27
    },
    {
        "db_id": "phone_market",
        "query": "SELECT T2.Name FROM phone_market AS T1 JOIN phone AS T2 ON T1.Phone_ID  =  T2.Phone_ID GROUP BY T2.Name HAVING sum(T1.Num_of_stock)  >=  2000 ORDER BY sum(T1.Num_of_stock) DESC",
        "query_toks": [
            "SELECT",
            "T2.Name",
            "FROM",
            "phone_market",
            "AS",
            "T1",
            "JOIN",
            "phone",
            "AS",
            "T2",
            "ON",
            "T1.Phone_ID",
            "=",
            "T2.Phone_ID",
            "GROUP",
            "BY",
            "T2.Name",
            "HAVING",
            "sum",
            "(",
            "T1.Num_of_stock",
            ")",
            ">",
            "=",
            "2000",
            "ORDER",
            "BY",
            "sum",
            "(",
            "T1.Num_of_stock",
            ")",
            "DESC"
        ],
        "query_toks_no_value": [
            "select",
            "t2",
            ".",
            "name",
            "from",
            "phone_market",
            "as",
            "t1",
            "join",
            "phone",
            "as",
            "t2",
            "on",
            "t1",
            ".",
            "phone_id",
            "=",
            "t2",
            ".",
            "phone_id",
            "group",
            "by",
            "t2",
            ".",
            "name",
            "having",
            "sum",
            "(",
            "t1",
            ".",
            "num_of_stock",
            ")",
            ">",
            "=",
            "value",
            "order",
            "by",
            "sum",
            "(",
            "t1",
            ".",
            "num_of_stock",
            ")",
            "desc"
        ],
        "question": "Show the names of phones that have total number of stocks bigger than 2000, in descending order of the total number of stocks.",
        "question_toks": [
            "Show",
            "the",
            "names",
            "of",
            "phones",
            "that",
            "have",
            "total",
            "number",
            "of",
            "stocks",
            "bigger",
            "than",
            "2000",
            ",",
            "in",
            "descending",
            "order",
            "of",
            "the",
            "total",
            "number",
            "of",
            "stocks",
            "."
        ],
        "sql": {
            "from": {
                "table_units": [
                    [
                        "table_unit",
                        2
                    ],
                    [
                        "table_unit",
                        0
                    ]
                ],
                "conds": [
                    [
                        false,
                        2,
                        [
                            0,
                            [
                                0,
                                12,
                                false
                            ],
                            null
                        ],
                        [
                            0,
                            2,
                            false
                        ],
                        null
                    ]
                ]
            },
            "select": [
                false,
                [
                    [
                        0,
                        [
                            0,
                            [
                                0,
                                1,
                                false
                            ],
                            null
                        ]
                    ]
                ]
            ],
            "where": [],
            "groupBy": [
                [
                    0,
                    1,
                    false
                ]
            ],
            "having": [
                [
                    false,
                    5,
                    [
                        0,
                        [
                            4,
                            13,
                            false
                        ],
                        null
                    ],
                    2000.0,
                    null
                ]
            ],
            "orderBy": [
                "desc",
                [
                    [
                        0,
                        [
                            4,
                            13,
                            false
                        ],
                        null
                    ]
                ]
            ],
            "limit": null,
            "intersect": null,
            "union": null,
            "except": null
        },
        "complexity": "hard",
        "query_len": 32
    }
]