[
    {
        "db_id": "program_share",
        "query": "SELECT count(*) FROM program",
        "query_toks": [
            "SELECT",
            "count",
            "(",
            "*",
            ")",
            "FROM",
            "program"
        ],
        "query_toks_no_value": [
            "select",
            "count",
            "(",
            "*",
            ")",
            "from",
            "program"
        ],
        "question": "Count the number of programs.",
        "question_toks": [
            "Count",
            "the",
            "number",
            "of",
            "programs",
            "."
        ],
        "sql": {
            "from": {
                "table_units": [
                    [
                        "table_unit",
                        0
                    ]
                ],
                "conds": []
            },
            "select": [
                false,
                [
                    [
                        3,
                        [
                            0,
                            [
                                0,
                                0,
                                false
                            ],
                            null
                        ]
                    ]
                ]
            ],
            "where": [],
            "groupBy": [],
            "having": [],
            "orderBy": [],
            "limit": null,
            "intersect": null,
            "union": null,
            "except": null
        },
        "complexity": "easy",
        "query_len": 7
    },
    {
        "db_id": "program_share",
        "query": "SELECT name FROM program ORDER BY launch",
        "query_toks": [
            "SELECT",
            "name",
            "FROM",
            "program",
            "ORDER",
            "BY",
            "launch"
        ],
        "query_toks_no_value": [
            "select",
            "name",
            "from",
            "program",
            "order",
            "by",
            "launch"
        ],
        "question": "list all the names of programs, ordering by launch time.",
        "question_toks": [
            "list",
            "all",
            "the",
            "names",
            "of",
            "programs",
            ",",
            "ordering",
            "by",
            "launch",
            "time",
            "."
        ],
        "sql": {
            "from": {
                "table_units": [
                    [
                        "table_unit",
                        0
                    ]
                ],
                "conds": []
            },
            "select": [
                false,
                [
                    [
                        0,
                        [
                            0,
                            [
                                0,
                                2,
                                false
                            ],
                            null
                        ]
                    ]
                ]
            ],
            "where": [],
            "groupBy": [],
            "having": [],
            "orderBy": [
                "asc",
                [
                    [
                        0,
                        [
                            0,
                            4,
                            false
                        ],
                        null
                    ]
                ]
            ],
            "limit": null,
            "intersect": null,
            "union": null,
            "except": null
        },
        "complexity": "easy",
        "query_len": 7
    },
    {
        "db_id": "program_share",
        "query": "SELECT name FROM program ORDER BY launch",
        "query_toks": [
            "SELECT",
            "name",
            "FROM",
            "program",
            "ORDER",
            "BY",
            "launch"
        ],
        "query_toks_no_value": [
            "select",
            "name",
            "from",
            "program",
            "order",
            "by",
            "launch"
        ],
        "question": "What is the list of program names, sorted by the order of launch date?",
        "question_toks": [
            "What",
            "is",
            "the",
            "list",
            "of",
            "program",
            "names",
            ",",
            "sorted",
            "by",
            "the",
            "order",
            "of",
            "launch",
            "date",
            "?"
        ],
        "sql": {
            "from": {
                "table_units": [
                    [
                        "table_unit",
                        0
                    ]
                ],
                "conds": []
            },
            "select": [
                false,
                [
                    [
                        0,
                        [
                            0,
                            [
                                0,
                                2,
                                false
                            ],
                            null
                        ]
                    ]
                ]
            ],
            "where": [],
            "groupBy": [],
            "having": [],
            "orderBy": [
                "asc",
                [
                    [
                        0,
                        [
                            0,
                            4,
                            false
                        ],
                        null
                    ]
                ]
            ],
            "limit": null,
            "intersect": null,
            "union": null,
            "except": null
        },
        "complexity": "easy",
        "query_len": 7
    },
    {
        "db_id": "program_share",
        "query": "SELECT origin FROM program ORDER BY origin",
        "query_toks": [
            "SELECT",
            "origin",
            "FROM",
            "program",
            "ORDER",
            "BY",
            "origin"
        ],
        "query_toks_no_value": [
            "select",
            "origin",
            "from",
            "program",
            "order",
            "by",
            "origin"
        ],
        "question": "What is the list of program origins ordered alphabetically?",
        "question_toks": [
            "What",
            "is",
            "the",
            "list",
            "of",
            "program",
            "origins",
            "ordered",
            "alphabetically",
            "?"
        ],
        "sql": {
            "from": {
                "table_units": [
                    [
                        "table_unit",
                        0
                    ]
                ],
                "conds": []
            },
            "select": [
                false,
                [
                    [
                        0,
                        [
                            0,
                            [
                                0,
                                3,
                                false
                            ],
                            null
                        ]
                    ]
                ]
            ],
            "where": [],
            "groupBy": [],
            "having": [],
            "orderBy": [
                "asc",
                [
                    [
                        0,
                        [
                            0,
                            3,
                            false
                        ],
                        null
                    ]
                ]
            ],
            "limit": null,
            "intersect": null,
            "union": null,
            "except": null
        },
        "complexity": "easy",
        "query_len": 7
    },
    {
        "db_id": "program_share",
        "query": "SELECT name FROM channel ORDER BY rating_in_percent DESC",
        "query_toks": [
            "SELECT",
            "name",
            "FROM",
            "channel",
            "ORDER",
            "BY",
            "rating_in_percent",
            "DESC"
        ],
        "query_toks_no_value": [
            "select",
            "name",
            "from",
            "channel",
            "order",
            "by",
            "rating_in_percent",
            "desc"
        ],
        "question": "List all channel names ordered by their rating in percent from big to small.",
        "question_toks": [
            "List",
            "all",
            "channel",
            "names",
            "ordered",
            "by",
            "their",
            "rating",
            "in",
            "percent",
            "from",
            "big",
            "to",
            "small",
            "."
        ],
        "sql": {
            "from": {
                "table_units": [
                    [
                        "table_unit",
                        1
                    ]
                ],
                "conds": []
            },
            "select": [
                false,
                [
                    [
                        0,
                        [
                            0,
                            [
                                0,
                                7,
                                false
                            ],
                            null
                        ]
                    ]
                ]
            ],
            "where": [],
            "groupBy": [],
            "having": [],
            "orderBy": [
                "desc",
                [
                    [
                        0,
                        [
                            0,
                            10,
                            false
                        ],
                        null
                    ]
                ]
            ],
            "limit": null,
            "intersect": null,
            "union": null,
            "except": null
        },
        "complexity": "easy",
        "query_len": 8
    },
    {
        "db_id": "program_share",
        "query": "SELECT name ,  origin ,  OWNER FROM program",
        "query_toks": [
            "SELECT",
            "name",
            ",",
            "origin",
            ",",
            "OWNER",
            "FROM",
            "program"
        ],
        "query_toks_no_value": [
            "select",
            "name",
            ",",
            "origin",
            ",",
            "owner",
            "from",
            "program"
        ],
        "question": "List the name, origin and owner of each program.",
        "question_toks": [
            "List",
            "the",
            "name",
            ",",
            "origin",
            "and",
            "owner",
            "of",
            "each",
            "program",
            "."
        ],
        "sql": {
            "from": {
                "table_units": [
                    [
                        "table_unit",
                        0
                    ]
                ],
                "conds": []
            },
            "select": [
                false,
                [
                    [
                        0,
                        [
                            0,
                            [
                                0,
                                2,
                                false
                            ],
                            null
                        ]
                    ],
                    [
                        0,
                        [
                            0,
                            [
                                0,
                                3,
                                false
                            ],
                            null
                        ]
                    ],
                    [
                        0,
                        [
                            0,
                            [
                                0,
                                5,
                                false
                            ],
                            null
                        ]
                    ]
                ]
            ],
            "where": [],
            "groupBy": [],
            "having": [],
            "orderBy": [],
            "limit": null,
            "intersect": null,
            "union": null,
            "except": null
        },
        "complexity": "medium",
        "query_len": 8
    },
    {
        "db_id": "program_share",
        "query": "SELECT name ,  origin ,  OWNER FROM program",
        "query_toks": [
            "SELECT",
            "name",
            ",",
            "origin",
            ",",
            "OWNER",
            "FROM",
            "program"
        ],
        "query_toks_no_value": [
            "select",
            "name",
            ",",
            "origin",
            ",",
            "owner",
            "from",
            "program"
        ],
        "question": "What are the name, origin and owner of each program?",
        "question_toks": [
            "What",
            "are",
            "the",
            "name",
            ",",
            "origin",
            "and",
            "owner",
            "of",
            "each",
            "program",
            "?"
        ],
        "sql": {
            "from": {
                "table_units": [
                    [
                        "table_unit",
                        0
                    ]
                ],
                "conds": []
            },
            "select": [
                false,
                [
                    [
                        0,
                        [
                            0,
                            [
                                0,
                                2,
                                false
                            ],
                            null
                        ]
                    ],
                    [
                        0,
                        [
                            0,
                            [
                                0,
                                3,
                                false
                            ],
                            null
                        ]
                    ],
                    [
                        0,
                        [
                            0,
                            [
                                0,
                                5,
                                false
                            ],
                            null
                        ]
                    ]
                ]
            ],
            "where": [],
            "groupBy": [],
            "having": [],
            "orderBy": [],
            "limit": null,
            "intersect": null,
            "union": null,
            "except": null
        },
        "complexity": "medium",
        "query_len": 8
    },
    {
        "db_id": "program_share",
        "query": "SELECT count(DISTINCT OWNER) FROM channel",
        "query_toks": [
            "SELECT",
            "count",
            "(",
            "DISTINCT",
            "OWNER",
            ")",
            "FROM",
            "channel"
        ],
        "query_toks_no_value": [
            "select",
            "count",
            "(",
            "distinct",
            "owner",
            ")",
            "from",
            "channel"
        ],
        "question": "what is the number of different channel owners?",
        "question_toks": [
            "what",
            "is",
            "the",
            "number",
            "of",
            "different",
            "channel",
            "owners",
            "?"
        ],
        "sql": {
            "from": {
                "table_units": [
                    [
                        "table_unit",
                        1
                    ]
                ],
                "conds": []
            },
            "select": [
                false,
                [
                    [
                        3,
                        [
                            0,
                            [
                                0,
                                8,
                                true
                            ],
                            null
                        ]
                    ]
                ]
            ],
            "where": [],
            "groupBy": [],
            "having": [],
            "orderBy": [],
            "limit": null,
            "intersect": null,
            "union": null,
            "except": null
        },
        "complexity": "easy",
        "query_len": 8
    },
    {
        "db_id": "program_share",
        "query": "SELECT name FROM channel WHERE OWNER != 'CCTV'",
        "query_toks": [
            "SELECT",
            "name",
            "FROM",
            "channel",
            "WHERE",
            "OWNER",
            "!",
            "=",
            "'CCTV",
            "'"
        ],
        "query_toks_no_value": [
            "select",
            "name",
            "from",
            "channel",
            "where",
            "owner",
            "!",
            "=",
            "value"
        ],
        "question": "Find the names of channels that are not owned by CCTV.",
        "question_toks": [
            "Find",
            "the",
            "names",
            "of",
            "channels",
            "that",
            "are",
            "not",
            "owned",
            "by",
            "CCTV",
            "."
        ],
        "sql": {
            "from": {
                "table_units": [
                    [
                        "table_unit",
                        1
                    ]
                ],
                "conds": []
            },
            "select": [
                false,
                [
                    [
                        0,
                        [
                            0,
                            [
                                0,
                                7,
                                false
                            ],
                            null
                        ]
                    ]
                ]
            ],
            "where": [
                [
                    false,
                    7,
                    [
                        0,
                        [
                            0,
                            8,
                            false
                        ],
                        null
                    ],
                    "\"CCTV\"",
                    null
                ]
            ],
            "groupBy": [],
            "having": [],
            "orderBy": [],
            "limit": null,
            "intersect": null,
            "union": null,
            "except": null
        },
        "complexity": "easy",
        "query_len": 10
    },
    {
        "db_id": "program_share",
        "query": "SELECT name FROM channel WHERE OWNER != 'CCTV'",
        "query_toks": [
            "SELECT",
            "name",
            "FROM",
            "channel",
            "WHERE",
            "OWNER",
            "!",
            "=",
            "'CCTV",
            "'"
        ],
        "query_toks_no_value": [
            "select",
            "name",
            "from",
            "channel",
            "where",
            "owner",
            "!",
            "=",
            "value"
        ],
        "question": "Which channels are not owned by CCTV? Give me the channel names.",
        "question_toks": [
            "Which",
            "channels",
            "are",
            "not",
            "owned",
            "by",
            "CCTV",
            "?",
            "Give",
            "me",
            "the",
            "channel",
            "names",
            "."
        ],
        "sql": {
            "from": {
                "table_units": [
                    [
                        "table_unit",
                        1
                    ]
                ],
                "conds": []
            },
            "select": [
                false,
                [
                    [
                        0,
                        [
                            0,
                            [
                                0,
                                7,
                                false
                            ],
                            null
                        ]
                    ]
                ]
            ],
            "where": [
                [
                    false,
                    7,
                    [
                        0,
                        [
                            0,
                            8,
                            false
                        ],
                        null
                    ],
                    "\"CCTV\"",
                    null
                ]
            ],
            "groupBy": [],
            "having": [],
            "orderBy": [],
            "limit": null,
            "intersect": null,
            "union": null,
            "except": null
        },
        "complexity": "easy",
        "query_len": 10
    },
    {
        "db_id": "program_share",
        "query": "SELECT OWNER FROM channel ORDER BY rating_in_percent DESC LIMIT 1",
        "query_toks": [
            "SELECT",
            "OWNER",
            "FROM",
            "channel",
            "ORDER",
            "BY",
            "rating_in_percent",
            "DESC",
            "LIMIT",
            "1"
        ],
        "query_toks_no_value": [
            "select",
            "owner",
            "from",
            "channel",
            "order",
            "by",
            "rating_in_percent",
            "desc",
            "limit",
            "value"
        ],
        "question": "Show me the owner of the channel with the highest rating.",
        "question_toks": [
            "Show",
            "me",
            "the",
            "owner",
            "of",
            "the",
            "channel",
            "with",
            "the",
            "highest",
            "rating",
            "."
        ],
        "sql": {
            "from": {
                "table_units": [
                    [
                        "table_unit",
                        1
                    ]
                ],
                "conds": []
            },
            "select": [
                false,
                [
                    [
                        0,
                        [
                            0,
                            [
                                0,
                                8,
                                false
                            ],
                            null
                        ]
                    ]
                ]
            ],
            "where": [],
            "groupBy": [],
            "having": [],
            "orderBy": [
                "desc",
                [
                    [
                        0,
                        [
                            0,
                            10,
                            false
                        ],
                        null
                    ]
                ]
            ],
            "limit": 1,
            "intersect": null,
            "union": null,
            "except": null
        },
        "complexity": "medium",
        "query_len": 10
    },
    {
        "db_id": "program_share",
        "query": "SELECT name FROM program ORDER BY launch DESC LIMIT 1",
        "query_toks": [
            "SELECT",
            "name",
            "FROM",
            "program",
            "ORDER",
            "BY",
            "launch",
            "DESC",
            "LIMIT",
            "1"
        ],
        "query_toks_no_value": [
            "select",
            "name",
            "from",
            "program",
            "order",
            "by",
            "launch",
            "desc",
            "limit",
            "value"
        ],
        "question": "find the name of the program that was launched most recently.",
        "question_toks": [
            "find",
            "the",
            "name",
            "of",
            "the",
            "program",
            "that",
            "was",
            "launched",
            "most",
            "recently",
            "."
        ],
        "sql": {
            "from": {
                "table_units": [
                    [
                        "table_unit",
                        0
                    ]
                ],
                "conds": []
            },
            "select": [
                false,
                [
                    [
                        0,
                        [
                            0,
                            [
                                0,
                                2,
                                false
                            ],
                            null
                        ]
                    ]
                ]
            ],
            "where": [],
            "groupBy": [],
            "having": [],
            "orderBy": [
                "desc",
                [
                    [
                        0,
                        [
                            0,
                            4,
                            false
                        ],
                        null
                    ]
                ]
            ],
            "limit": 1,
            "intersect": null,
            "union": null,
            "except": null
        },
        "complexity": "medium",
        "query_len": 10
    },
    {
        "db_id": "program_share",
        "query": "SELECT name FROM program ORDER BY launch DESC LIMIT 1",
        "query_toks": [
            "SELECT",
            "name",
            "FROM",
            "program",
            "ORDER",
            "BY",
            "launch",
            "DESC",
            "LIMIT",
            "1"
        ],
        "query_toks_no_value": [
            "select",
            "name",
            "from",
            "program",
            "order",
            "by",
            "launch",
            "desc",
            "limit",
            "value"
        ],
        "question": "Which program was launched most recently? Return the program name.",
        "question_toks": [
            "Which",
            "program",
            "was",
            "launched",
            "most",
            "recently",
            "?",
            "Return",
            "the",
            "program",
            "name",
            "."
        ],
        "sql": {
            "from": {
                "table_units": [
                    [
                        "table_unit",
                        0
                    ]
                ],
                "conds": []
            },
            "select": [
                false,
                [
                    [
                        0,
                        [
                            0,
                            [
                                0,
                                2,
                                false
                            ],
                            null
                        ]
                    ]
                ]
            ],
            "where": [],
            "groupBy": [],
            "having": [],
            "orderBy": [
                "desc",
                [
                    [
                        0,
                        [
                            0,
                            4,
                            false
                        ],
                        null
                    ]
                ]
            ],
            "limit": 1,
            "intersect": null,
            "union": null,
            "except": null
        },
        "complexity": "medium",
        "query_len": 10
    },
    {
        "db_id": "program_share",
        "query": "SELECT name FROM program WHERE origin != 'Beijing'",
        "query_toks": [
            "SELECT",
            "name",
            "FROM",
            "program",
            "WHERE",
            "origin",
            "!",
            "=",
            "'Beijing",
            "'"
        ],
        "query_toks_no_value": [
            "select",
            "name",
            "from",
            "program",
            "where",
            "origin",
            "!",
            "=",
            "value"
        ],
        "question": "Which programs' origins are not \"Beijing\"? Give me the program names.",
        "question_toks": [
            "Which",
            "programs",
            "'",
            "origins",
            "are",
            "not",
            "``",
            "Beijing",
            "''",
            "?",
            "Give",
            "me",
            "the",
            "program",
            "names",
            "."
        ],
        "sql": {
            "from": {
                "table_units": [
                    [
                        "table_unit",
                        0
                    ]
                ],
                "conds": []
            },
            "select": [
                false,
                [
                    [
                        0,
                        [
                            0,
                            [
                                0,
                                2,
                                false
                            ],
                            null
                        ]
                    ]
                ]
            ],
            "where": [
                [
                    false,
                    7,
                    [
                        0,
                        [
                            0,
                            3,
                            false
                        ],
                        null
                    ],
                    "\"Beijing\"",
                    null
                ]
            ],
            "groupBy": [],
            "having": [],
            "orderBy": [],
            "limit": null,
            "intersect": null,
            "union": null,
            "except": null
        },
        "complexity": "easy",
        "query_len": 10
    },
    {
        "db_id": "program_share",
        "query": "SELECT sum(Share_in_percent) FROM channel WHERE OWNER  =  'CCTV'",
        "query_toks": [
            "SELECT",
            "sum",
            "(",
            "Share_in_percent",
            ")",
            "FROM",
            "channel",
            "WHERE",
            "OWNER",
            "=",
            "'CCTV",
            "'"
        ],
        "query_toks_no_value": [
            "select",
            "sum",
            "(",
            "share_in_percent",
            ")",
            "from",
            "channel",
            "where",
            "owner",
            "=",
            "value"
        ],
        "question": "find the total percentage share of all channels owned by CCTV.",
        "question_toks": [
            "find",
            "the",
            "total",
            "percentage",
            "share",
            "of",
            "all",
            "channels",
            "owned",
            "by",
            "CCTV",
            "."
        ],
        "sql": {
            "from": {
                "table_units": [
                    [
                        "table_unit",
                        1
                    ]
                ],
                "conds": []
            },
            "select": [
                false,
                [
                    [
                        4,
                        [
                            0,
                            [
                                0,
                                9,
                                false
                            ],
                            null
                        ]
                    ]
                ]
            ],
            "where": [
                [
                    false,
                    2,
                    [
                        0,
                        [
                            0,
                            8,
                            false
                        ],
                        null
                    ],
                    "\"CCTV\"",
                    null
                ]
            ],
            "groupBy": [],
            "having": [],
            "orderBy": [],
            "limit": null,
            "intersect": null,
            "union": null,
            "except": null
        },
        "complexity": "easy",
        "query_len": 12
    },
    {
        "db_id": "program_share",
        "query": "SELECT count(*) ,  time_of_day FROM broadcast GROUP BY time_of_day",
        "query_toks": [
            "SELECT",
            "count",
            "(",
            "*",
            ")",
            ",",
            "time_of_day",
            "FROM",
            "broadcast",
            "GROUP",
            "BY",
            "time_of_day"
        ],
        "query_toks_no_value": [
            "select",
            "count",
            "(",
            "*",
            ")",
            ",",
            "time_of_day",
            "from",
            "broadcast",
            "group",
            "by",
            "time_of_day"
        ],
        "question": "how many programs are broadcast in each time section of the day?",
        "question_toks": [
            "how",
            "many",
            "programs",
            "are",
            "broadcast",
            "in",
            "each",
            "time",
            "section",
            "of",
            "the",
            "day",
            "?"
        ],
        "sql": {
            "from": {
                "table_units": [
                    [
                        "table_unit",
                        2
                    ]
                ],
                "conds": []
            },
            "select": [
                false,
                [
                    [
                        3,
                        [
                            0,
                            [
                                0,
                                0,
                                false
                            ],
                            null
                        ]
                    ],
                    [
                        0,
                        [
                            0,
                            [
                                0,
                                13,
                                false
                            ],
                            null
                        ]
                    ]
                ]
            ],
            "where": [],
            "groupBy": [
                [
                    0,
                    13,
                    false
                ]
            ],
            "having": [],
            "orderBy": [],
            "limit": null,
            "intersect": null,
            "union": null,
            "except": null
        },
        "complexity": "medium",
        "query_len": 12
    },
    {
        "db_id": "program_share",
        "query": "SELECT count(*) ,  time_of_day FROM broadcast GROUP BY time_of_day",
        "query_toks": [
            "SELECT",
            "count",
            "(",
            "*",
            ")",
            ",",
            "time_of_day",
            "FROM",
            "broadcast",
            "GROUP",
            "BY",
            "time_of_day"
        ],
        "query_toks_no_value": [
            "select",
            "count",
            "(",
            "*",
            ")",
            ",",
            "time_of_day",
            "from",
            "broadcast",
            "group",
            "by",
            "time_of_day"
        ],
        "question": "Count the number of programs broadcast for each time section of a day.",
        "question_toks": [
            "Count",
            "the",
            "number",
            "of",
            "programs",
            "broadcast",
            "for",
            "each",
            "time",
            "section",
            "of",
            "a",
            "day",
            "."
        ],
        "sql": {
            "from": {
                "table_units": [
                    [
                        "table_unit",
                        2
                    ]
                ],
                "conds": []
            },
            "select": [
                false,
                [
                    [
                        3,
                        [
                            0,
                            [
                                0,
                                0,
                                false
                            ],
                            null
                        ]
                    ],
                    [
                        0,
                        [
                            0,
                            [
                                0,
                                13,
                                false
                            ],
                            null
                        ]
                    ]
                ]
            ],
            "where": [],
            "groupBy": [
                [
                    0,
                    13,
                    false
                ]
            ],
            "having": [],
            "orderBy": [],
            "limit": null,
            "intersect": null,
            "union": null,
            "except": null
        },
        "complexity": "medium",
        "query_len": 12
    },
    {
        "db_id": "program_share",
        "query": "SELECT sum(Rating_in_percent) ,  OWNER FROM channel GROUP BY OWNER",
        "query_toks": [
            "SELECT",
            "sum",
            "(",
            "Rating_in_percent",
            ")",
            ",",
            "OWNER",
            "FROM",
            "channel",
            "GROUP",
            "BY",
            "OWNER"
        ],
        "query_toks_no_value": [
            "select",
            "sum",
            "(",
            "rating_in_percent",
            ")",
            ",",
            "owner",
            "from",
            "channel",
            "group",
            "by",
            "owner"
        ],
        "question": "Find the total rating ratio for each channel owner.",
        "question_toks": [
            "Find",
            "the",
            "total",
            "rating",
            "ratio",
            "for",
            "each",
            "channel",
            "owner",
            "."
        ],
        "sql": {
            "from": {
                "table_units": [
                    [
                        "table_unit",
                        1
                    ]
                ],
                "conds": []
            },
            "select": [
                false,
                [
                    [
                        4,
                        [
                            0,
                            [
                                0,
                                10,
                                false
                            ],
                            null
                        ]
                    ],
                    [
                        0,
                        [
                            0,
                            [
                                0,
                                8,
                                false
                            ],
                            null
                        ]
                    ]
                ]
            ],
            "where": [],
            "groupBy": [
                [
                    0,
                    8,
                    false
                ]
            ],
            "having": [],
            "orderBy": [],
            "limit": null,
            "intersect": null,
            "union": null,
            "except": null
        },
        "complexity": "medium",
        "query_len": 12
    },
    {
        "db_id": "program_share",
        "query": "SELECT count(DISTINCT program_id) FROM broadcast WHERE time_of_day  =  'Night'",
        "query_toks": [
            "SELECT",
            "count",
            "(",
            "DISTINCT",
            "program_id",
            ")",
            "FROM",
            "broadcast",
            "WHERE",
            "time_of_day",
            "=",
            "'Night",
            "'"
        ],
        "query_toks_no_value": [
            "select",
            "count",
            "(",
            "distinct",
            "program_id",
            ")",
            "from",
            "broadcast",
            "where",
            "time_of_day",
            "=",
            "value"
        ],
        "question": "find the number of different programs that are broadcast during night time.",
        "question_toks": [
            "find",
            "the",
            "number",
            "of",
            "different",
            "programs",
            "that",
            "are",
            "broadcast",
            "during",
            "night",
            "time",
            "."
        ],
        "sql": {
            "from": {
                "table_units": [
                    [
                        "table_unit",
                        2
                    ]
                ],
                "conds": []
            },
            "select": [
                false,
                [
                    [
                        3,
                        [
                            0,
                            [
                                0,
                                12,
                                true
                            ],
                            null
                        ]
                    ]
                ]
            ],
            "where": [
                [
                    false,
                    2,
                    [
                        0,
                        [
                            0,
                            13,
                            false
                        ],
                        null
                    ],
                    "\"Night\"",
                    null
                ]
            ],
            "groupBy": [],
            "having": [],
            "orderBy": [],
            "limit": null,
            "intersect": null,
            "union": null,
            "except": null
        },
        "complexity": "easy",
        "query_len": 13
    },
    {
        "db_id": "program_share",
        "query": "SELECT count(DISTINCT program_id) FROM broadcast WHERE time_of_day  =  'Night'",
        "query_toks": [
            "SELECT",
            "count",
            "(",
            "DISTINCT",
            "program_id",
            ")",
            "FROM",
            "broadcast",
            "WHERE",
            "time_of_day",
            "=",
            "'Night",
            "'"
        ],
        "query_toks_no_value": [
            "select",
            "count",
            "(",
            "distinct",
            "program_id",
            ")",
            "from",
            "broadcast",
            "where",
            "time_of_day",
            "=",
            "value"
        ],
        "question": "How many distinct programs are broadcast at \"Night\" time?",
        "question_toks": [
            "How",
            "many",
            "distinct",
            "programs",
            "are",
            "broadcast",
            "at",
            "``",
            "Night",
            "''",
            "time",
            "?"
        ],
        "sql": {
            "from": {
                "table_units": [
                    [
                        "table_unit",
                        2
                    ]
                ],
                "conds": []
            },
            "select": [
                false,
                [
                    [
                        3,
                        [
                            0,
                            [
                                0,
                                12,
                                true
                            ],
                            null
                        ]
                    ]
                ]
            ],
            "where": [
                [
                    false,
                    2,
                    [
                        0,
                        [
                            0,
                            13,
                            false
                        ],
                        null
                    ],
                    "\"Night\"",
                    null
                ]
            ],
            "groupBy": [],
            "having": [],
            "orderBy": [],
            "limit": null,
            "intersect": null,
            "union": null,
            "except": null
        },
        "complexity": "easy",
        "query_len": 13
    },
    {
        "db_id": "program_share",
        "query": "SELECT name FROM channel WHERE OWNER  =  'CCTV' OR OWNER  =  'HBS'",
        "query_toks": [
            "SELECT",
            "name",
            "FROM",
            "channel",
            "WHERE",
            "OWNER",
            "=",
            "'CCTV",
            "'",
            "OR",
            "OWNER",
            "=",
            "'HBS",
            "'"
        ],
        "query_toks_no_value": [
            "select",
            "name",
            "from",
            "channel",
            "where",
            "owner",
            "=",
            "value",
            "or",
            "owner",
            "=",
            "value"
        ],
        "question": "List the names of all the channels owned by either CCTV or HBS",
        "question_toks": [
            "List",
            "the",
            "names",
            "of",
            "all",
            "the",
            "channels",
            "owned",
            "by",
            "either",
            "CCTV",
            "or",
            "HBS"
        ],
        "sql": {
            "from": {
                "table_units": [
                    [
                        "table_unit",
                        1
                    ]
                ],
                "conds": []
            },
            "select": [
                false,
                [
                    [
                        0,
                        [
                            0,
                            [
                                0,
                                7,
                                false
                            ],
                            null
                        ]
                    ]
                ]
            ],
            "where": [
                [
                    false,
                    2,
                    [
                        0,
                        [
                            0,
                            8,
                            false
                        ],
                        null
                    ],
                    "\"CCTV\"",
                    null
                ],
                "or",
                [
                    false,
                    2,
                    [
                        0,
                        [
                            0,
                            8,
                            false
                        ],
                        null
                    ],
                    "\"HBS\"",
                    null
                ]
            ],
            "groupBy": [],
            "having": [],
            "orderBy": [],
            "limit": null,
            "intersect": null,
            "union": null,
            "except": null
        },
        "complexity": "medium",
        "query_len": 14
    },
    {
        "db_id": "program_share",
        "query": "SELECT t1.name FROM channel AS t1 JOIN broadcast AS t2 ON t1.channel_id  =  t2.channel_id WHERE t2.time_of_day  =  'Morning'",
        "query_toks": [
            "SELECT",
            "t1.name",
            "FROM",
            "channel",
            "AS",
            "t1",
            "JOIN",
            "broadcast",
            "AS",
            "t2",
            "ON",
            "t1.channel_id",
            "=",
            "t2.channel_id",
            "WHERE",
            "t2.time_of_day",
            "=",
            "'Morning",
            "'"
        ],
        "query_toks_no_value": [
            "select",
            "t1",
            ".",
            "name",
            "from",
            "channel",
            "as",
            "t1",
            "join",
            "broadcast",
            "as",
            "t2",
            "on",
            "t1",
            ".",
            "channel_id",
            "=",
            "t2",
            ".",
            "channel_id",
            "where",
            "t2",
            ".",
            "time_of_day",
            "=",
            "value"
        ],
        "question": "Find the names of the channels that are broadcast in the morning.",
        "question_toks": [
            "Find",
            "the",
            "names",
            "of",
            "the",
            "channels",
            "that",
            "are",
            "broadcast",
            "in",
            "the",
            "morning",
            "."
        ],
        "sql": {
            "from": {
                "table_units": [
                    [
                        "table_unit",
                        1
                    ],
                    [
                        "table_unit",
                        2
                    ]
                ],
                "conds": [
                    [
                        false,
                        2,
                        [
                            0,
                            [
                                0,
                                6,
                                false
                            ],
                            null
                        ],
                        [
                            0,
                            11,
                            false
                        ],
                        null
                    ]
                ]
            },
            "select": [
                false,
                [
                    [
                        0,
                        [
                            0,
                            [
                                0,
                                7,
                                false
                            ],
                            null
                        ]
                    ]
                ]
            ],
            "where": [
                [
                    false,
                    2,
                    [
                        0,
                        [
                            0,
                            13,
                            false
                        ],
                        null
                    ],
                    "\"Morning\"",
                    null
                ]
            ],
            "groupBy": [],
            "having": [],
            "orderBy": [],
            "limit": null,
            "intersect": null,
            "union": null,
            "except": null
        },
        "complexity": "medium",
        "query_len": 19
    },
    {
        "db_id": "program_share",
        "query": "SELECT t1.name FROM channel AS t1 JOIN broadcast AS t2 ON t1.channel_id  =  t2.channel_id WHERE t2.time_of_day  =  'Morning'",
        "query_toks": [
            "SELECT",
            "t1.name",
            "FROM",
            "channel",
            "AS",
            "t1",
            "JOIN",
            "broadcast",
            "AS",
            "t2",
            "ON",
            "t1.channel_id",
            "=",
            "t2.channel_id",
            "WHERE",
            "t2.time_of_day",
            "=",
            "'Morning",
            "'"
        ],
        "query_toks_no_value": [
            "select",
            "t1",
            ".",
            "name",
            "from",
            "channel",
            "as",
            "t1",
            "join",
            "broadcast",
            "as",
            "t2",
            "on",
            "t1",
            ".",
            "channel_id",
            "=",
            "t2",
            ".",
            "channel_id",
            "where",
            "t2",
            ".",
            "time_of_day",
            "=",
            "value"
        ],
        "question": "Which channels are broadcast in the morning? Give me the channel names.",
        "question_toks": [
            "Which",
            "channels",
            "are",
            "broadcast",
            "in",
            "the",
            "morning",
            "?",
            "Give",
            "me",
            "the",
            "channel",
            "names",
            "."
        ],
        "sql": {
            "from": {
                "table_units": [
                    [
                        "table_unit",
                        1
                    ],
                    [
                        "table_unit",
                        2
                    ]
                ],
                "conds": [
                    [
                        false,
                        2,
                        [
                            0,
                            [
                                0,
                                6,
                                false
                            ],
                            null
                        ],
                        [
                            0,
                            11,
                            false
                        ],
                        null
                    ]
                ]
            },
            "select": [
                false,
                [
                    [
                        0,
                        [
                            0,
                            [
                                0,
                                7,
                                false
                            ],
                            null
                        ]
                    ]
                ]
            ],
            "where": [
                [
                    false,
                    2,
                    [
                        0,
                        [
                            0,
                            13,
                            false
                        ],
                        null
                    ],
                    "\"Morning\"",
                    null
                ]
            ],
            "groupBy": [],
            "having": [],
            "orderBy": [],
            "limit": null,
            "intersect": null,
            "union": null,
            "except": null
        },
        "complexity": "medium",
        "query_len": 19
    },
    {
        "db_id": "program_share",
        "query": "SELECT name FROM program EXCEPT SELECT t1.name FROM program AS t1 JOIN broadcast AS t2 ON t1.program_id  =  t2.program_id WHERE t2.Time_of_day  =  \"Morning\"",
        "query_toks": [
            "SELECT",
            "name",
            "FROM",
            "program",
            "EXCEPT",
            "SELECT",
            "t1.name",
            "FROM",
            "program",
            "AS",
            "t1",
            "JOIN",
            "broadcast",
            "AS",
            "t2",
            "ON",
            "t1.program_id",
            "=",
            "t2.program_id",
            "WHERE",
            "t2.Time_of_day",
            "=",
            "``",
            "Morning",
            "''"
        ],
        "query_toks_no_value": [
            "select",
            "name",
            "from",
            "program",
            "except",
            "select",
            "t1",
            ".",
            "name",
            "from",
            "program",
            "as",
            "t1",
            "join",
            "broadcast",
            "as",
            "t2",
            "on",
            "t1",
            ".",
            "program_id",
            "=",
            "t2",
            ".",
            "program_id",
            "where",
            "t2",
            ".",
            "time_of_day",
            "=",
            "value"
        ],
        "question": "Which programs are never broadcasted in the morning? Give me the names of the programs.",
        "question_toks": [
            "Which",
            "programs",
            "are",
            "never",
            "broadcasted",
            "in",
            "the",
            "morning",
            "?",
            "Give",
            "me",
            "the",
            "names",
            "of",
            "the",
            "programs",
            "."
        ],
        "sql": {
            "from": {
                "table_units": [
                    [
                        "table_unit",
                        0
                    ]
                ],
                "conds": []
            },
            "select": [
                false,
                [
                    [
                        0,
                        [
                            0,
                            [
                                0,
                                2,
                                false
                            ],
                            null
                        ]
                    ]
                ]
            ],
            "where": [],
            "groupBy": [],
            "having": [],
            "orderBy": [],
            "limit": null,
            "intersect": null,
            "union": null,
            "except": {
                "from": {
                    "table_units": [
                        [
                            "table_unit",
                            0
                        ],
                        [
                            "table_unit",
                            2
                        ]
                    ],
                    "conds": [
                        [
                            false,
                            2,
                            [
                                0,
                                [
                                    0,
                                    1,
                                    false
                                ],
                                null
                            ],
                            [
                                0,
                                12,
                                false
                            ],
                            null
                        ]
                    ]
                },
                "select": [
                    false,
                    [
                        [
                            0,
                            [
                                0,
                                [
                                    0,
                                    2,
                                    false
                                ],
                                null
                            ]
                        ]
                    ]
                ],
                "where": [
                    [
                        false,
                        2,
                        [
                            0,
                            [
                                0,
                                13,
                                false
                            ],
                            null
                        ],
                        "\"Morning\"",
                        null
                    ]
                ],
                "groupBy": [],
                "having": [],
                "orderBy": [],
                "limit": null,
                "intersect": null,
                "union": null,
                "except": null
            }
        },
        "complexity": "hard",
        "query_len": 25
    },
    {
        "db_id": "program_share",
        "query": "SELECT t1.name FROM program AS t1 JOIN broadcast AS t2 ON t1.program_id  =  t2.program_id GROUP BY t2.program_id ORDER BY count(*) DESC LIMIT 1",
        "query_toks": [
            "SELECT",
            "t1.name",
            "FROM",
            "program",
            "AS",
            "t1",
            "JOIN",
            "broadcast",
            "AS",
            "t2",
            "ON",
            "t1.program_id",
            "=",
            "t2.program_id",
            "GROUP",
            "BY",
            "t2.program_id",
            "ORDER",
            "BY",
            "count",
            "(",
            "*",
            ")",
            "DESC",
            "LIMIT",
            "1"
        ],
        "query_toks_no_value": [
            "select",
            "t1",
            ".",
            "name",
            "from",
            "program",
            "as",
            "t1",
            "join",
            "broadcast",
            "as",
            "t2",
            "on",
            "t1",
            ".",
            "program_id",
            "=",
            "t2",
            ".",
            "program_id",
            "group",
            "by",
            "t2",
            ".",
            "program_id",
            "order",
            "by",
            "count",
            "(",
            "*",
            ")",
            "desc",
            "limit",
            "value"
        ],
        "question": "Find the name of the program that is broadcast most frequently.",
        "question_toks": [
            "Find",
            "the",
            "name",
            "of",
            "the",
            "program",
            "that",
            "is",
            "broadcast",
            "most",
            "frequently",
            "."
        ],
        "sql": {
            "from": {
                "table_units": [
                    [
                        "table_unit",
                        0
                    ],
                    [
                        "table_unit",
                        2
                    ]
                ],
                "conds": [
                    [
                        false,
                        2,
                        [
                            0,
                            [
                                0,
                                1,
                                false
                            ],
                            null
                        ],
                        [
                            0,
                            12,
                            false
                        ],
                        null
                    ]
                ]
            },
            "select": [
                false,
                [
                    [
                        0,
                        [
                            0,
                            [
                                0,
                                2,
                                false
                            ],
                            null
                        ]
                    ]
                ]
            ],
            "where": [],
            "groupBy": [
                [
                    0,
                    12,
                    false
                ]
            ],
            "having": [],
            "orderBy": [
                "desc",
                [
                    [
                        0,
                        [
                            3,
                            0,
                            false
                        ],
                        null
                    ]
                ]
            ],
            "limit": 1,
            "intersect": null,
            "union": null,
            "except": null
        },
        "complexity": "extra",
        "query_len": 26
    },
    {
        "db_id": "program_share",
        "query": "SELECT t1.name FROM channel AS t1 JOIN broadcast AS t2 ON t1.channel_id  =  t2.channel_id WHERE t2.time_of_day  =  'Morning' INTERSECT SELECT t1.name FROM channel AS t1 JOIN broadcast AS t2 ON t1.channel_id  =  t2.channel_id WHERE t2.time_of_day  =  'Night'",
        "query_toks": [
            "SELECT",
            "t1.name",
            "FROM",
            "channel",
            "AS",
            "t1",
            "JOIN",
            "broadcast",
            "AS",
            "t2",
            "ON",
            "t1.channel_id",
            "=",
            "t2.channel_id",
            "WHERE",
            "t2.time_of_day",
            "=",
            "'Morning",
            "'",
            "INTERSECT",
            "SELECT",
            "t1.name",
            "FROM",
            "channel",
            "AS",
            "t1",
            "JOIN",
            "broadcast",
            "AS",
            "t2",
            "ON",
            "t1.channel_id",
            "=",
            "t2.channel_id",
            "WHERE",
            "t2.time_of_day",
            "=",
            "'Night",
            "'"
        ],
        "query_toks_no_value": [
            "select",
            "t1",
            ".",
            "name",
            "from",
            "channel",
            "as",
            "t1",
            "join",
            "broadcast",
            "as",
            "t2",
            "on",
            "t1",
            ".",
            "channel_id",
            "=",
            "t2",
            ".",
            "channel_id",
            "where",
            "t2",
            ".",
            "time_of_day",
            "=",
            "value",
            "intersect",
            "select",
            "t1",
            ".",
            "name",
            "from",
            "channel",
            "as",
            "t1",
            "join",
            "broadcast",
            "as",
            "t2",
            "on",
            "t1",
            ".",
            "channel_id",
            "=",
            "t2",
            ".",
            "channel_id",
            "where",
            "t2",
            ".",
            "time_of_day",
            "=",
            "value"
        ],
        "question": "what are the names of the channels that broadcast in both morning and night?",
        "question_toks": [
            "what",
            "are",
            "the",
            "names",
            "of",
            "the",
            "channels",
            "that",
            "broadcast",
            "in",
            "both",
            "morning",
            "and",
            "night",
            "?"
        ],
        "sql": {
            "from": {
                "table_units": [
                    [
                        "table_unit",
                        1
                    ],
                    [
                        "table_unit",
                        2
                    ]
                ],
                "conds": [
                    [
                        false,
                        2,
                        [
                            0,
                            [
                                0,
                                6,
                                false
                            ],
                            null
                        ],
                        [
                            0,
                            11,
                            false
                        ],
                        null
                    ]
                ]
            },
            "select": [
                false,
                [
                    [
                        0,
                        [
                            0,
                            [
                                0,
                                7,
                                false
                            ],
                            null
                        ]
                    ]
                ]
            ],
            "where": [
                [
                    false,
                    2,
                    [
                        0,
                        [
                            0,
                            13,
                            false
                        ],
                        null
                    ],
                    "\"Morning\"",
                    null
                ]
            ],
            "groupBy": [],
            "having": [],
            "orderBy": [],
            "limit": null,
            "intersect": {
                "from": {
                    "table_units": [
                        [
                            "table_unit",
                            1
                        ],
                        [
                            "table_unit",
                            2
                        ]
                    ],
                    "conds": [
                        [
                            false,
                            2,
                            [
                                0,
                                [
                                    0,
                                    6,
                                    false
                                ],
                                null
                            ],
                            [
                                0,
                                11,
                                false
                            ],
                            null
                        ]
                    ]
                },
                "select": [
                    false,
                    [
                        [
                            0,
                            [
                                0,
                                [
                                    0,
                                    7,
                                    false
                                ],
                                null
                            ]
                        ]
                    ]
                ],
                "where": [
                    [
                        false,
                        2,
                        [
                            0,
                            [
                                0,
                                13,
                                false
                            ],
                            null
                        ],
                        "\"Night\"",
                        null
                    ]
                ],
                "groupBy": [],
                "having": [],
                "orderBy": [],
                "limit": null,
                "intersect": null,
                "union": null,
                "except": null
            },
            "union": null,
            "except": null
        },
        "complexity": "extra",
        "query_len": 39
    },
    {
        "db_id": "program_share",
        "query": "SELECT t1.name FROM channel AS t1 JOIN broadcast AS t2 ON t1.channel_id  =  t2.channel_id WHERE t2.time_of_day  =  'Morning' INTERSECT SELECT t1.name FROM channel AS t1 JOIN broadcast AS t2 ON t1.channel_id  =  t2.channel_id WHERE t2.time_of_day  =  'Night'",
        "query_toks": [
            "SELECT",
            "t1.name",
            "FROM",
            "channel",
            "AS",
            "t1",
            "JOIN",
            "broadcast",
            "AS",
            "t2",
            "ON",
            "t1.channel_id",
            "=",
            "t2.channel_id",
            "WHERE",
            "t2.time_of_day",
            "=",
            "'Morning",
            "'",
            "INTERSECT",
            "SELECT",
            "t1.name",
            "FROM",
            "channel",
            "AS",
            "t1",
            "JOIN",
            "broadcast",
            "AS",
            "t2",
            "ON",
            "t1.channel_id",
            "=",
            "t2.channel_id",
            "WHERE",
            "t2.time_of_day",
            "=",
            "'Night",
            "'"
        ],
        "query_toks_no_value": [
            "select",
            "t1",
            ".",
            "name",
            "from",
            "channel",
            "as",
            "t1",
            "join",
            "broadcast",
            "as",
            "t2",
            "on",
            "t1",
            ".",
            "channel_id",
            "=",
            "t2",
            ".",
            "channel_id",
            "where",
            "t2",
            ".",
            "time_of_day",
            "=",
            "value",
            "intersect",
            "select",
            "t1",
            ".",
            "name",
            "from",
            "channel",
            "as",
            "t1",
            "join",
            "broadcast",
            "as",
            "t2",
            "on",
            "t1",
            ".",
            "channel_id",
            "=",
            "t2",
            ".",
            "channel_id",
            "where",
            "t2",
            ".",
            "time_of_day",
            "=",
            "value"
        ],
        "question": "Which channels broadcast both in the morning and at night? Give me the channel names.",
        "question_toks": [
            "Which",
            "channels",
            "broadcast",
            "both",
            "in",
            "the",
            "morning",
            "and",
            "at",
            "night",
            "?",
            "Give",
            "me",
            "the",
            "channel",
            "names",
            "."
        ],
        "sql": {
            "from": {
                "table_units": [
                    [
                        "table_unit",
                        1
                    ],
                    [
                        "table_unit",
                        2
                    ]
                ],
                "conds": [
                    [
                        false,
                        2,
                        [
                            0,
                            [
                                0,
                                6,
                                false
                            ],
                            null
                        ],
                        [
                            0,
                            11,
                            false
                        ],
                        null
                    ]
                ]
            },
            "select": [
                false,
                [
                    [
                        0,
                        [
                            0,
                            [
                                0,
                                7,
                                false
                            ],
                            null
                        ]
                    ]
                ]
            ],
            "where": [
                [
                    false,
                    2,
                    [
                        0,
                        [
                            0,
                            13,
                            false
                        ],
                        null
                    ],
                    "\"Morning\"",
                    null
                ]
            ],
            "groupBy": [],
            "having": [],
            "orderBy": [],
            "limit": null,
            "intersect": {
                "from": {
                    "table_units": [
                        [
                            "table_unit",
                            1
                        ],
                        [
                            "table_unit",
                            2
                        ]
                    ],
                    "conds": [
                        [
                            false,
                            2,
                            [
                                0,
                                [
                                    0,
                                    6,
                                    false
                                ],
                                null
                            ],
                            [
                                0,
                                11,
                                false
                            ],
                            null
                        ]
                    ]
                },
                "select": [
                    false,
                    [
                        [
                            0,
                            [
                                0,
                                [
                                    0,
                                    7,
                                    false
                                ],
                                null
                            ]
                        ]
                    ]
                ],
                "where": [
                    [
                        false,
                        2,
                        [
                            0,
                            [
                                0,
                                13,
                                false
                            ],
                            null
                        ],
                        "\"Night\"",
                        null
                    ]
                ],
                "groupBy": [],
                "having": [],
                "orderBy": [],
                "limit": null,
                "intersect": null,
                "union": null,
                "except": null
            },
            "union": null,
            "except": null
        },
        "complexity": "extra",
        "query_len": 39
    },
    {
        "db_id": "program_share",
        "query": "SELECT t1.owner FROM program AS t1 JOIN broadcast AS t2 ON t1.program_id  =  t2.program_id WHERE t2.Time_of_day  =  \"Morning\" INTERSECT SELECT t1.owner FROM program AS t1 JOIN broadcast AS t2 ON t1.program_id  =  t2.program_id WHERE t2.Time_of_day  =  \"Night\"",
        "query_toks": [
            "SELECT",
            "t1.owner",
            "FROM",
            "program",
            "AS",
            "t1",
            "JOIN",
            "broadcast",
            "AS",
            "t2",
            "ON",
            "t1.program_id",
            "=",
            "t2.program_id",
            "WHERE",
            "t2.Time_of_day",
            "=",
            "``",
            "Morning",
            "''",
            "INTERSECT",
            "SELECT",
            "t1.owner",
            "FROM",
            "program",
            "AS",
            "t1",
            "JOIN",
            "broadcast",
            "AS",
            "t2",
            "ON",
            "t1.program_id",
            "=",
            "t2.program_id",
            "WHERE",
            "t2.Time_of_day",
            "=",
            "``",
            "Night",
            "''"
        ],
        "query_toks_no_value": [
            "select",
            "t1",
            ".",
            "owner",
            "from",
            "program",
            "as",
            "t1",
            "join",
            "broadcast",
            "as",
            "t2",
            "on",
            "t1",
            ".",
            "program_id",
            "=",
            "t2",
            ".",
            "program_id",
            "where",
            "t2",
            ".",
            "time_of_day",
            "=",
            "value",
            "intersect",
            "select",
            "t1",
            ".",
            "owner",
            "from",
            "program",
            "as",
            "t1",
            "join",
            "broadcast",
            "as",
            "t2",
            "on",
            "t1",
            ".",
            "program_id",
            "=",
            "t2",
            ".",
            "program_id",
            "where",
            "t2",
            ".",
            "time_of_day",
            "=",
            "value"
        ],
        "question": "find the program owners that have some programs in both morning and night time.",
        "question_toks": [
            "find",
            "the",
            "program",
            "owners",
            "that",
            "have",
            "some",
            "programs",
            "in",
            "both",
            "morning",
            "and",
            "night",
            "time",
            "."
        ],
        "sql": {
            "from": {
                "table_units": [
                    [
                        "table_unit",
                        0
                    ],
                    [
                        "table_unit",
                        2
                    ]
                ],
                "conds": [
                    [
                        false,
                        2,
                        [
                            0,
                            [
                                0,
                                1,
                                false
                            ],
                            null
                        ],
                        [
                            0,
                            12,
                            false
                        ],
                        null
                    ]
                ]
            },
            "select": [
                false,
                [
                    [
                        0,
                        [
                            0,
                            [
                                0,
                                5,
                                false
                            ],
                            null
                        ]
                    ]
                ]
            ],
            "where": [
                [
                    false,
                    2,
                    [
                        0,
                        [
                            0,
                            13,
                            false
                        ],
                        null
                    ],
                    "\"Morning\"",
                    null
                ]
            ],
            "groupBy": [],
            "having": [],
            "orderBy": [],
            "limit": null,
            "intersect": {
                "from": {
                    "table_units": [
                        [
                            "table_unit",
                            0
                        ],
                        [
                            "table_unit",
                            2
                        ]
                    ],
                    "conds": [
                        [
                            false,
                            2,
                            [
                                0,
                                [
                                    0,
                                    1,
                                    false
                                ],
                                null
                            ],
                            [
                                0,
                                12,
                                false
                            ],
                            null
                        ]
                    ]
                },
                "select": [
                    false,
                    [
                        [
                            0,
                            [
                                0,
                                [
                                    0,
                                    5,
                                    false
                                ],
                                null
                            ]
                        ]
                    ]
                ],
                "where": [
                    [
                        false,
                        2,
                        [
                            0,
                            [
                                0,
                                13,
                                false
                            ],
                            null
                        ],
                        "\"Night\"",
                        null
                    ]
                ],
                "groupBy": [],
                "having": [],
                "orderBy": [],
                "limit": null,
                "intersect": null,
                "union": null,
                "except": null
            },
            "union": null,
            "except": null
        },
        "complexity": "extra",
        "query_len": 41
    }
]