[
    {
        "db_id": "race_track",
        "query": "SELECT DISTINCT LOCATION FROM track",
        "query_toks": [
            "SELECT",
            "DISTINCT",
            "LOCATION",
            "FROM",
            "track"
        ],
        "query_toks_no_value": [
            "select",
            "distinct",
            "location",
            "from",
            "track"
        ],
        "question": "Give the different locations of tracks.",
        "question_toks": [
            "Give",
            "the",
            "different",
            "locations",
            "of",
            "tracks",
            "."
        ],
        "sql": {
            "from": {
                "table_units": [
                    [
                        "table_unit",
                        1
                    ]
                ],
                "conds": []
            },
            "select": [
                true,
                [
                    [
                        0,
                        [
                            0,
                            [
                                0,
                                8,
                                false
                            ],
                            null
                        ]
                    ]
                ]
            ],
            "where": [],
            "groupBy": [],
            "having": [],
            "orderBy": [],
            "limit": null,
            "intersect": null,
            "union": null,
            "except": null
        },
        "complexity": "easy",
        "query_len": 5
    },
    {
        "db_id": "race_track",
        "query": "SELECT DISTINCT CLASS FROM race",
        "query_toks": [
            "SELECT",
            "DISTINCT",
            "CLASS",
            "FROM",
            "race"
        ],
        "query_toks_no_value": [
            "select",
            "distinct",
            "class",
            "from",
            "race"
        ],
        "question": "What are the distinct classes that races can have?",
        "question_toks": [
            "What",
            "are",
            "the",
            "distinct",
            "classes",
            "that",
            "races",
            "can",
            "have",
            "?"
        ],
        "sql": {
            "from": {
                "table_units": [
                    [
                        "table_unit",
                        0
                    ]
                ],
                "conds": []
            },
            "select": [
                true,
                [
                    [
                        0,
                        [
                            0,
                            [
                                0,
                                3,
                                false
                            ],
                            null
                        ]
                    ]
                ]
            ],
            "where": [],
            "groupBy": [],
            "having": [],
            "orderBy": [],
            "limit": null,
            "intersect": null,
            "union": null,
            "except": null
        },
        "complexity": "easy",
        "query_len": 5
    },
    {
        "db_id": "race_track",
        "query": "SELECT DISTINCT CLASS FROM race",
        "query_toks": [
            "SELECT",
            "DISTINCT",
            "CLASS",
            "FROM",
            "race"
        ],
        "query_toks_no_value": [
            "select",
            "distinct",
            "class",
            "from",
            "race"
        ],
        "question": "Return the different classes of races.",
        "question_toks": [
            "Return",
            "the",
            "different",
            "classes",
            "of",
            "races",
            "."
        ],
        "sql": {
            "from": {
                "table_units": [
                    [
                        "table_unit",
                        0
                    ]
                ],
                "conds": []
            },
            "select": [
                true,
                [
                    [
                        0,
                        [
                            0,
                            [
                                0,
                                3,
                                false
                            ],
                            null
                        ]
                    ]
                ]
            ],
            "where": [],
            "groupBy": [],
            "having": [],
            "orderBy": [],
            "limit": null,
            "intersect": null,
            "union": null,
            "except": null
        },
        "complexity": "easy",
        "query_len": 5
    },
    {
        "db_id": "race_track",
        "query": "SELECT name ,  LOCATION FROM track",
        "query_toks": [
            "SELECT",
            "name",
            ",",
            "LOCATION",
            "FROM",
            "track"
        ],
        "query_toks_no_value": [
            "select",
            "name",
            ",",
            "location",
            "from",
            "track"
        ],
        "question": "What are the names and locations of all tracks?",
        "question_toks": [
            "What",
            "are",
            "the",
            "names",
            "and",
            "locations",
            "of",
            "all",
            "tracks",
            "?"
        ],
        "sql": {
            "from": {
                "table_units": [
                    [
                        "table_unit",
                        1
                    ]
                ],
                "conds": []
            },
            "select": [
                false,
                [
                    [
                        0,
                        [
                            0,
                            [
                                0,
                                7,
                                false
                            ],
                            null
                        ]
                    ],
                    [
                        0,
                        [
                            0,
                            [
                                0,
                                8,
                                false
                            ],
                            null
                        ]
                    ]
                ]
            ],
            "where": [],
            "groupBy": [],
            "having": [],
            "orderBy": [],
            "limit": null,
            "intersect": null,
            "union": null,
            "except": null
        },
        "complexity": "medium",
        "query_len": 6
    },
    {
        "db_id": "race_track",
        "query": "SELECT count(*) FROM track",
        "query_toks": [
            "SELECT",
            "count",
            "(",
            "*",
            ")",
            "FROM",
            "track"
        ],
        "query_toks_no_value": [
            "select",
            "count",
            "(",
            "*",
            ")",
            "from",
            "track"
        ],
        "question": "How many tracks do we have?",
        "question_toks": [
            "How",
            "many",
            "tracks",
            "do",
            "we",
            "have",
            "?"
        ],
        "sql": {
            "from": {
                "table_units": [
                    [
                        "table_unit",
                        1
                    ]
                ],
                "conds": []
            },
            "select": [
                false,
                [
                    [
                        3,
                        [
                            0,
                            [
                                0,
                                0,
                                false
                            ],
                            null
                        ]
                    ]
                ]
            ],
            "where": [],
            "groupBy": [],
            "having": [],
            "orderBy": [],
            "limit": null,
            "intersect": null,
            "union": null,
            "except": null
        },
        "complexity": "easy",
        "query_len": 7
    },
    {
        "db_id": "race_track",
        "query": "SELECT count(*) FROM race",
        "query_toks": [
            "SELECT",
            "count",
            "(",
            "*",
            ")",
            "FROM",
            "race"
        ],
        "query_toks_no_value": [
            "select",
            "count",
            "(",
            "*",
            ")",
            "from",
            "race"
        ],
        "question": "How many races are there?",
        "question_toks": [
            "How",
            "many",
            "races",
            "are",
            "there",
            "?"
        ],
        "sql": {
            "from": {
                "table_units": [
                    [
                        "table_unit",
                        0
                    ]
                ],
                "conds": []
            },
            "select": [
                false,
                [
                    [
                        3,
                        [
                            0,
                            [
                                0,
                                0,
                                false
                            ],
                            null
                        ]
                    ]
                ]
            ],
            "where": [],
            "groupBy": [],
            "having": [],
            "orderBy": [],
            "limit": null,
            "intersect": null,
            "union": null,
            "except": null
        },
        "complexity": "easy",
        "query_len": 7
    },
    {
        "db_id": "race_track",
        "query": "SELECT count(*) FROM race",
        "query_toks": [
            "SELECT",
            "count",
            "(",
            "*",
            ")",
            "FROM",
            "race"
        ],
        "query_toks_no_value": [
            "select",
            "count",
            "(",
            "*",
            ")",
            "from",
            "race"
        ],
        "question": "Count the number of races.",
        "question_toks": [
            "Count",
            "the",
            "number",
            "of",
            "races",
            "."
        ],
        "sql": {
            "from": {
                "table_units": [
                    [
                        "table_unit",
                        0
                    ]
                ],
                "conds": []
            },
            "select": [
                false,
                [
                    [
                        3,
                        [
                            0,
                            [
                                0,
                                0,
                                false
                            ],
                            null
                        ]
                    ]
                ]
            ],
            "where": [],
            "groupBy": [],
            "having": [],
            "orderBy": [],
            "limit": null,
            "intersect": null,
            "union": null,
            "except": null
        },
        "complexity": "easy",
        "query_len": 7
    },
    {
        "db_id": "race_track",
        "query": "SELECT name ,  CLASS ,  date FROM race",
        "query_toks": [
            "SELECT",
            "name",
            ",",
            "CLASS",
            ",",
            "date",
            "FROM",
            "race"
        ],
        "query_toks_no_value": [
            "select",
            "name",
            ",",
            "class",
            ",",
            "date",
            "from",
            "race"
        ],
        "question": "Show name, class, and date for all races.",
        "question_toks": [
            "Show",
            "name",
            ",",
            "class",
            ",",
            "and",
            "date",
            "for",
            "all",
            "races",
            "."
        ],
        "sql": {
            "from": {
                "table_units": [
                    [
                        "table_unit",
                        0
                    ]
                ],
                "conds": []
            },
            "select": [
                false,
                [
                    [
                        0,
                        [
                            0,
                            [
                                0,
                                2,
                                false
                            ],
                            null
                        ]
                    ],
                    [
                        0,
                        [
                            0,
                            [
                                0,
                                3,
                                false
                            ],
                            null
                        ]
                    ],
                    [
                        0,
                        [
                            0,
                            [
                                0,
                                4,
                                false
                            ],
                            null
                        ]
                    ]
                ]
            ],
            "where": [],
            "groupBy": [],
            "having": [],
            "orderBy": [],
            "limit": null,
            "intersect": null,
            "union": null,
            "except": null
        },
        "complexity": "medium",
        "query_len": 8
    },
    {
        "db_id": "race_track",
        "query": "SELECT year_opened FROM track WHERE seating BETWEEN 4000 AND 5000",
        "query_toks": [
            "SELECT",
            "year_opened",
            "FROM",
            "track",
            "WHERE",
            "seating",
            "BETWEEN",
            "4000",
            "AND",
            "5000"
        ],
        "query_toks_no_value": [
            "select",
            "year_opened",
            "from",
            "track",
            "where",
            "seating",
            "between",
            "value",
            "and",
            "value"
        ],
        "question": "Show year where a track with a seating at least 5000 opened and a track with seating no more than 4000 opened.",
        "question_toks": [
            "Show",
            "year",
            "where",
            "a",
            "track",
            "with",
            "a",
            "seating",
            "at",
            "least",
            "5000",
            "opened",
            "and",
            "a",
            "track",
            "with",
            "seating",
            "no",
            "more",
            "than",
            "4000",
            "opened",
            "."
        ],
        "sql": {
            "from": {
                "table_units": [
                    [
                        "table_unit",
                        1
                    ]
                ],
                "conds": []
            },
            "select": [
                false,
                [
                    [
                        0,
                        [
                            0,
                            [
                                0,
                                10,
                                false
                            ],
                            null
                        ]
                    ]
                ]
            ],
            "where": [
                [
                    false,
                    1,
                    [
                        0,
                        [
                            0,
                            9,
                            false
                        ],
                        null
                    ],
                    4000.0,
                    5000.0
                ]
            ],
            "groupBy": [],
            "having": [],
            "orderBy": [],
            "limit": null,
            "intersect": null,
            "union": null,
            "except": null
        },
        "complexity": "easy",
        "query_len": 10
    },
    {
        "db_id": "race_track",
        "query": "SELECT year_opened FROM track WHERE seating BETWEEN 4000 AND 5000",
        "query_toks": [
            "SELECT",
            "year_opened",
            "FROM",
            "track",
            "WHERE",
            "seating",
            "BETWEEN",
            "4000",
            "AND",
            "5000"
        ],
        "query_toks_no_value": [
            "select",
            "year_opened",
            "from",
            "track",
            "where",
            "seating",
            "between",
            "value",
            "and",
            "value"
        ],
        "question": "What are the years of opening for tracks with seating between 4000 and 5000?",
        "question_toks": [
            "What",
            "are",
            "the",
            "years",
            "of",
            "opening",
            "for",
            "tracks",
            "with",
            "seating",
            "between",
            "4000",
            "and",
            "5000",
            "?"
        ],
        "sql": {
            "from": {
                "table_units": [
                    [
                        "table_unit",
                        1
                    ]
                ],
                "conds": []
            },
            "select": [
                false,
                [
                    [
                        0,
                        [
                            0,
                            [
                                0,
                                10,
                                false
                            ],
                            null
                        ]
                    ]
                ]
            ],
            "where": [
                [
                    false,
                    1,
                    [
                        0,
                        [
                            0,
                            9,
                            false
                        ],
                        null
                    ],
                    4000.0,
                    5000.0
                ]
            ],
            "groupBy": [],
            "having": [],
            "orderBy": [],
            "limit": null,
            "intersect": null,
            "union": null,
            "except": null
        },
        "complexity": "easy",
        "query_len": 10
    },
    {
        "db_id": "race_track",
        "query": "SELECT CLASS ,  count(*) FROM race GROUP BY CLASS",
        "query_toks": [
            "SELECT",
            "CLASS",
            ",",
            "count",
            "(",
            "*",
            ")",
            "FROM",
            "race",
            "GROUP",
            "BY",
            "CLASS"
        ],
        "query_toks_no_value": [
            "select",
            "class",
            ",",
            "count",
            "(",
            "*",
            ")",
            "from",
            "race",
            "group",
            "by",
            "class"
        ],
        "question": "Show the race class and number of races in each class.",
        "question_toks": [
            "Show",
            "the",
            "race",
            "class",
            "and",
            "number",
            "of",
            "races",
            "in",
            "each",
            "class",
            "."
        ],
        "sql": {
            "from": {
                "table_units": [
                    [
                        "table_unit",
                        0
                    ]
                ],
                "conds": []
            },
            "select": [
                false,
                [
                    [
                        0,
                        [
                            0,
                            [
                                0,
                                3,
                                false
                            ],
                            null
                        ]
                    ],
                    [
                        3,
                        [
                            0,
                            [
                                0,
                                0,
                                false
                            ],
                            null
                        ]
                    ]
                ]
            ],
            "where": [],
            "groupBy": [
                [
                    0,
                    3,
                    false
                ]
            ],
            "having": [],
            "orderBy": [],
            "limit": null,
            "intersect": null,
            "union": null,
            "except": null
        },
        "complexity": "medium",
        "query_len": 12
    },
    {
        "db_id": "race_track",
        "query": "SELECT name ,  seating FROM track WHERE year_opened  >  2000 ORDER BY seating",
        "query_toks": [
            "SELECT",
            "name",
            ",",
            "seating",
            "FROM",
            "track",
            "WHERE",
            "year_opened",
            ">",
            "2000",
            "ORDER",
            "BY",
            "seating"
        ],
        "query_toks_no_value": [
            "select",
            "name",
            ",",
            "seating",
            "from",
            "track",
            "where",
            "year_opened",
            ">",
            "value",
            "order",
            "by",
            "seating"
        ],
        "question": "Show names and seatings, ordered by seating for all tracks opened after 2000.",
        "question_toks": [
            "Show",
            "names",
            "and",
            "seatings",
            ",",
            "ordered",
            "by",
            "seating",
            "for",
            "all",
            "tracks",
            "opened",
            "after",
            "2000",
            "."
        ],
        "sql": {
            "from": {
                "table_units": [
                    [
                        "table_unit",
                        1
                    ]
                ],
                "conds": []
            },
            "select": [
                false,
                [
                    [
                        0,
                        [
                            0,
                            [
                                0,
                                7,
                                false
                            ],
                            null
                        ]
                    ],
                    [
                        0,
                        [
                            0,
                            [
                                0,
                                9,
                                false
                            ],
                            null
                        ]
                    ]
                ]
            ],
            "where": [
                [
                    false,
                    3,
                    [
                        0,
                        [
                            0,
                            10,
                            false
                        ],
                        null
                    ],
                    2000.0,
                    null
                ]
            ],
            "groupBy": [],
            "having": [],
            "orderBy": [
                "asc",
                [
                    [
                        0,
                        [
                            0,
                            9,
                            false
                        ],
                        null
                    ]
                ]
            ],
            "limit": null,
            "intersect": null,
            "union": null,
            "except": null
        },
        "complexity": "medium",
        "query_len": 13
    },
    {
        "db_id": "race_track",
        "query": "SELECT name ,  seating FROM track WHERE year_opened  >  2000 ORDER BY seating",
        "query_toks": [
            "SELECT",
            "name",
            ",",
            "seating",
            "FROM",
            "track",
            "WHERE",
            "year_opened",
            ">",
            "2000",
            "ORDER",
            "BY",
            "seating"
        ],
        "query_toks_no_value": [
            "select",
            "name",
            ",",
            "seating",
            "from",
            "track",
            "where",
            "year_opened",
            ">",
            "value",
            "order",
            "by",
            "seating"
        ],
        "question": "What are the names and seatings for all tracks opened after 2000, ordered by seating?",
        "question_toks": [
            "What",
            "are",
            "the",
            "names",
            "and",
            "seatings",
            "for",
            "all",
            "tracks",
            "opened",
            "after",
            "2000",
            ",",
            "ordered",
            "by",
            "seating",
            "?"
        ],
        "sql": {
            "from": {
                "table_units": [
                    [
                        "table_unit",
                        1
                    ]
                ],
                "conds": []
            },
            "select": [
                false,
                [
                    [
                        0,
                        [
                            0,
                            [
                                0,
                                7,
                                false
                            ],
                            null
                        ]
                    ],
                    [
                        0,
                        [
                            0,
                            [
                                0,
                                9,
                                false
                            ],
                            null
                        ]
                    ]
                ]
            ],
            "where": [
                [
                    false,
                    3,
                    [
                        0,
                        [
                            0,
                            10,
                            false
                        ],
                        null
                    ],
                    2000.0,
                    null
                ]
            ],
            "groupBy": [],
            "having": [],
            "orderBy": [
                "asc",
                [
                    [
                        0,
                        [
                            0,
                            9,
                            false
                        ],
                        null
                    ]
                ]
            ],
            "limit": null,
            "intersect": null,
            "union": null,
            "except": null
        },
        "complexity": "medium",
        "query_len": 13
    },
    {
        "db_id": "race_track",
        "query": "SELECT name ,  LOCATION ,  seating FROM track ORDER BY year_opened DESC LIMIT 1",
        "query_toks": [
            "SELECT",
            "name",
            ",",
            "LOCATION",
            ",",
            "seating",
            "FROM",
            "track",
            "ORDER",
            "BY",
            "year_opened",
            "DESC",
            "LIMIT",
            "1"
        ],
        "query_toks_no_value": [
            "select",
            "name",
            ",",
            "location",
            ",",
            "seating",
            "from",
            "track",
            "order",
            "by",
            "year_opened",
            "desc",
            "limit",
            "value"
        ],
        "question": "What is the name, location and seating for the most recently opened track?",
        "question_toks": [
            "What",
            "is",
            "the",
            "name",
            ",",
            "location",
            "and",
            "seating",
            "for",
            "the",
            "most",
            "recently",
            "opened",
            "track",
            "?"
        ],
        "sql": {
            "from": {
                "table_units": [
                    [
                        "table_unit",
                        1
                    ]
                ],
                "conds": []
            },
            "select": [
                false,
                [
                    [
                        0,
                        [
                            0,
                            [
                                0,
                                7,
                                false
                            ],
                            null
                        ]
                    ],
                    [
                        0,
                        [
                            0,
                            [
                                0,
                                8,
                                false
                            ],
                            null
                        ]
                    ],
                    [
                        0,
                        [
                            0,
                            [
                                0,
                                9,
                                false
                            ],
                            null
                        ]
                    ]
                ]
            ],
            "where": [],
            "groupBy": [],
            "having": [],
            "orderBy": [
                "desc",
                [
                    [
                        0,
                        [
                            0,
                            10,
                            false
                        ],
                        null
                    ]
                ]
            ],
            "limit": 1,
            "intersect": null,
            "union": null,
            "except": null
        },
        "complexity": "medium",
        "query_len": 14
    },
    {
        "db_id": "race_track",
        "query": "SELECT name FROM track WHERE track_id NOT IN (SELECT track_id FROM race)",
        "query_toks": [
            "SELECT",
            "name",
            "FROM",
            "track",
            "WHERE",
            "track_id",
            "NOT",
            "IN",
            "(",
            "SELECT",
            "track_id",
            "FROM",
            "race",
            ")"
        ],
        "query_toks_no_value": [
            "select",
            "name",
            "from",
            "track",
            "where",
            "track_id",
            "not",
            "in",
            "(",
            "select",
            "track_id",
            "from",
            "race",
            ")"
        ],
        "question": "Show all track names that have had no races.",
        "question_toks": [
            "Show",
            "all",
            "track",
            "names",
            "that",
            "have",
            "had",
            "no",
            "races",
            "."
        ],
        "sql": {
            "from": {
                "table_units": [
                    [
                        "table_unit",
                        1
                    ]
                ],
                "conds": []
            },
            "select": [
                false,
                [
                    [
                        0,
                        [
                            0,
                            [
                                0,
                                7,
                                false
                            ],
                            null
                        ]
                    ]
                ]
            ],
            "where": [
                [
                    true,
                    8,
                    [
                        0,
                        [
                            0,
                            6,
                            false
                        ],
                        null
                    ],
                    {
                        "from": {
                            "table_units": [
                                [
                                    "table_unit",
                                    0
                                ]
                            ],
                            "conds": []
                        },
                        "select": [
                            false,
                            [
                                [
                                    0,
                                    [
                                        0,
                                        [
                                            0,
                                            5,
                                            false
                                        ],
                                        null
                                    ]
                                ]
                            ]
                        ],
                        "where": [],
                        "groupBy": [],
                        "having": [],
                        "orderBy": [],
                        "limit": null,
                        "intersect": null,
                        "union": null,
                        "except": null
                    },
                    null
                ]
            ],
            "groupBy": [],
            "having": [],
            "orderBy": [],
            "limit": null,
            "intersect": null,
            "union": null,
            "except": null
        },
        "complexity": "hard",
        "query_len": 14
    },
    {
        "db_id": "race_track",
        "query": "SELECT name FROM track WHERE track_id NOT IN (SELECT track_id FROM race)",
        "query_toks": [
            "SELECT",
            "name",
            "FROM",
            "track",
            "WHERE",
            "track_id",
            "NOT",
            "IN",
            "(",
            "SELECT",
            "track_id",
            "FROM",
            "race",
            ")"
        ],
        "query_toks_no_value": [
            "select",
            "name",
            "from",
            "track",
            "where",
            "track_id",
            "not",
            "in",
            "(",
            "select",
            "track_id",
            "from",
            "race",
            ")"
        ],
        "question": "Return the names of tracks that have no had any races.",
        "question_toks": [
            "Return",
            "the",
            "names",
            "of",
            "tracks",
            "that",
            "have",
            "no",
            "had",
            "any",
            "races",
            "."
        ],
        "sql": {
            "from": {
                "table_units": [
                    [
                        "table_unit",
                        1
                    ]
                ],
                "conds": []
            },
            "select": [
                false,
                [
                    [
                        0,
                        [
                            0,
                            [
                                0,
                                7,
                                false
                            ],
                            null
                        ]
                    ]
                ]
            ],
            "where": [
                [
                    true,
                    8,
                    [
                        0,
                        [
                            0,
                            6,
                            false
                        ],
                        null
                    ],
                    {
                        "from": {
                            "table_units": [
                                [
                                    "table_unit",
                                    0
                                ]
                            ],
                            "conds": []
                        },
                        "select": [
                            false,
                            [
                                [
                                    0,
                                    [
                                        0,
                                        [
                                            0,
                                            5,
                                            false
                                        ],
                                        null
                                    ]
                                ]
                            ]
                        ],
                        "where": [],
                        "groupBy": [],
                        "having": [],
                        "orderBy": [],
                        "limit": null,
                        "intersect": null,
                        "union": null,
                        "except": null
                    },
                    null
                ]
            ],
            "groupBy": [],
            "having": [],
            "orderBy": [],
            "limit": null,
            "intersect": null,
            "union": null,
            "except": null
        },
        "complexity": "hard",
        "query_len": 14
    },
    {
        "db_id": "race_track",
        "query": "SELECT CLASS FROM race GROUP BY CLASS HAVING count(*)  >=  2",
        "query_toks": [
            "SELECT",
            "CLASS",
            "FROM",
            "race",
            "GROUP",
            "BY",
            "CLASS",
            "HAVING",
            "count",
            "(",
            "*",
            ")",
            ">",
            "=",
            "2"
        ],
        "query_toks_no_value": [
            "select",
            "class",
            "from",
            "race",
            "group",
            "by",
            "class",
            "having",
            "count",
            "(",
            "*",
            ")",
            ">",
            "=",
            "value"
        ],
        "question": "What are the classes of races that have two or more corresponding races?",
        "question_toks": [
            "What",
            "are",
            "the",
            "classes",
            "of",
            "races",
            "that",
            "have",
            "two",
            "or",
            "more",
            "corresponding",
            "races",
            "?"
        ],
        "sql": {
            "from": {
                "table_units": [
                    [
                        "table_unit",
                        0
                    ]
                ],
                "conds": []
            },
            "select": [
                false,
                [
                    [
                        0,
                        [
                            0,
                            [
                                0,
                                3,
                                false
                            ],
                            null
                        ]
                    ]
                ]
            ],
            "where": [],
            "groupBy": [
                [
                    0,
                    3,
                    false
                ]
            ],
            "having": [
                [
                    false,
                    5,
                    [
                        0,
                        [
                            3,
                            0,
                            false
                        ],
                        null
                    ],
                    2.0,
                    null
                ]
            ],
            "orderBy": [],
            "limit": null,
            "intersect": null,
            "union": null,
            "except": null
        },
        "complexity": "easy",
        "query_len": 15
    },
    {
        "db_id": "race_track",
        "query": "SELECT CLASS FROM race GROUP BY CLASS ORDER BY count(*) DESC LIMIT 1",
        "query_toks": [
            "SELECT",
            "CLASS",
            "FROM",
            "race",
            "GROUP",
            "BY",
            "CLASS",
            "ORDER",
            "BY",
            "count",
            "(",
            "*",
            ")",
            "DESC",
            "LIMIT",
            "1"
        ],
        "query_toks_no_value": [
            "select",
            "class",
            "from",
            "race",
            "group",
            "by",
            "class",
            "order",
            "by",
            "count",
            "(",
            "*",
            ")",
            "desc",
            "limit",
            "value"
        ],
        "question": "What is the race class with most number of races.",
        "question_toks": [
            "What",
            "is",
            "the",
            "race",
            "class",
            "with",
            "most",
            "number",
            "of",
            "races",
            "."
        ],
        "sql": {
            "from": {
                "table_units": [
                    [
                        "table_unit",
                        0
                    ]
                ],
                "conds": []
            },
            "select": [
                false,
                [
                    [
                        0,
                        [
                            0,
                            [
                                0,
                                3,
                                false
                            ],
                            null
                        ]
                    ]
                ]
            ],
            "where": [],
            "groupBy": [
                [
                    0,
                    3,
                    false
                ]
            ],
            "having": [],
            "orderBy": [
                "desc",
                [
                    [
                        0,
                        [
                            3,
                            0,
                            false
                        ],
                        null
                    ]
                ]
            ],
            "limit": 1,
            "intersect": null,
            "union": null,
            "except": null
        },
        "complexity": "hard",
        "query_len": 16
    },
    {
        "db_id": "race_track",
        "query": "SELECT CLASS FROM race GROUP BY CLASS ORDER BY count(*) DESC LIMIT 1",
        "query_toks": [
            "SELECT",
            "CLASS",
            "FROM",
            "race",
            "GROUP",
            "BY",
            "CLASS",
            "ORDER",
            "BY",
            "count",
            "(",
            "*",
            ")",
            "DESC",
            "LIMIT",
            "1"
        ],
        "query_toks_no_value": [
            "select",
            "class",
            "from",
            "race",
            "group",
            "by",
            "class",
            "order",
            "by",
            "count",
            "(",
            "*",
            ")",
            "desc",
            "limit",
            "value"
        ],
        "question": "Give the class of races that is most common.",
        "question_toks": [
            "Give",
            "the",
            "class",
            "of",
            "races",
            "that",
            "is",
            "most",
            "common",
            "."
        ],
        "sql": {
            "from": {
                "table_units": [
                    [
                        "table_unit",
                        0
                    ]
                ],
                "conds": []
            },
            "select": [
                false,
                [
                    [
                        0,
                        [
                            0,
                            [
                                0,
                                3,
                                false
                            ],
                            null
                        ]
                    ]
                ]
            ],
            "where": [],
            "groupBy": [
                [
                    0,
                    3,
                    false
                ]
            ],
            "having": [],
            "orderBy": [
                "desc",
                [
                    [
                        0,
                        [
                            3,
                            0,
                            false
                        ],
                        null
                    ]
                ]
            ],
            "limit": 1,
            "intersect": null,
            "union": null,
            "except": null
        },
        "complexity": "hard",
        "query_len": 16
    },
    {
        "db_id": "race_track",
        "query": "SELECT min(seating) ,  max(seating) ,  avg(seating) FROM track",
        "query_toks": [
            "SELECT",
            "min",
            "(",
            "seating",
            ")",
            ",",
            "max",
            "(",
            "seating",
            ")",
            ",",
            "avg",
            "(",
            "seating",
            ")",
            "FROM",
            "track"
        ],
        "query_toks_no_value": [
            "select",
            "min",
            "(",
            "seating",
            ")",
            ",",
            "max",
            "(",
            "seating",
            ")",
            ",",
            "avg",
            "(",
            "seating",
            ")",
            "from",
            "track"
        ],
        "question": "Return the minimum, maximum, and average seating across all tracks.",
        "question_toks": [
            "Return",
            "the",
            "minimum",
            ",",
            "maximum",
            ",",
            "and",
            "average",
            "seating",
            "across",
            "all",
            "tracks",
            "."
        ],
        "sql": {
            "from": {
                "table_units": [
                    [
                        "table_unit",
                        1
                    ]
                ],
                "conds": []
            },
            "select": [
                false,
                [
                    [
                        2,
                        [
                            0,
                            [
                                0,
                                9,
                                false
                            ],
                            null
                        ]
                    ],
                    [
                        1,
                        [
                            0,
                            [
                                0,
                                9,
                                false
                            ],
                            null
                        ]
                    ],
                    [
                        5,
                        [
                            0,
                            [
                                0,
                                9,
                                false
                            ],
                            null
                        ]
                    ]
                ]
            ],
            "where": [],
            "groupBy": [],
            "having": [],
            "orderBy": [],
            "limit": null,
            "intersect": null,
            "union": null,
            "except": null
        },
        "complexity": "medium",
        "query_len": 17
    },
    {
        "db_id": "race_track",
        "query": "SELECT LOCATION FROM track WHERE seating  >  90000 INTERSECT SELECT LOCATION FROM track WHERE seating  <  70000",
        "query_toks": [
            "SELECT",
            "LOCATION",
            "FROM",
            "track",
            "WHERE",
            "seating",
            ">",
            "90000",
            "INTERSECT",
            "SELECT",
            "LOCATION",
            "FROM",
            "track",
            "WHERE",
            "seating",
            "<",
            "70000"
        ],
        "query_toks_no_value": [
            "select",
            "location",
            "from",
            "track",
            "where",
            "seating",
            ">",
            "value",
            "intersect",
            "select",
            "location",
            "from",
            "track",
            "where",
            "seating",
            "<",
            "value"
        ],
        "question": "Find the locations where have both tracks with more than 90000 seats and tracks with less than 70000 seats.",
        "question_toks": [
            "Find",
            "the",
            "locations",
            "where",
            "have",
            "both",
            "tracks",
            "with",
            "more",
            "than",
            "90000",
            "seats",
            "and",
            "tracks",
            "with",
            "less",
            "than",
            "70000",
            "seats",
            "."
        ],
        "sql": {
            "from": {
                "table_units": [
                    [
                        "table_unit",
                        1
                    ]
                ],
                "conds": []
            },
            "select": [
                false,
                [
                    [
                        0,
                        [
                            0,
                            [
                                0,
                                8,
                                false
                            ],
                            null
                        ]
                    ]
                ]
            ],
            "where": [
                [
                    false,
                    3,
                    [
                        0,
                        [
                            0,
                            9,
                            false
                        ],
                        null
                    ],
                    90000.0,
                    null
                ]
            ],
            "groupBy": [],
            "having": [],
            "orderBy": [],
            "limit": null,
            "intersect": {
                "from": {
                    "table_units": [
                        [
                            "table_unit",
                            1
                        ]
                    ],
                    "conds": []
                },
                "select": [
                    false,
                    [
                        [
                            0,
                            [
                                0,
                                [
                                    0,
                                    8,
                                    false
                                ],
                                null
                            ]
                        ]
                    ]
                ],
                "where": [
                    [
                        false,
                        4,
                        [
                            0,
                            [
                                0,
                                9,
                                false
                            ],
                            null
                        ],
                        70000.0,
                        null
                    ]
                ],
                "groupBy": [],
                "having": [],
                "orderBy": [],
                "limit": null,
                "intersect": null,
                "union": null,
                "except": null
            },
            "union": null,
            "except": null
        },
        "complexity": "hard",
        "query_len": 17
    },
    {
        "db_id": "race_track",
        "query": "SELECT LOCATION FROM track WHERE seating  >  90000 INTERSECT SELECT LOCATION FROM track WHERE seating  <  70000",
        "query_toks": [
            "SELECT",
            "LOCATION",
            "FROM",
            "track",
            "WHERE",
            "seating",
            ">",
            "90000",
            "INTERSECT",
            "SELECT",
            "LOCATION",
            "FROM",
            "track",
            "WHERE",
            "seating",
            "<",
            "70000"
        ],
        "query_toks_no_value": [
            "select",
            "location",
            "from",
            "track",
            "where",
            "seating",
            ">",
            "value",
            "intersect",
            "select",
            "location",
            "from",
            "track",
            "where",
            "seating",
            "<",
            "value"
        ],
        "question": "What are the locations that have both tracks with more than 90000 seats, and tracks with fewer than 70000 seats?",
        "question_toks": [
            "What",
            "are",
            "the",
            "locations",
            "that",
            "have",
            "both",
            "tracks",
            "with",
            "more",
            "than",
            "90000",
            "seats",
            ",",
            "and",
            "tracks",
            "with",
            "fewer",
            "than",
            "70000",
            "seats",
            "?"
        ],
        "sql": {
            "from": {
                "table_units": [
                    [
                        "table_unit",
                        1
                    ]
                ],
                "conds": []
            },
            "select": [
                false,
                [
                    [
                        0,
                        [
                            0,
                            [
                                0,
                                8,
                                false
                            ],
                            null
                        ]
                    ]
                ]
            ],
            "where": [
                [
                    false,
                    3,
                    [
                        0,
                        [
                            0,
                            9,
                            false
                        ],
                        null
                    ],
                    90000.0,
                    null
                ]
            ],
            "groupBy": [],
            "having": [],
            "orderBy": [],
            "limit": null,
            "intersect": {
                "from": {
                    "table_units": [
                        [
                            "table_unit",
                            1
                        ]
                    ],
                    "conds": []
                },
                "select": [
                    false,
                    [
                        [
                            0,
                            [
                                0,
                                [
                                    0,
                                    8,
                                    false
                                ],
                                null
                            ]
                        ]
                    ]
                ],
                "where": [
                    [
                        false,
                        4,
                        [
                            0,
                            [
                                0,
                                9,
                                false
                            ],
                            null
                        ],
                        70000.0,
                        null
                    ]
                ],
                "groupBy": [],
                "having": [],
                "orderBy": [],
                "limit": null,
                "intersect": null,
                "union": null,
                "except": null
            },
            "union": null,
            "except": null
        },
        "complexity": "hard",
        "query_len": 17
    },
    {
        "db_id": "race_track",
        "query": "SELECT T1.name ,  T1.date ,  T2.name FROM race AS T1 JOIN track AS T2 ON T1.track_id  =  T2.track_id",
        "query_toks": [
            "SELECT",
            "T1.name",
            ",",
            "T1.date",
            ",",
            "T2.name",
            "FROM",
            "race",
            "AS",
            "T1",
            "JOIN",
            "track",
            "AS",
            "T2",
            "ON",
            "T1.track_id",
            "=",
            "T2.track_id"
        ],
        "query_toks_no_value": [
            "select",
            "t1",
            ".",
            "name",
            ",",
            "t1",
            ".",
            "date",
            ",",
            "t2",
            ".",
            "name",
            "from",
            "race",
            "as",
            "t1",
            "join",
            "track",
            "as",
            "t2",
            "on",
            "t1",
            ".",
            "track_id",
            "=",
            "t2",
            ".",
            "track_id"
        ],
        "question": "What are the names and dates of races, and the names of the tracks where they are held?",
        "question_toks": [
            "What",
            "are",
            "the",
            "names",
            "and",
            "dates",
            "of",
            "races",
            ",",
            "and",
            "the",
            "names",
            "of",
            "the",
            "tracks",
            "where",
            "they",
            "are",
            "held",
            "?"
        ],
        "sql": {
            "from": {
                "table_units": [
                    [
                        "table_unit",
                        0
                    ],
                    [
                        "table_unit",
                        1
                    ]
                ],
                "conds": [
                    [
                        false,
                        2,
                        [
                            0,
                            [
                                0,
                                5,
                                false
                            ],
                            null
                        ],
                        [
                            0,
                            6,
                            false
                        ],
                        null
                    ]
                ]
            },
            "select": [
                false,
                [
                    [
                        0,
                        [
                            0,
                            [
                                0,
                                2,
                                false
                            ],
                            null
                        ]
                    ],
                    [
                        0,
                        [
                            0,
                            [
                                0,
                                4,
                                false
                            ],
                            null
                        ]
                    ],
                    [
                        0,
                        [
                            0,
                            [
                                0,
                                7,
                                false
                            ],
                            null
                        ]
                    ]
                ]
            ],
            "where": [],
            "groupBy": [],
            "having": [],
            "orderBy": [],
            "limit": null,
            "intersect": null,
            "union": null,
            "except": null
        },
        "complexity": "medium",
        "query_len": 18
    },
    {
        "db_id": "race_track",
        "query": "SELECT name ,  LOCATION ,  year_opened FROM track WHERE seating  >  (SELECT avg(seating) FROM track)",
        "query_toks": [
            "SELECT",
            "name",
            ",",
            "LOCATION",
            ",",
            "year_opened",
            "FROM",
            "track",
            "WHERE",
            "seating",
            ">",
            "(",
            "SELECT",
            "avg",
            "(",
            "seating",
            ")",
            "FROM",
            "track",
            ")"
        ],
        "query_toks_no_value": [
            "select",
            "name",
            ",",
            "location",
            ",",
            "year_opened",
            "from",
            "track",
            "where",
            "seating",
            ">",
            "(",
            "select",
            "avg",
            "(",
            "seating",
            ")",
            "from",
            "track",
            ")"
        ],
        "question": "Show the name, location, open year for all tracks with a seating higher than the average.",
        "question_toks": [
            "Show",
            "the",
            "name",
            ",",
            "location",
            ",",
            "open",
            "year",
            "for",
            "all",
            "tracks",
            "with",
            "a",
            "seating",
            "higher",
            "than",
            "the",
            "average",
            "."
        ],
        "sql": {
            "from": {
                "table_units": [
                    [
                        "table_unit",
                        1
                    ]
                ],
                "conds": []
            },
            "select": [
                false,
                [
                    [
                        0,
                        [
                            0,
                            [
                                0,
                                7,
                                false
                            ],
                            null
                        ]
                    ],
                    [
                        0,
                        [
                            0,
                            [
                                0,
                                8,
                                false
                            ],
                            null
                        ]
                    ],
                    [
                        0,
                        [
                            0,
                            [
                                0,
                                10,
                                false
                            ],
                            null
                        ]
                    ]
                ]
            ],
            "where": [
                [
                    false,
                    3,
                    [
                        0,
                        [
                            0,
                            9,
                            false
                        ],
                        null
                    ],
                    {
                        "from": {
                            "table_units": [
                                [
                                    "table_unit",
                                    1
                                ]
                            ],
                            "conds": []
                        },
                        "select": [
                            false,
                            [
                                [
                                    5,
                                    [
                                        0,
                                        [
                                            0,
                                            9,
                                            false
                                        ],
                                        null
                                    ]
                                ]
                            ]
                        ],
                        "where": [],
                        "groupBy": [],
                        "having": [],
                        "orderBy": [],
                        "limit": null,
                        "intersect": null,
                        "union": null,
                        "except": null
                    },
                    null
                ]
            ],
            "groupBy": [],
            "having": [],
            "orderBy": [],
            "limit": null,
            "intersect": null,
            "union": null,
            "except": null
        },
        "complexity": "extra",
        "query_len": 20
    },
    {
        "db_id": "race_track",
        "query": "SELECT name ,  LOCATION ,  year_opened FROM track WHERE seating  >  (SELECT avg(seating) FROM track)",
        "query_toks": [
            "SELECT",
            "name",
            ",",
            "LOCATION",
            ",",
            "year_opened",
            "FROM",
            "track",
            "WHERE",
            "seating",
            ">",
            "(",
            "SELECT",
            "avg",
            "(",
            "seating",
            ")",
            "FROM",
            "track",
            ")"
        ],
        "query_toks_no_value": [
            "select",
            "name",
            ",",
            "location",
            ",",
            "year_opened",
            "from",
            "track",
            "where",
            "seating",
            ">",
            "(",
            "select",
            "avg",
            "(",
            "seating",
            ")",
            "from",
            "track",
            ")"
        ],
        "question": "What are the names, locations, and years of opening for tracks with seating higher than average?",
        "question_toks": [
            "What",
            "are",
            "the",
            "names",
            ",",
            "locations",
            ",",
            "and",
            "years",
            "of",
            "opening",
            "for",
            "tracks",
            "with",
            "seating",
            "higher",
            "than",
            "average",
            "?"
        ],
        "sql": {
            "from": {
                "table_units": [
                    [
                        "table_unit",
                        1
                    ]
                ],
                "conds": []
            },
            "select": [
                false,
                [
                    [
                        0,
                        [
                            0,
                            [
                                0,
                                7,
                                false
                            ],
                            null
                        ]
                    ],
                    [
                        0,
                        [
                            0,
                            [
                                0,
                                8,
                                false
                            ],
                            null
                        ]
                    ],
                    [
                        0,
                        [
                            0,
                            [
                                0,
                                10,
                                false
                            ],
                            null
                        ]
                    ]
                ]
            ],
            "where": [
                [
                    false,
                    3,
                    [
                        0,
                        [
                            0,
                            9,
                            false
                        ],
                        null
                    ],
                    {
                        "from": {
                            "table_units": [
                                [
                                    "table_unit",
                                    1
                                ]
                            ],
                            "conds": []
                        },
                        "select": [
                            false,
                            [
                                [
                                    5,
                                    [
                                        0,
                                        [
                                            0,
                                            9,
                                            false
                                        ],
                                        null
                                    ]
                                ]
                            ]
                        ],
                        "where": [],
                        "groupBy": [],
                        "having": [],
                        "orderBy": [],
                        "limit": null,
                        "intersect": null,
                        "union": null,
                        "except": null
                    },
                    null
                ]
            ],
            "groupBy": [],
            "having": [],
            "orderBy": [],
            "limit": null,
            "intersect": null,
            "union": null,
            "except": null
        },
        "complexity": "extra",
        "query_len": 20
    },
    {
        "db_id": "race_track",
        "query": "SELECT T2.name ,  count(*) FROM race AS T1 JOIN track AS T2 ON T1.track_id  =  T2.track_id GROUP BY T1.track_id",
        "query_toks": [
            "SELECT",
            "T2.name",
            ",",
            "count",
            "(",
            "*",
            ")",
            "FROM",
            "race",
            "AS",
            "T1",
            "JOIN",
            "track",
            "AS",
            "T2",
            "ON",
            "T1.track_id",
            "=",
            "T2.track_id",
            "GROUP",
            "BY",
            "T1.track_id"
        ],
        "query_toks_no_value": [
            "select",
            "t2",
            ".",
            "name",
            ",",
            "count",
            "(",
            "*",
            ")",
            "from",
            "race",
            "as",
            "t1",
            "join",
            "track",
            "as",
            "t2",
            "on",
            "t1",
            ".",
            "track_id",
            "=",
            "t2",
            ".",
            "track_id",
            "group",
            "by",
            "t1",
            ".",
            "track_id"
        ],
        "question": "What are the names of different tracks, and how many races has each had?",
        "question_toks": [
            "What",
            "are",
            "the",
            "names",
            "of",
            "different",
            "tracks",
            ",",
            "and",
            "how",
            "many",
            "races",
            "has",
            "each",
            "had",
            "?"
        ],
        "sql": {
            "from": {
                "table_units": [
                    [
                        "table_unit",
                        0
                    ],
                    [
                        "table_unit",
                        1
                    ]
                ],
                "conds": [
                    [
                        false,
                        2,
                        [
                            0,
                            [
                                0,
                                5,
                                false
                            ],
                            null
                        ],
                        [
                            0,
                            6,
                            false
                        ],
                        null
                    ]
                ]
            },
            "select": [
                false,
                [
                    [
                        0,
                        [
                            0,
                            [
                                0,
                                7,
                                false
                            ],
                            null
                        ]
                    ],
                    [
                        3,
                        [
                            0,
                            [
                                0,
                                0,
                                false
                            ],
                            null
                        ]
                    ]
                ]
            ],
            "where": [],
            "groupBy": [
                [
                    0,
                    5,
                    false
                ]
            ],
            "having": [],
            "orderBy": [],
            "limit": null,
            "intersect": null,
            "union": null,
            "except": null
        },
        "complexity": "medium",
        "query_len": 22
    },
    {
        "db_id": "race_track",
        "query": "SELECT name FROM track EXCEPT SELECT T2.name FROM race AS T1 JOIN track AS T2 ON T1.track_id  =  T2.track_id WHERE T1.class  =  'GT'",
        "query_toks": [
            "SELECT",
            "name",
            "FROM",
            "track",
            "EXCEPT",
            "SELECT",
            "T2.name",
            "FROM",
            "race",
            "AS",
            "T1",
            "JOIN",
            "track",
            "AS",
            "T2",
            "ON",
            "T1.track_id",
            "=",
            "T2.track_id",
            "WHERE",
            "T1.class",
            "=",
            "'GT",
            "'"
        ],
        "query_toks_no_value": [
            "select",
            "name",
            "from",
            "track",
            "except",
            "select",
            "t2",
            ".",
            "name",
            "from",
            "race",
            "as",
            "t1",
            "join",
            "track",
            "as",
            "t2",
            "on",
            "t1",
            ".",
            "track_id",
            "=",
            "t2",
            ".",
            "track_id",
            "where",
            "t1",
            ".",
            "class",
            "=",
            "value"
        ],
        "question": "What are the names for tracks without a race in class 'GT'.",
        "question_toks": [
            "What",
            "are",
            "the",
            "names",
            "for",
            "tracks",
            "without",
            "a",
            "race",
            "in",
            "class",
            "'GT",
            "'",
            "."
        ],
        "sql": {
            "from": {
                "table_units": [
                    [
                        "table_unit",
                        1
                    ]
                ],
                "conds": []
            },
            "select": [
                false,
                [
                    [
                        0,
                        [
                            0,
                            [
                                0,
                                7,
                                false
                            ],
                            null
                        ]
                    ]
                ]
            ],
            "where": [],
            "groupBy": [],
            "having": [],
            "orderBy": [],
            "limit": null,
            "intersect": null,
            "union": null,
            "except": {
                "from": {
                    "table_units": [
                        [
                            "table_unit",
                            0
                        ],
                        [
                            "table_unit",
                            1
                        ]
                    ],
                    "conds": [
                        [
                            false,
                            2,
                            [
                                0,
                                [
                                    0,
                                    5,
                                    false
                                ],
                                null
                            ],
                            [
                                0,
                                6,
                                false
                            ],
                            null
                        ]
                    ]
                },
                "select": [
                    false,
                    [
                        [
                            0,
                            [
                                0,
                                [
                                    0,
                                    7,
                                    false
                                ],
                                null
                            ]
                        ]
                    ]
                ],
                "where": [
                    [
                        false,
                        2,
                        [
                            0,
                            [
                                0,
                                3,
                                false
                            ],
                            null
                        ],
                        "\"GT\"",
                        null
                    ]
                ],
                "groupBy": [],
                "having": [],
                "orderBy": [],
                "limit": null,
                "intersect": null,
                "union": null,
                "except": null
            }
        },
        "complexity": "hard",
        "query_len": 24
    },
    {
        "db_id": "race_track",
        "query": "SELECT T2.name FROM race AS T1 JOIN track AS T2 ON T1.track_id  =  T2.track_id GROUP BY T1.track_id ORDER BY count(*) DESC LIMIT 1",
        "query_toks": [
            "SELECT",
            "T2.name",
            "FROM",
            "race",
            "AS",
            "T1",
            "JOIN",
            "track",
            "AS",
            "T2",
            "ON",
            "T1.track_id",
            "=",
            "T2.track_id",
            "GROUP",
            "BY",
            "T1.track_id",
            "ORDER",
            "BY",
            "count",
            "(",
            "*",
            ")",
            "DESC",
            "LIMIT",
            "1"
        ],
        "query_toks_no_value": [
            "select",
            "t2",
            ".",
            "name",
            "from",
            "race",
            "as",
            "t1",
            "join",
            "track",
            "as",
            "t2",
            "on",
            "t1",
            ".",
            "track_id",
            "=",
            "t2",
            ".",
            "track_id",
            "group",
            "by",
            "t1",
            ".",
            "track_id",
            "order",
            "by",
            "count",
            "(",
            "*",
            ")",
            "desc",
            "limit",
            "value"
        ],
        "question": "Show the name of track with most number of races.",
        "question_toks": [
            "Show",
            "the",
            "name",
            "of",
            "track",
            "with",
            "most",
            "number",
            "of",
            "races",
            "."
        ],
        "sql": {
            "from": {
                "table_units": [
                    [
                        "table_unit",
                        0
                    ],
                    [
                        "table_unit",
                        1
                    ]
                ],
                "conds": [
                    [
                        false,
                        2,
                        [
                            0,
                            [
                                0,
                                5,
                                false
                            ],
                            null
                        ],
                        [
                            0,
                            6,
                            false
                        ],
                        null
                    ]
                ]
            },
            "select": [
                false,
                [
                    [
                        0,
                        [
                            0,
                            [
                                0,
                                7,
                                false
                            ],
                            null
                        ]
                    ]
                ]
            ],
            "where": [],
            "groupBy": [
                [
                    0,
                    5,
                    false
                ]
            ],
            "having": [],
            "orderBy": [
                "desc",
                [
                    [
                        0,
                        [
                            3,
                            0,
                            false
                        ],
                        null
                    ]
                ]
            ],
            "limit": 1,
            "intersect": null,
            "union": null,
            "except": null
        },
        "complexity": "extra",
        "query_len": 26
    },
    {
        "db_id": "race_track",
        "query": "SELECT T2.name FROM race AS T1 JOIN track AS T2 ON T1.track_id  =  T2.track_id GROUP BY T1.track_id ORDER BY count(*) DESC LIMIT 1",
        "query_toks": [
            "SELECT",
            "T2.name",
            "FROM",
            "race",
            "AS",
            "T1",
            "JOIN",
            "track",
            "AS",
            "T2",
            "ON",
            "T1.track_id",
            "=",
            "T2.track_id",
            "GROUP",
            "BY",
            "T1.track_id",
            "ORDER",
            "BY",
            "count",
            "(",
            "*",
            ")",
            "DESC",
            "LIMIT",
            "1"
        ],
        "query_toks_no_value": [
            "select",
            "t2",
            ".",
            "name",
            "from",
            "race",
            "as",
            "t1",
            "join",
            "track",
            "as",
            "t2",
            "on",
            "t1",
            ".",
            "track_id",
            "=",
            "t2",
            ".",
            "track_id",
            "group",
            "by",
            "t1",
            ".",
            "track_id",
            "order",
            "by",
            "count",
            "(",
            "*",
            ")",
            "desc",
            "limit",
            "value"
        ],
        "question": "What is the name of the track that has had the greatest number of races?",
        "question_toks": [
            "What",
            "is",
            "the",
            "name",
            "of",
            "the",
            "track",
            "that",
            "has",
            "had",
            "the",
            "greatest",
            "number",
            "of",
            "races",
            "?"
        ],
        "sql": {
            "from": {
                "table_units": [
                    [
                        "table_unit",
                        0
                    ],
                    [
                        "table_unit",
                        1
                    ]
                ],
                "conds": [
                    [
                        false,
                        2,
                        [
                            0,
                            [
                                0,
                                5,
                                false
                            ],
                            null
                        ],
                        [
                            0,
                            6,
                            false
                        ],
                        null
                    ]
                ]
            },
            "select": [
                false,
                [
                    [
                        0,
                        [
                            0,
                            [
                                0,
                                7,
                                false
                            ],
                            null
                        ]
                    ]
                ]
            ],
            "where": [],
            "groupBy": [
                [
                    0,
                    5,
                    false
                ]
            ],
            "having": [],
            "orderBy": [
                "desc",
                [
                    [
                        0,
                        [
                            3,
                            0,
                            false
                        ],
                        null
                    ]
                ]
            ],
            "limit": 1,
            "intersect": null,
            "union": null,
            "except": null
        },
        "complexity": "extra",
        "query_len": 26
    },
    {
        "db_id": "race_track",
        "query": "SELECT T2.name ,  T2.location FROM race AS T1 JOIN track AS T2 ON T1.track_id  =  T2.track_id GROUP BY T1.track_id HAVING count(*)  =  1",
        "query_toks": [
            "SELECT",
            "T2.name",
            ",",
            "T2.location",
            "FROM",
            "race",
            "AS",
            "T1",
            "JOIN",
            "track",
            "AS",
            "T2",
            "ON",
            "T1.track_id",
            "=",
            "T2.track_id",
            "GROUP",
            "BY",
            "T1.track_id",
            "HAVING",
            "count",
            "(",
            "*",
            ")",
            "=",
            "1"
        ],
        "query_toks_no_value": [
            "select",
            "t2",
            ".",
            "name",
            ",",
            "t2",
            ".",
            "location",
            "from",
            "race",
            "as",
            "t1",
            "join",
            "track",
            "as",
            "t2",
            "on",
            "t1",
            ".",
            "track_id",
            "=",
            "t2",
            ".",
            "track_id",
            "group",
            "by",
            "t1",
            ".",
            "track_id",
            "having",
            "count",
            "(",
            "*",
            ")",
            "=",
            "value"
        ],
        "question": "Show the name and location of track with 1 race.",
        "question_toks": [
            "Show",
            "the",
            "name",
            "and",
            "location",
            "of",
            "track",
            "with",
            "1",
            "race",
            "."
        ],
        "sql": {
            "from": {
                "table_units": [
                    [
                        "table_unit",
                        0
                    ],
                    [
                        "table_unit",
                        1
                    ]
                ],
                "conds": [
                    [
                        false,
                        2,
                        [
                            0,
                            [
                                0,
                                5,
                                false
                            ],
                            null
                        ],
                        [
                            0,
                            6,
                            false
                        ],
                        null
                    ]
                ]
            },
            "select": [
                false,
                [
                    [
                        0,
                        [
                            0,
                            [
                                0,
                                7,
                                false
                            ],
                            null
                        ]
                    ],
                    [
                        0,
                        [
                            0,
                            [
                                0,
                                8,
                                false
                            ],
                            null
                        ]
                    ]
                ]
            ],
            "where": [],
            "groupBy": [
                [
                    0,
                    5,
                    false
                ]
            ],
            "having": [
                [
                    false,
                    2,
                    [
                        0,
                        [
                            3,
                            0,
                            false
                        ],
                        null
                    ],
                    1.0,
                    null
                ]
            ],
            "orderBy": [],
            "limit": null,
            "intersect": null,
            "union": null,
            "except": null
        },
        "complexity": "medium",
        "query_len": 26
    }
]