[
    {
        "db_id": "railway",
        "query": "SELECT Wheels ,  LOCATION FROM railway",
        "query_toks": [
            "SELECT",
            "Wheels",
            ",",
            "LOCATION",
            "FROM",
            "railway"
        ],
        "query_toks_no_value": [
            "select",
            "wheels",
            ",",
            "location",
            "from",
            "railway"
        ],
        "question": "List the wheels and locations of the railways.",
        "question_toks": [
            "List",
            "the",
            "wheels",
            "and",
            "locations",
            "of",
            "the",
            "railways",
            "."
        ],
        "sql": {
            "from": {
                "table_units": [
                    [
                        "table_unit",
                        0
                    ]
                ],
                "conds": []
            },
            "select": [
                false,
                [
                    [
                        0,
                        [
                            0,
                            [
                                0,
                                5,
                                false
                            ],
                            null
                        ]
                    ],
                    [
                        0,
                        [
                            0,
                            [
                                0,
                                6,
                                false
                            ],
                            null
                        ]
                    ]
                ]
            ],
            "where": [],
            "groupBy": [],
            "having": [],
            "orderBy": [],
            "limit": null,
            "intersect": null,
            "union": null,
            "except": null
        },
        "complexity": "medium",
        "query_len": 6
    },
    {
        "db_id": "railway",
        "query": "SELECT Name ,  Arrival FROM train",
        "query_toks": [
            "SELECT",
            "Name",
            ",",
            "Arrival",
            "FROM",
            "train"
        ],
        "query_toks_no_value": [
            "select",
            "name",
            ",",
            "arrival",
            "from",
            "train"
        ],
        "question": "What are the names and arrival times of trains?",
        "question_toks": [
            "What",
            "are",
            "the",
            "names",
            "and",
            "arrival",
            "times",
            "of",
            "trains",
            "?"
        ],
        "sql": {
            "from": {
                "table_units": [
                    [
                        "table_unit",
                        1
                    ]
                ],
                "conds": []
            },
            "select": [
                false,
                [
                    [
                        0,
                        [
                            0,
                            [
                                0,
                                10,
                                false
                            ],
                            null
                        ]
                    ],
                    [
                        0,
                        [
                            0,
                            [
                                0,
                                12,
                                false
                            ],
                            null
                        ]
                    ]
                ]
            ],
            "where": [],
            "groupBy": [],
            "having": [],
            "orderBy": [],
            "limit": null,
            "intersect": null,
            "union": null,
            "except": null
        },
        "complexity": "medium",
        "query_len": 6
    },
    {
        "db_id": "railway",
        "query": "SELECT count(*) FROM railway",
        "query_toks": [
            "SELECT",
            "count",
            "(",
            "*",
            ")",
            "FROM",
            "railway"
        ],
        "query_toks_no_value": [
            "select",
            "count",
            "(",
            "*",
            ")",
            "from",
            "railway"
        ],
        "question": "How many railways are there?",
        "question_toks": [
            "How",
            "many",
            "railways",
            "are",
            "there",
            "?"
        ],
        "sql": {
            "from": {
                "table_units": [
                    [
                        "table_unit",
                        0
                    ]
                ],
                "conds": []
            },
            "select": [
                false,
                [
                    [
                        3,
                        [
                            0,
                            [
                                0,
                                0,
                                false
                            ],
                            null
                        ]
                    ]
                ]
            ],
            "where": [],
            "groupBy": [],
            "having": [],
            "orderBy": [],
            "limit": null,
            "intersect": null,
            "union": null,
            "except": null
        },
        "complexity": "easy",
        "query_len": 7
    },
    {
        "db_id": "railway",
        "query": "SELECT Builder FROM railway ORDER BY Builder ASC",
        "query_toks": [
            "SELECT",
            "Builder",
            "FROM",
            "railway",
            "ORDER",
            "BY",
            "Builder",
            "ASC"
        ],
        "query_toks_no_value": [
            "select",
            "builder",
            "from",
            "railway",
            "order",
            "by",
            "builder",
            "asc"
        ],
        "question": "List the builders of railways in ascending alphabetical order.",
        "question_toks": [
            "List",
            "the",
            "builders",
            "of",
            "railways",
            "in",
            "ascending",
            "alphabetical",
            "order",
            "."
        ],
        "sql": {
            "from": {
                "table_units": [
                    [
                        "table_unit",
                        0
                    ]
                ],
                "conds": []
            },
            "select": [
                false,
                [
                    [
                        0,
                        [
                            0,
                            [
                                0,
                                3,
                                false
                            ],
                            null
                        ]
                    ]
                ]
            ],
            "where": [],
            "groupBy": [],
            "having": [],
            "orderBy": [
                "asc",
                [
                    [
                        0,
                        [
                            0,
                            3,
                            false
                        ],
                        null
                    ]
                ]
            ],
            "limit": null,
            "intersect": null,
            "union": null,
            "except": null
        },
        "complexity": "easy",
        "query_len": 8
    },
    {
        "db_id": "railway",
        "query": "SELECT Name FROM manager ORDER BY LEVEL ASC",
        "query_toks": [
            "SELECT",
            "Name",
            "FROM",
            "manager",
            "ORDER",
            "BY",
            "LEVEL",
            "ASC"
        ],
        "query_toks_no_value": [
            "select",
            "name",
            "from",
            "manager",
            "order",
            "by",
            "level",
            "asc"
        ],
        "question": "What are the names of managers in ascending order of level?",
        "question_toks": [
            "What",
            "are",
            "the",
            "names",
            "of",
            "managers",
            "in",
            "ascending",
            "order",
            "of",
            "level",
            "?"
        ],
        "sql": {
            "from": {
                "table_units": [
                    [
                        "table_unit",
                        2
                    ]
                ],
                "conds": []
            },
            "select": [
                false,
                [
                    [
                        0,
                        [
                            0,
                            [
                                0,
                                15,
                                false
                            ],
                            null
                        ]
                    ]
                ]
            ],
            "where": [],
            "groupBy": [],
            "having": [],
            "orderBy": [
                "asc",
                [
                    [
                        0,
                        [
                            0,
                            19,
                            false
                        ],
                        null
                    ]
                ]
            ],
            "limit": null,
            "intersect": null,
            "union": null,
            "except": null
        },
        "complexity": "easy",
        "query_len": 8
    },
    {
        "db_id": "railway",
        "query": "SELECT Working_year_starts FROM manager ORDER BY LEVEL DESC",
        "query_toks": [
            "SELECT",
            "Working_year_starts",
            "FROM",
            "manager",
            "ORDER",
            "BY",
            "LEVEL",
            "DESC"
        ],
        "query_toks_no_value": [
            "select",
            "working_year_starts",
            "from",
            "manager",
            "order",
            "by",
            "level",
            "desc"
        ],
        "question": "Show the working years of managers in descending order of their level.",
        "question_toks": [
            "Show",
            "the",
            "working",
            "years",
            "of",
            "managers",
            "in",
            "descending",
            "order",
            "of",
            "their",
            "level",
            "."
        ],
        "sql": {
            "from": {
                "table_units": [
                    [
                        "table_unit",
                        2
                    ]
                ],
                "conds": []
            },
            "select": [
                false,
                [
                    [
                        0,
                        [
                            0,
                            [
                                0,
                                17,
                                false
                            ],
                            null
                        ]
                    ]
                ]
            ],
            "where": [],
            "groupBy": [],
            "having": [],
            "orderBy": [
                "desc",
                [
                    [
                        0,
                        [
                            0,
                            19,
                            false
                        ],
                        null
                    ]
                ]
            ],
            "limit": null,
            "intersect": null,
            "union": null,
            "except": null
        },
        "complexity": "easy",
        "query_len": 8
    },
    {
        "db_id": "railway",
        "query": "SELECT Builder ,  COUNT(*) FROM railway GROUP BY Builder",
        "query_toks": [
            "SELECT",
            "Builder",
            ",",
            "COUNT",
            "(",
            "*",
            ")",
            "FROM",
            "railway",
            "GROUP",
            "BY",
            "Builder"
        ],
        "query_toks_no_value": [
            "select",
            "builder",
            ",",
            "count",
            "(",
            "*",
            ")",
            "from",
            "railway",
            "group",
            "by",
            "builder"
        ],
        "question": "Show different builders of railways, along with the corresponding number of railways using each builder.",
        "question_toks": [
            "Show",
            "different",
            "builders",
            "of",
            "railways",
            ",",
            "along",
            "with",
            "the",
            "corresponding",
            "number",
            "of",
            "railways",
            "using",
            "each",
            "builder",
            "."
        ],
        "sql": {
            "from": {
                "table_units": [
                    [
                        "table_unit",
                        0
                    ]
                ],
                "conds": []
            },
            "select": [
                false,
                [
                    [
                        0,
                        [
                            0,
                            [
                                0,
                                3,
                                false
                            ],
                            null
                        ]
                    ],
                    [
                        3,
                        [
                            0,
                            [
                                0,
                                0,
                                false
                            ],
                            null
                        ]
                    ]
                ]
            ],
            "where": [],
            "groupBy": [
                [
                    0,
                    3,
                    false
                ]
            ],
            "having": [],
            "orderBy": [],
            "limit": null,
            "intersect": null,
            "union": null,
            "except": null
        },
        "complexity": "medium",
        "query_len": 12
    },
    {
        "db_id": "railway",
        "query": "SELECT LOCATION ,  COUNT(*) FROM railway GROUP BY LOCATION",
        "query_toks": [
            "SELECT",
            "LOCATION",
            ",",
            "COUNT",
            "(",
            "*",
            ")",
            "FROM",
            "railway",
            "GROUP",
            "BY",
            "LOCATION"
        ],
        "query_toks_no_value": [
            "select",
            "location",
            ",",
            "count",
            "(",
            "*",
            ")",
            "from",
            "railway",
            "group",
            "by",
            "location"
        ],
        "question": "Show different locations of railways along with the corresponding number of railways at each location.",
        "question_toks": [
            "Show",
            "different",
            "locations",
            "of",
            "railways",
            "along",
            "with",
            "the",
            "corresponding",
            "number",
            "of",
            "railways",
            "at",
            "each",
            "location",
            "."
        ],
        "sql": {
            "from": {
                "table_units": [
                    [
                        "table_unit",
                        0
                    ]
                ],
                "conds": []
            },
            "select": [
                false,
                [
                    [
                        0,
                        [
                            0,
                            [
                                0,
                                6,
                                false
                            ],
                            null
                        ]
                    ],
                    [
                        3,
                        [
                            0,
                            [
                                0,
                                0,
                                false
                            ],
                            null
                        ]
                    ]
                ]
            ],
            "where": [],
            "groupBy": [
                [
                    0,
                    6,
                    false
                ]
            ],
            "having": [],
            "orderBy": [],
            "limit": null,
            "intersect": null,
            "union": null,
            "except": null
        },
        "complexity": "medium",
        "query_len": 12
    },
    {
        "db_id": "railway",
        "query": "SELECT Country FROM manager WHERE Age  >  50 OR Age  <  46",
        "query_toks": [
            "SELECT",
            "Country",
            "FROM",
            "manager",
            "WHERE",
            "Age",
            ">",
            "50",
            "OR",
            "Age",
            "<",
            "46"
        ],
        "query_toks_no_value": [
            "select",
            "country",
            "from",
            "manager",
            "where",
            "age",
            ">",
            "value",
            "or",
            "age",
            "<",
            "value"
        ],
        "question": "Show the countries that have managers of age above 50 or below 46.",
        "question_toks": [
            "Show",
            "the",
            "countries",
            "that",
            "have",
            "managers",
            "of",
            "age",
            "above",
            "50",
            "or",
            "below",
            "46",
            "."
        ],
        "sql": {
            "from": {
                "table_units": [
                    [
                        "table_unit",
                        2
                    ]
                ],
                "conds": []
            },
            "select": [
                false,
                [
                    [
                        0,
                        [
                            0,
                            [
                                0,
                                16,
                                false
                            ],
                            null
                        ]
                    ]
                ]
            ],
            "where": [
                [
                    false,
                    3,
                    [
                        0,
                        [
                            0,
                            18,
                            false
                        ],
                        null
                    ],
                    50.0,
                    null
                ],
                "or",
                [
                    false,
                    4,
                    [
                        0,
                        [
                            0,
                            18,
                            false
                        ],
                        null
                    ],
                    46.0,
                    null
                ]
            ],
            "groupBy": [],
            "having": [],
            "orderBy": [],
            "limit": null,
            "intersect": null,
            "union": null,
            "except": null
        },
        "complexity": "medium",
        "query_len": 12
    },
    {
        "db_id": "railway",
        "query": "SELECT LOCATION FROM railway GROUP BY LOCATION HAVING COUNT(*)  >  1",
        "query_toks": [
            "SELECT",
            "LOCATION",
            "FROM",
            "railway",
            "GROUP",
            "BY",
            "LOCATION",
            "HAVING",
            "COUNT",
            "(",
            "*",
            ")",
            ">",
            "1"
        ],
        "query_toks_no_value": [
            "select",
            "location",
            "from",
            "railway",
            "group",
            "by",
            "location",
            "having",
            "count",
            "(",
            "*",
            ")",
            ">",
            "value"
        ],
        "question": "Show the locations that have more than one railways.",
        "question_toks": [
            "Show",
            "the",
            "locations",
            "that",
            "have",
            "more",
            "than",
            "one",
            "railways",
            "."
        ],
        "sql": {
            "from": {
                "table_units": [
                    [
                        "table_unit",
                        0
                    ]
                ],
                "conds": []
            },
            "select": [
                false,
                [
                    [
                        0,
                        [
                            0,
                            [
                                0,
                                6,
                                false
                            ],
                            null
                        ]
                    ]
                ]
            ],
            "where": [],
            "groupBy": [
                [
                    0,
                    6,
                    false
                ]
            ],
            "having": [
                [
                    false,
                    3,
                    [
                        0,
                        [
                            3,
                            0,
                            false
                        ],
                        null
                    ],
                    1.0,
                    null
                ]
            ],
            "orderBy": [],
            "limit": null,
            "intersect": null,
            "union": null,
            "except": null
        },
        "complexity": "easy",
        "query_len": 14
    },
    {
        "db_id": "railway",
        "query": "SELECT ObjectNumber FROM railway WHERE Railway_ID NOT IN (SELECT Railway_ID FROM train)",
        "query_toks": [
            "SELECT",
            "ObjectNumber",
            "FROM",
            "railway",
            "WHERE",
            "Railway_ID",
            "NOT",
            "IN",
            "(",
            "SELECT",
            "Railway_ID",
            "FROM",
            "train",
            ")"
        ],
        "query_toks_no_value": [
            "select",
            "objectnumber",
            "from",
            "railway",
            "where",
            "railway_id",
            "not",
            "in",
            "(",
            "select",
            "railway_id",
            "from",
            "train",
            ")"
        ],
        "question": "List the object number of railways that do not have any trains.",
        "question_toks": [
            "List",
            "the",
            "object",
            "number",
            "of",
            "railways",
            "that",
            "do",
            "not",
            "have",
            "any",
            "trains",
            "."
        ],
        "sql": {
            "from": {
                "table_units": [
                    [
                        "table_unit",
                        0
                    ]
                ],
                "conds": []
            },
            "select": [
                false,
                [
                    [
                        0,
                        [
                            0,
                            [
                                0,
                                7,
                                false
                            ],
                            null
                        ]
                    ]
                ]
            ],
            "where": [
                [
                    true,
                    8,
                    [
                        0,
                        [
                            0,
                            1,
                            false
                        ],
                        null
                    ],
                    {
                        "from": {
                            "table_units": [
                                [
                                    "table_unit",
                                    1
                                ]
                            ],
                            "conds": []
                        },
                        "select": [
                            false,
                            [
                                [
                                    0,
                                    [
                                        0,
                                        [
                                            0,
                                            13,
                                            false
                                        ],
                                        null
                                    ]
                                ]
                            ]
                        ],
                        "where": [],
                        "groupBy": [],
                        "having": [],
                        "orderBy": [],
                        "limit": null,
                        "intersect": null,
                        "union": null,
                        "except": null
                    },
                    null
                ]
            ],
            "groupBy": [],
            "having": [],
            "orderBy": [],
            "limit": null,
            "intersect": null,
            "union": null,
            "except": null
        },
        "complexity": "hard",
        "query_len": 14
    },
    {
        "db_id": "railway",
        "query": "SELECT T2.Name ,  T1.Location FROM railway AS T1 JOIN train AS T2 ON T1.Railway_ID  =  T2.Railway_ID",
        "query_toks": [
            "SELECT",
            "T2.Name",
            ",",
            "T1.Location",
            "FROM",
            "railway",
            "AS",
            "T1",
            "JOIN",
            "train",
            "AS",
            "T2",
            "ON",
            "T1.Railway_ID",
            "=",
            "T2.Railway_ID"
        ],
        "query_toks_no_value": [
            "select",
            "t2",
            ".",
            "name",
            ",",
            "t1",
            ".",
            "location",
            "from",
            "railway",
            "as",
            "t1",
            "join",
            "train",
            "as",
            "t2",
            "on",
            "t1",
            ".",
            "railway_id",
            "=",
            "t2",
            ".",
            "railway_id"
        ],
        "question": "Show the names of trains and locations of railways they are in.",
        "question_toks": [
            "Show",
            "the",
            "names",
            "of",
            "trains",
            "and",
            "locations",
            "of",
            "railways",
            "they",
            "are",
            "in",
            "."
        ],
        "sql": {
            "from": {
                "table_units": [
                    [
                        "table_unit",
                        0
                    ],
                    [
                        "table_unit",
                        1
                    ]
                ],
                "conds": [
                    [
                        false,
                        2,
                        [
                            0,
                            [
                                0,
                                1,
                                false
                            ],
                            null
                        ],
                        [
                            0,
                            13,
                            false
                        ],
                        null
                    ]
                ]
            },
            "select": [
                false,
                [
                    [
                        0,
                        [
                            0,
                            [
                                0,
                                10,
                                false
                            ],
                            null
                        ]
                    ],
                    [
                        0,
                        [
                            0,
                            [
                                0,
                                6,
                                false
                            ],
                            null
                        ]
                    ]
                ]
            ],
            "where": [],
            "groupBy": [],
            "having": [],
            "orderBy": [],
            "limit": null,
            "intersect": null,
            "union": null,
            "except": null
        },
        "complexity": "medium",
        "query_len": 16
    },
    {
        "db_id": "railway",
        "query": "SELECT Country FROM manager WHERE Age  >  50 INTERSECT SELECT Country FROM manager WHERE Age  <  46",
        "query_toks": [
            "SELECT",
            "Country",
            "FROM",
            "manager",
            "WHERE",
            "Age",
            ">",
            "50",
            "INTERSECT",
            "SELECT",
            "Country",
            "FROM",
            "manager",
            "WHERE",
            "Age",
            "<",
            "46"
        ],
        "query_toks_no_value": [
            "select",
            "country",
            "from",
            "manager",
            "where",
            "age",
            ">",
            "value",
            "intersect",
            "select",
            "country",
            "from",
            "manager",
            "where",
            "age",
            "<",
            "value"
        ],
        "question": "Show the countries that have both managers of age above 50 and managers of age below 46.",
        "question_toks": [
            "Show",
            "the",
            "countries",
            "that",
            "have",
            "both",
            "managers",
            "of",
            "age",
            "above",
            "50",
            "and",
            "managers",
            "of",
            "age",
            "below",
            "46",
            "."
        ],
        "sql": {
            "from": {
                "table_units": [
                    [
                        "table_unit",
                        2
                    ]
                ],
                "conds": []
            },
            "select": [
                false,
                [
                    [
                        0,
                        [
                            0,
                            [
                                0,
                                16,
                                false
                            ],
                            null
                        ]
                    ]
                ]
            ],
            "where": [
                [
                    false,
                    3,
                    [
                        0,
                        [
                            0,
                            18,
                            false
                        ],
                        null
                    ],
                    50.0,
                    null
                ]
            ],
            "groupBy": [],
            "having": [],
            "orderBy": [],
            "limit": null,
            "intersect": {
                "from": {
                    "table_units": [
                        [
                            "table_unit",
                            2
                        ]
                    ],
                    "conds": []
                },
                "select": [
                    false,
                    [
                        [
                            0,
                            [
                                0,
                                [
                                    0,
                                    16,
                                    false
                                ],
                                null
                            ]
                        ]
                    ]
                ],
                "where": [
                    [
                        false,
                        4,
                        [
                            0,
                            [
                                0,
                                18,
                                false
                            ],
                            null
                        ],
                        46.0,
                        null
                    ]
                ],
                "groupBy": [],
                "having": [],
                "orderBy": [],
                "limit": null,
                "intersect": null,
                "union": null,
                "except": null
            },
            "union": null,
            "except": null
        },
        "complexity": "hard",
        "query_len": 17
    },
    {
        "db_id": "railway",
        "query": "SELECT T1.Builder FROM railway AS T1 JOIN train AS T2 ON T1.Railway_ID  =  T2.Railway_ID WHERE T2.Name  =  \"Andaman Exp\"",
        "query_toks": [
            "SELECT",
            "T1.Builder",
            "FROM",
            "railway",
            "AS",
            "T1",
            "JOIN",
            "train",
            "AS",
            "T2",
            "ON",
            "T1.Railway_ID",
            "=",
            "T2.Railway_ID",
            "WHERE",
            "T2.Name",
            "=",
            "``",
            "Andaman",
            "Exp",
            "''"
        ],
        "query_toks_no_value": [
            "select",
            "t1",
            ".",
            "builder",
            "from",
            "railway",
            "as",
            "t1",
            "join",
            "train",
            "as",
            "t2",
            "on",
            "t1",
            ".",
            "railway_id",
            "=",
            "t2",
            ".",
            "railway_id",
            "where",
            "t2",
            ".",
            "name",
            "=",
            "value"
        ],
        "question": "Show the builder of railways associated with the trains named \"Andaman Exp\".",
        "question_toks": [
            "Show",
            "the",
            "builder",
            "of",
            "railways",
            "associated",
            "with",
            "the",
            "trains",
            "named",
            "``",
            "Andaman",
            "Exp",
            "''",
            "."
        ],
        "sql": {
            "from": {
                "table_units": [
                    [
                        "table_unit",
                        0
                    ],
                    [
                        "table_unit",
                        1
                    ]
                ],
                "conds": [
                    [
                        false,
                        2,
                        [
                            0,
                            [
                                0,
                                1,
                                false
                            ],
                            null
                        ],
                        [
                            0,
                            13,
                            false
                        ],
                        null
                    ]
                ]
            },
            "select": [
                false,
                [
                    [
                        0,
                        [
                            0,
                            [
                                0,
                                3,
                                false
                            ],
                            null
                        ]
                    ]
                ]
            ],
            "where": [
                [
                    false,
                    2,
                    [
                        0,
                        [
                            0,
                            10,
                            false
                        ],
                        null
                    ],
                    "\"Andaman Exp\"",
                    null
                ]
            ],
            "groupBy": [],
            "having": [],
            "orderBy": [],
            "limit": null,
            "intersect": null,
            "union": null,
            "except": null
        },
        "complexity": "medium",
        "query_len": 21
    },
    {
        "db_id": "railway",
        "query": "SELECT T2.Railway_ID ,  T1.Location FROM railway AS T1 JOIN train AS T2 ON T1.Railway_ID  =  T2.Railway_ID GROUP BY T2.Railway_ID HAVING COUNT(*)  >  1",
        "query_toks": [
            "SELECT",
            "T2.Railway_ID",
            ",",
            "T1.Location",
            "FROM",
            "railway",
            "AS",
            "T1",
            "JOIN",
            "train",
            "AS",
            "T2",
            "ON",
            "T1.Railway_ID",
            "=",
            "T2.Railway_ID",
            "GROUP",
            "BY",
            "T2.Railway_ID",
            "HAVING",
            "COUNT",
            "(",
            "*",
            ")",
            ">",
            "1"
        ],
        "query_toks_no_value": [
            "select",
            "t2",
            ".",
            "railway_id",
            ",",
            "t1",
            ".",
            "location",
            "from",
            "railway",
            "as",
            "t1",
            "join",
            "train",
            "as",
            "t2",
            "on",
            "t1",
            ".",
            "railway_id",
            "=",
            "t2",
            ".",
            "railway_id",
            "group",
            "by",
            "t2",
            ".",
            "railway_id",
            "having",
            "count",
            "(",
            "*",
            ")",
            ">",
            "value"
        ],
        "question": "Show id and location of railways that are associated with more than one train.",
        "question_toks": [
            "Show",
            "id",
            "and",
            "location",
            "of",
            "railways",
            "that",
            "are",
            "associated",
            "with",
            "more",
            "than",
            "one",
            "train",
            "."
        ],
        "sql": {
            "from": {
                "table_units": [
                    [
                        "table_unit",
                        0
                    ],
                    [
                        "table_unit",
                        1
                    ]
                ],
                "conds": [
                    [
                        false,
                        2,
                        [
                            0,
                            [
                                0,
                                1,
                                false
                            ],
                            null
                        ],
                        [
                            0,
                            13,
                            false
                        ],
                        null
                    ]
                ]
            },
            "select": [
                false,
                [
                    [
                        0,
                        [
                            0,
                            [
                                0,
                                13,
                                false
                            ],
                            null
                        ]
                    ],
                    [
                        0,
                        [
                            0,
                            [
                                0,
                                6,
                                false
                            ],
                            null
                        ]
                    ]
                ]
            ],
            "where": [],
            "groupBy": [
                [
                    0,
                    13,
                    false
                ]
            ],
            "having": [
                [
                    false,
                    3,
                    [
                        0,
                        [
                            3,
                            0,
                            false
                        ],
                        null
                    ],
                    1.0,
                    null
                ]
            ],
            "orderBy": [],
            "limit": null,
            "intersect": null,
            "union": null,
            "except": null
        },
        "complexity": "medium",
        "query_len": 26
    }
]