[
    {
        "db_id": "riding_club",
        "query": "SELECT count(*) FROM player",
        "query_toks": [
            "SELECT",
            "count",
            "(",
            "*",
            ")",
            "FROM",
            "player"
        ],
        "query_toks_no_value": [
            "select",
            "count",
            "(",
            "*",
            ")",
            "from",
            "player"
        ],
        "question": "How many players are there?",
        "question_toks": [
            "How",
            "many",
            "players",
            "are",
            "there",
            "?"
        ],
        "sql": {
            "from": {
                "table_units": [
                    [
                        "table_unit",
                        0
                    ]
                ],
                "conds": []
            },
            "select": [
                false,
                [
                    [
                        3,
                        [
                            0,
                            [
                                0,
                                0,
                                false
                            ],
                            null
                        ]
                    ]
                ]
            ],
            "where": [],
            "groupBy": [],
            "having": [],
            "orderBy": [],
            "limit": null,
            "intersect": null,
            "union": null,
            "except": null
        },
        "complexity": "easy",
        "query_len": 7
    },
    {
        "db_id": "riding_club",
        "query": "SELECT Player_name FROM player ORDER BY Votes ASC",
        "query_toks": [
            "SELECT",
            "Player_name",
            "FROM",
            "player",
            "ORDER",
            "BY",
            "Votes",
            "ASC"
        ],
        "query_toks_no_value": [
            "select",
            "player_name",
            "from",
            "player",
            "order",
            "by",
            "votes",
            "asc"
        ],
        "question": "List the names of players in ascending order of votes.",
        "question_toks": [
            "List",
            "the",
            "names",
            "of",
            "players",
            "in",
            "ascending",
            "order",
            "of",
            "votes",
            "."
        ],
        "sql": {
            "from": {
                "table_units": [
                    [
                        "table_unit",
                        0
                    ]
                ],
                "conds": []
            },
            "select": [
                false,
                [
                    [
                        0,
                        [
                            0,
                            [
                                0,
                                3,
                                false
                            ],
                            null
                        ]
                    ]
                ]
            ],
            "where": [],
            "groupBy": [],
            "having": [],
            "orderBy": [
                "asc",
                [
                    [
                        0,
                        [
                            0,
                            7,
                            false
                        ],
                        null
                    ]
                ]
            ],
            "limit": null,
            "intersect": null,
            "union": null,
            "except": null
        },
        "complexity": "easy",
        "query_len": 8
    },
    {
        "db_id": "riding_club",
        "query": "SELECT Player_name FROM player ORDER BY Votes DESC LIMIT 1",
        "query_toks": [
            "SELECT",
            "Player_name",
            "FROM",
            "player",
            "ORDER",
            "BY",
            "Votes",
            "DESC",
            "LIMIT",
            "1"
        ],
        "query_toks_no_value": [
            "select",
            "player_name",
            "from",
            "player",
            "order",
            "by",
            "votes",
            "desc",
            "limit",
            "value"
        ],
        "question": "What is the name of the player with the largest number of votes?",
        "question_toks": [
            "What",
            "is",
            "the",
            "name",
            "of",
            "the",
            "player",
            "with",
            "the",
            "largest",
            "number",
            "of",
            "votes",
            "?"
        ],
        "sql": {
            "from": {
                "table_units": [
                    [
                        "table_unit",
                        0
                    ]
                ],
                "conds": []
            },
            "select": [
                false,
                [
                    [
                        0,
                        [
                            0,
                            [
                                0,
                                3,
                                false
                            ],
                            null
                        ]
                    ]
                ]
            ],
            "where": [],
            "groupBy": [],
            "having": [],
            "orderBy": [
                "desc",
                [
                    [
                        0,
                        [
                            0,
                            7,
                            false
                        ],
                        null
                    ]
                ]
            ],
            "limit": 1,
            "intersect": null,
            "union": null,
            "except": null
        },
        "complexity": "medium",
        "query_len": 10
    },
    {
        "db_id": "riding_club",
        "query": "SELECT Player_name ,  residence FROM player WHERE Occupation != \"Researcher\"",
        "query_toks": [
            "SELECT",
            "Player_name",
            ",",
            "residence",
            "FROM",
            "player",
            "WHERE",
            "Occupation",
            "!",
            "=",
            "``",
            "Researcher",
            "''"
        ],
        "query_toks_no_value": [
            "select",
            "player_name",
            ",",
            "residence",
            "from",
            "player",
            "where",
            "occupation",
            "!",
            "=",
            "value"
        ],
        "question": "List the name and residence for players whose occupation is not \"Researcher\".",
        "question_toks": [
            "List",
            "the",
            "name",
            "and",
            "residence",
            "for",
            "players",
            "whose",
            "occupation",
            "is",
            "not",
            "``",
            "Researcher",
            "''",
            "."
        ],
        "sql": {
            "from": {
                "table_units": [
                    [
                        "table_unit",
                        0
                    ]
                ],
                "conds": []
            },
            "select": [
                false,
                [
                    [
                        0,
                        [
                            0,
                            [
                                0,
                                3,
                                false
                            ],
                            null
                        ]
                    ],
                    [
                        0,
                        [
                            0,
                            [
                                0,
                                5,
                                false
                            ],
                            null
                        ]
                    ]
                ]
            ],
            "where": [
                [
                    false,
                    7,
                    [
                        0,
                        [
                            0,
                            6,
                            false
                        ],
                        null
                    ],
                    "\"Researcher\"",
                    null
                ]
            ],
            "groupBy": [],
            "having": [],
            "orderBy": [],
            "limit": null,
            "intersect": null,
            "union": null,
            "except": null
        },
        "complexity": "medium",
        "query_len": 13
    },
    {
        "db_id": "riding_club",
        "query": "SELECT Player_name FROM player WHERE Player_ID NOT IN (SELECT Player_ID FROM player_coach)",
        "query_toks": [
            "SELECT",
            "Player_name",
            "FROM",
            "player",
            "WHERE",
            "Player_ID",
            "NOT",
            "IN",
            "(",
            "SELECT",
            "Player_ID",
            "FROM",
            "player_coach",
            ")"
        ],
        "query_toks_no_value": [
            "select",
            "player_name",
            "from",
            "player",
            "where",
            "player_id",
            "not",
            "in",
            "(",
            "select",
            "player_id",
            "from",
            "player_coach",
            ")"
        ],
        "question": "List the names of players that do not have coaches.",
        "question_toks": [
            "List",
            "the",
            "names",
            "of",
            "players",
            "that",
            "do",
            "not",
            "have",
            "coaches",
            "."
        ],
        "sql": {
            "from": {
                "table_units": [
                    [
                        "table_unit",
                        0
                    ]
                ],
                "conds": []
            },
            "select": [
                false,
                [
                    [
                        0,
                        [
                            0,
                            [
                                0,
                                3,
                                false
                            ],
                            null
                        ]
                    ]
                ]
            ],
            "where": [
                [
                    true,
                    8,
                    [
                        0,
                        [
                            0,
                            1,
                            false
                        ],
                        null
                    ],
                    {
                        "from": {
                            "table_units": [
                                [
                                    "table_unit",
                                    3
                                ]
                            ],
                            "conds": []
                        },
                        "select": [
                            false,
                            [
                                [
                                    0,
                                    [
                                        0,
                                        [
                                            0,
                                            18,
                                            false
                                        ],
                                        null
                                    ]
                                ]
                            ]
                        ],
                        "where": [],
                        "groupBy": [],
                        "having": [],
                        "orderBy": [],
                        "limit": null,
                        "intersect": null,
                        "union": null,
                        "except": null
                    },
                    null
                ]
            ],
            "groupBy": [],
            "having": [],
            "orderBy": [],
            "limit": null,
            "intersect": null,
            "union": null,
            "except": null
        },
        "complexity": "hard",
        "query_len": 14
    },
    {
        "db_id": "riding_club",
        "query": "SELECT Residence FROM player GROUP BY Residence HAVING COUNT(*)  >=  2",
        "query_toks": [
            "SELECT",
            "Residence",
            "FROM",
            "player",
            "GROUP",
            "BY",
            "Residence",
            "HAVING",
            "COUNT",
            "(",
            "*",
            ")",
            ">",
            "=",
            "2"
        ],
        "query_toks_no_value": [
            "select",
            "residence",
            "from",
            "player",
            "group",
            "by",
            "residence",
            "having",
            "count",
            "(",
            "*",
            ")",
            ">",
            "=",
            "value"
        ],
        "question": "Show the residences that have at least two players.",
        "question_toks": [
            "Show",
            "the",
            "residences",
            "that",
            "have",
            "at",
            "least",
            "two",
            "players",
            "."
        ],
        "sql": {
            "from": {
                "table_units": [
                    [
                        "table_unit",
                        0
                    ]
                ],
                "conds": []
            },
            "select": [
                false,
                [
                    [
                        0,
                        [
                            0,
                            [
                                0,
                                5,
                                false
                            ],
                            null
                        ]
                    ]
                ]
            ],
            "where": [],
            "groupBy": [
                [
                    0,
                    5,
                    false
                ]
            ],
            "having": [
                [
                    false,
                    5,
                    [
                        0,
                        [
                            3,
                            0,
                            false
                        ],
                        null
                    ],
                    2.0,
                    null
                ]
            ],
            "orderBy": [],
            "limit": null,
            "intersect": null,
            "union": null,
            "except": null
        },
        "complexity": "easy",
        "query_len": 15
    },
    {
        "db_id": "riding_club",
        "query": "SELECT Occupation FROM player GROUP BY Occupation ORDER BY COUNT(*) DESC LIMIT 1",
        "query_toks": [
            "SELECT",
            "Occupation",
            "FROM",
            "player",
            "GROUP",
            "BY",
            "Occupation",
            "ORDER",
            "BY",
            "COUNT",
            "(",
            "*",
            ")",
            "DESC",
            "LIMIT",
            "1"
        ],
        "query_toks_no_value": [
            "select",
            "occupation",
            "from",
            "player",
            "group",
            "by",
            "occupation",
            "order",
            "by",
            "count",
            "(",
            "*",
            ")",
            "desc",
            "limit",
            "value"
        ],
        "question": "Please show the most common occupation of players.",
        "question_toks": [
            "Please",
            "show",
            "the",
            "most",
            "common",
            "occupation",
            "of",
            "players",
            "."
        ],
        "sql": {
            "from": {
                "table_units": [
                    [
                        "table_unit",
                        0
                    ]
                ],
                "conds": []
            },
            "select": [
                false,
                [
                    [
                        0,
                        [
                            0,
                            [
                                0,
                                6,
                                false
                            ],
                            null
                        ]
                    ]
                ]
            ],
            "where": [],
            "groupBy": [
                [
                    0,
                    6,
                    false
                ]
            ],
            "having": [],
            "orderBy": [
                "desc",
                [
                    [
                        0,
                        [
                            3,
                            0,
                            false
                        ],
                        null
                    ]
                ]
            ],
            "limit": 1,
            "intersect": null,
            "union": null,
            "except": null
        },
        "complexity": "hard",
        "query_len": 16
    },
    {
        "db_id": "riding_club",
        "query": "SELECT Residence FROM player WHERE gender  =  \"M\" INTERSECT SELECT Residence FROM player WHERE gender  =  \"F\"",
        "query_toks": [
            "SELECT",
            "Residence",
            "FROM",
            "player",
            "WHERE",
            "gender",
            "=",
            "``",
            "M",
            "''",
            "INTERSECT",
            "SELECT",
            "Residence",
            "FROM",
            "player",
            "WHERE",
            "gender",
            "=",
            "``",
            "F",
            "''"
        ],
        "query_toks_no_value": [
            "select",
            "residence",
            "from",
            "player",
            "where",
            "gender",
            "=",
            "value",
            "intersect",
            "select",
            "residence",
            "from",
            "player",
            "where",
            "gender",
            "=",
            "value"
        ],
        "question": "Show the residences that have both a player of gender \"M\" and a player of gender \"F\".",
        "question_toks": [
            "Show",
            "the",
            "residences",
            "that",
            "have",
            "both",
            "a",
            "player",
            "of",
            "gender",
            "``",
            "M",
            "''",
            "and",
            "a",
            "player",
            "of",
            "gender",
            "``",
            "F",
            "''",
            "."
        ],
        "sql": {
            "from": {
                "table_units": [
                    [
                        "table_unit",
                        0
                    ]
                ],
                "conds": []
            },
            "select": [
                false,
                [
                    [
                        0,
                        [
                            0,
                            [
                                0,
                                5,
                                false
                            ],
                            null
                        ]
                    ]
                ]
            ],
            "where": [
                [
                    false,
                    2,
                    [
                        0,
                        [
                            0,
                            4,
                            false
                        ],
                        null
                    ],
                    "\"M\"",
                    null
                ]
            ],
            "groupBy": [],
            "having": [],
            "orderBy": [],
            "limit": null,
            "intersect": {
                "from": {
                    "table_units": [
                        [
                            "table_unit",
                            0
                        ]
                    ],
                    "conds": []
                },
                "select": [
                    false,
                    [
                        [
                            0,
                            [
                                0,
                                [
                                    0,
                                    5,
                                    false
                                ],
                                null
                            ]
                        ]
                    ]
                ],
                "where": [
                    [
                        false,
                        2,
                        [
                            0,
                            [
                                0,
                                4,
                                false
                            ],
                            null
                        ],
                        "\"F\"",
                        null
                    ]
                ],
                "groupBy": [],
                "having": [],
                "orderBy": [],
                "limit": null,
                "intersect": null,
                "union": null,
                "except": null
            },
            "union": null,
            "except": null
        },
        "complexity": "hard",
        "query_len": 21
    },
    {
        "db_id": "riding_club",
        "query": "SELECT T3.Player_name ,  T2.coach_name FROM player_coach AS T1 JOIN coach AS T2 ON T1.Coach_ID  =  T2.Coach_ID JOIN player AS T3 ON T1.Player_ID  =  T3.Player_ID",
        "query_toks": [
            "SELECT",
            "T3.Player_name",
            ",",
            "T2.coach_name",
            "FROM",
            "player_coach",
            "AS",
            "T1",
            "JOIN",
            "coach",
            "AS",
            "T2",
            "ON",
            "T1.Coach_ID",
            "=",
            "T2.Coach_ID",
            "JOIN",
            "player",
            "AS",
            "T3",
            "ON",
            "T1.Player_ID",
            "=",
            "T3.Player_ID"
        ],
        "query_toks_no_value": [
            "select",
            "t3",
            ".",
            "player_name",
            ",",
            "t2",
            ".",
            "coach_name",
            "from",
            "player_coach",
            "as",
            "t1",
            "join",
            "coach",
            "as",
            "t2",
            "on",
            "t1",
            ".",
            "coach_id",
            "=",
            "t2",
            ".",
            "coach_id",
            "join",
            "player",
            "as",
            "t3",
            "on",
            "t1",
            ".",
            "player_id",
            "=",
            "t3",
            ".",
            "player_id"
        ],
        "question": "Show the names of players and names of their coaches.",
        "question_toks": [
            "Show",
            "the",
            "names",
            "of",
            "players",
            "and",
            "names",
            "of",
            "their",
            "coaches",
            "."
        ],
        "sql": {
            "from": {
                "table_units": [
                    [
                        "table_unit",
                        3
                    ],
                    [
                        "table_unit",
                        2
                    ],
                    [
                        "table_unit",
                        0
                    ]
                ],
                "conds": [
                    [
                        false,
                        2,
                        [
                            0,
                            [
                                0,
                                19,
                                false
                            ],
                            null
                        ],
                        [
                            0,
                            13,
                            false
                        ],
                        null
                    ],
                    "and",
                    [
                        false,
                        2,
                        [
                            0,
                            [
                                0,
                                18,
                                false
                            ],
                            null
                        ],
                        [
                            0,
                            1,
                            false
                        ],
                        null
                    ]
                ]
            },
            "select": [
                false,
                [
                    [
                        0,
                        [
                            0,
                            [
                                0,
                                3,
                                false
                            ],
                            null
                        ]
                    ],
                    [
                        0,
                        [
                            0,
                            [
                                0,
                                14,
                                false
                            ],
                            null
                        ]
                    ]
                ]
            ],
            "where": [],
            "groupBy": [],
            "having": [],
            "orderBy": [],
            "limit": null,
            "intersect": null,
            "union": null,
            "except": null
        },
        "complexity": "medium",
        "query_len": 24
    },
    {
        "db_id": "riding_club",
        "query": "SELECT T3.Player_name FROM player_coach AS T1 JOIN coach AS T2 ON T1.Coach_ID  =  T2.Coach_ID JOIN player AS T3 ON T1.Player_ID  =  T3.Player_ID WHERE T2.Rank  =  1",
        "query_toks": [
            "SELECT",
            "T3.Player_name",
            "FROM",
            "player_coach",
            "AS",
            "T1",
            "JOIN",
            "coach",
            "AS",
            "T2",
            "ON",
            "T1.Coach_ID",
            "=",
            "T2.Coach_ID",
            "JOIN",
            "player",
            "AS",
            "T3",
            "ON",
            "T1.Player_ID",
            "=",
            "T3.Player_ID",
            "WHERE",
            "T2.Rank",
            "=",
            "1"
        ],
        "query_toks_no_value": [
            "select",
            "t3",
            ".",
            "player_name",
            "from",
            "player_coach",
            "as",
            "t1",
            "join",
            "coach",
            "as",
            "t2",
            "on",
            "t1",
            ".",
            "coach_id",
            "=",
            "t2",
            ".",
            "coach_id",
            "join",
            "player",
            "as",
            "t3",
            "on",
            "t1",
            ".",
            "player_id",
            "=",
            "t3",
            ".",
            "player_id",
            "where",
            "t2",
            ".",
            "rank",
            "=",
            "value"
        ],
        "question": "Show the names of players coached by the rank 1 coach.",
        "question_toks": [
            "Show",
            "the",
            "names",
            "of",
            "players",
            "coached",
            "by",
            "the",
            "rank",
            "1",
            "coach",
            "."
        ],
        "sql": {
            "from": {
                "table_units": [
                    [
                        "table_unit",
                        3
                    ],
                    [
                        "table_unit",
                        2
                    ],
                    [
                        "table_unit",
                        0
                    ]
                ],
                "conds": [
                    [
                        false,
                        2,
                        [
                            0,
                            [
                                0,
                                19,
                                false
                            ],
                            null
                        ],
                        [
                            0,
                            13,
                            false
                        ],
                        null
                    ],
                    "and",
                    [
                        false,
                        2,
                        [
                            0,
                            [
                                0,
                                18,
                                false
                            ],
                            null
                        ],
                        [
                            0,
                            1,
                            false
                        ],
                        null
                    ]
                ]
            },
            "select": [
                false,
                [
                    [
                        0,
                        [
                            0,
                            [
                                0,
                                3,
                                false
                            ],
                            null
                        ]
                    ]
                ]
            ],
            "where": [
                [
                    false,
                    2,
                    [
                        0,
                        [
                            0,
                            17,
                            false
                        ],
                        null
                    ],
                    1.0,
                    null
                ]
            ],
            "groupBy": [],
            "having": [],
            "orderBy": [],
            "limit": null,
            "intersect": null,
            "union": null,
            "except": null
        },
        "complexity": "hard",
        "query_len": 26
    },
    {
        "db_id": "riding_club",
        "query": "SELECT T3.Player_name ,  T3.gender FROM player_coach AS T1 JOIN coach AS T2 ON T1.Coach_ID  =  T2.Coach_ID JOIN player AS T3 ON T1.Player_ID  =  T3.Player_ID WHERE T1.Starting_year  >  2011",
        "query_toks": [
            "SELECT",
            "T3.Player_name",
            ",",
            "T3.gender",
            "FROM",
            "player_coach",
            "AS",
            "T1",
            "JOIN",
            "coach",
            "AS",
            "T2",
            "ON",
            "T1.Coach_ID",
            "=",
            "T2.Coach_ID",
            "JOIN",
            "player",
            "AS",
            "T3",
            "ON",
            "T1.Player_ID",
            "=",
            "T3.Player_ID",
            "WHERE",
            "T1.Starting_year",
            ">",
            "2011"
        ],
        "query_toks_no_value": [
            "select",
            "t3",
            ".",
            "player_name",
            ",",
            "t3",
            ".",
            "gender",
            "from",
            "player_coach",
            "as",
            "t1",
            "join",
            "coach",
            "as",
            "t2",
            "on",
            "t1",
            ".",
            "coach_id",
            "=",
            "t2",
            ".",
            "coach_id",
            "join",
            "player",
            "as",
            "t3",
            "on",
            "t1",
            ".",
            "player_id",
            "=",
            "t3",
            ".",
            "player_id",
            "where",
            "t1",
            ".",
            "starting_year",
            ">",
            "value"
        ],
        "question": "Show the names and genders of players with a coach starting after 2011.",
        "question_toks": [
            "Show",
            "the",
            "names",
            "and",
            "genders",
            "of",
            "players",
            "with",
            "a",
            "coach",
            "starting",
            "after",
            "2011",
            "."
        ],
        "sql": {
            "from": {
                "table_units": [
                    [
                        "table_unit",
                        3
                    ],
                    [
                        "table_unit",
                        2
                    ],
                    [
                        "table_unit",
                        0
                    ]
                ],
                "conds": [
                    [
                        false,
                        2,
                        [
                            0,
                            [
                                0,
                                19,
                                false
                            ],
                            null
                        ],
                        [
                            0,
                            13,
                            false
                        ],
                        null
                    ],
                    "and",
                    [
                        false,
                        2,
                        [
                            0,
                            [
                                0,
                                18,
                                false
                            ],
                            null
                        ],
                        [
                            0,
                            1,
                            false
                        ],
                        null
                    ]
                ]
            },
            "select": [
                false,
                [
                    [
                        0,
                        [
                            0,
                            [
                                0,
                                3,
                                false
                            ],
                            null
                        ]
                    ],
                    [
                        0,
                        [
                            0,
                            [
                                0,
                                4,
                                false
                            ],
                            null
                        ]
                    ]
                ]
            ],
            "where": [
                [
                    false,
                    3,
                    [
                        0,
                        [
                            0,
                            20,
                            false
                        ],
                        null
                    ],
                    2011.0,
                    null
                ]
            ],
            "groupBy": [],
            "having": [],
            "orderBy": [],
            "limit": null,
            "intersect": null,
            "union": null,
            "except": null
        },
        "complexity": "hard",
        "query_len": 28
    },
    {
        "db_id": "riding_club",
        "query": "SELECT T3.Player_name ,  T2.coach_name FROM player_coach AS T1 JOIN coach AS T2 ON T1.Coach_ID  =  T2.Coach_ID JOIN player AS T3 ON T1.Player_ID  =  T3.Player_ID ORDER BY T3.Votes DESC",
        "query_toks": [
            "SELECT",
            "T3.Player_name",
            ",",
            "T2.coach_name",
            "FROM",
            "player_coach",
            "AS",
            "T1",
            "JOIN",
            "coach",
            "AS",
            "T2",
            "ON",
            "T1.Coach_ID",
            "=",
            "T2.Coach_ID",
            "JOIN",
            "player",
            "AS",
            "T3",
            "ON",
            "T1.Player_ID",
            "=",
            "T3.Player_ID",
            "ORDER",
            "BY",
            "T3.Votes",
            "DESC"
        ],
        "query_toks_no_value": [
            "select",
            "t3",
            ".",
            "player_name",
            ",",
            "t2",
            ".",
            "coach_name",
            "from",
            "player_coach",
            "as",
            "t1",
            "join",
            "coach",
            "as",
            "t2",
            "on",
            "t1",
            ".",
            "coach_id",
            "=",
            "t2",
            ".",
            "coach_id",
            "join",
            "player",
            "as",
            "t3",
            "on",
            "t1",
            ".",
            "player_id",
            "=",
            "t3",
            ".",
            "player_id",
            "order",
            "by",
            "t3",
            ".",
            "votes",
            "desc"
        ],
        "question": "Show the names of players and names of their coaches in descending order of the votes of players.",
        "question_toks": [
            "Show",
            "the",
            "names",
            "of",
            "players",
            "and",
            "names",
            "of",
            "their",
            "coaches",
            "in",
            "descending",
            "order",
            "of",
            "the",
            "votes",
            "of",
            "players",
            "."
        ],
        "sql": {
            "from": {
                "table_units": [
                    [
                        "table_unit",
                        3
                    ],
                    [
                        "table_unit",
                        2
                    ],
                    [
                        "table_unit",
                        0
                    ]
                ],
                "conds": [
                    [
                        false,
                        2,
                        [
                            0,
                            [
                                0,
                                19,
                                false
                            ],
                            null
                        ],
                        [
                            0,
                            13,
                            false
                        ],
                        null
                    ],
                    "and",
                    [
                        false,
                        2,
                        [
                            0,
                            [
                                0,
                                18,
                                false
                            ],
                            null
                        ],
                        [
                            0,
                            1,
                            false
                        ],
                        null
                    ]
                ]
            },
            "select": [
                false,
                [
                    [
                        0,
                        [
                            0,
                            [
                                0,
                                3,
                                false
                            ],
                            null
                        ]
                    ],
                    [
                        0,
                        [
                            0,
                            [
                                0,
                                14,
                                false
                            ],
                            null
                        ]
                    ]
                ]
            ],
            "where": [],
            "groupBy": [],
            "having": [],
            "orderBy": [
                "desc",
                [
                    [
                        0,
                        [
                            0,
                            7,
                            false
                        ],
                        null
                    ]
                ]
            ],
            "limit": null,
            "intersect": null,
            "union": null,
            "except": null
        },
        "complexity": "hard",
        "query_len": 28
    }
]