[
    {
        "db_id": "roller_coaster",
        "query": "SELECT LENGTH ,  Height FROM roller_coaster",
        "query_toks": [
            "SELECT",
            "LENGTH",
            ",",
            "Height",
            "FROM",
            "roller_coaster"
        ],
        "query_toks_no_value": [
            "select",
            "length",
            ",",
            "height",
            "from",
            "roller_coaster"
        ],
        "question": "What are the lengths and heights of roller coasters?",
        "question_toks": [
            "What",
            "are",
            "the",
            "lengths",
            "and",
            "heights",
            "of",
            "roller",
            "coasters",
            "?"
        ],
        "sql": {
            "from": {
                "table_units": [
                    [
                        "table_unit",
                        0
                    ]
                ],
                "conds": []
            },
            "select": [
                false,
                [
                    [
                        0,
                        [
                            0,
                            [
                                0,
                                5,
                                false
                            ],
                            null
                        ]
                    ],
                    [
                        0,
                        [
                            0,
                            [
                                0,
                                6,
                                false
                            ],
                            null
                        ]
                    ]
                ]
            ],
            "where": [],
            "groupBy": [],
            "having": [],
            "orderBy": [],
            "limit": null,
            "intersect": null,
            "union": null,
            "except": null
        },
        "complexity": "medium",
        "query_len": 6
    },
    {
        "db_id": "roller_coaster",
        "query": "SELECT count(*) FROM roller_coaster",
        "query_toks": [
            "SELECT",
            "count",
            "(",
            "*",
            ")",
            "FROM",
            "roller_coaster"
        ],
        "query_toks_no_value": [
            "select",
            "count",
            "(",
            "*",
            ")",
            "from",
            "roller_coaster"
        ],
        "question": "How many roller coasters are there?",
        "question_toks": [
            "How",
            "many",
            "roller",
            "coasters",
            "are",
            "there",
            "?"
        ],
        "sql": {
            "from": {
                "table_units": [
                    [
                        "table_unit",
                        0
                    ]
                ],
                "conds": []
            },
            "select": [
                false,
                [
                    [
                        3,
                        [
                            0,
                            [
                                0,
                                0,
                                false
                            ],
                            null
                        ]
                    ]
                ]
            ],
            "where": [],
            "groupBy": [],
            "having": [],
            "orderBy": [],
            "limit": null,
            "intersect": null,
            "union": null,
            "except": null
        },
        "complexity": "easy",
        "query_len": 7
    },
    {
        "db_id": "roller_coaster",
        "query": "SELECT avg(Speed) FROM roller_coaster",
        "query_toks": [
            "SELECT",
            "avg",
            "(",
            "Speed",
            ")",
            "FROM",
            "roller_coaster"
        ],
        "query_toks_no_value": [
            "select",
            "avg",
            "(",
            "speed",
            ")",
            "from",
            "roller_coaster"
        ],
        "question": "What is the average speed of roller coasters?",
        "question_toks": [
            "What",
            "is",
            "the",
            "average",
            "speed",
            "of",
            "roller",
            "coasters",
            "?"
        ],
        "sql": {
            "from": {
                "table_units": [
                    [
                        "table_unit",
                        0
                    ]
                ],
                "conds": []
            },
            "select": [
                false,
                [
                    [
                        5,
                        [
                            0,
                            [
                                0,
                                7,
                                false
                            ],
                            null
                        ]
                    ]
                ]
            ],
            "where": [],
            "groupBy": [],
            "having": [],
            "orderBy": [],
            "limit": null,
            "intersect": null,
            "union": null,
            "except": null
        },
        "complexity": "easy",
        "query_len": 7
    },
    {
        "db_id": "roller_coaster",
        "query": "SELECT Name FROM roller_coaster ORDER BY LENGTH ASC",
        "query_toks": [
            "SELECT",
            "Name",
            "FROM",
            "roller_coaster",
            "ORDER",
            "BY",
            "LENGTH",
            "ASC"
        ],
        "query_toks_no_value": [
            "select",
            "name",
            "from",
            "roller_coaster",
            "order",
            "by",
            "length",
            "asc"
        ],
        "question": "List the names of roller coasters by ascending order of length.",
        "question_toks": [
            "List",
            "the",
            "names",
            "of",
            "roller",
            "coasters",
            "by",
            "ascending",
            "order",
            "of",
            "length",
            "."
        ],
        "sql": {
            "from": {
                "table_units": [
                    [
                        "table_unit",
                        0
                    ]
                ],
                "conds": []
            },
            "select": [
                false,
                [
                    [
                        0,
                        [
                            0,
                            [
                                0,
                                2,
                                false
                            ],
                            null
                        ]
                    ]
                ]
            ],
            "where": [],
            "groupBy": [],
            "having": [],
            "orderBy": [
                "asc",
                [
                    [
                        0,
                        [
                            0,
                            5,
                            false
                        ],
                        null
                    ]
                ]
            ],
            "limit": null,
            "intersect": null,
            "union": null,
            "except": null
        },
        "complexity": "easy",
        "query_len": 8
    },
    {
        "db_id": "roller_coaster",
        "query": "SELECT Speed FROM roller_coaster ORDER BY LENGTH DESC LIMIT 1",
        "query_toks": [
            "SELECT",
            "Speed",
            "FROM",
            "roller_coaster",
            "ORDER",
            "BY",
            "LENGTH",
            "DESC",
            "LIMIT",
            "1"
        ],
        "query_toks_no_value": [
            "select",
            "speed",
            "from",
            "roller_coaster",
            "order",
            "by",
            "length",
            "desc",
            "limit",
            "value"
        ],
        "question": "What are the speeds of the longest roller coaster?",
        "question_toks": [
            "What",
            "are",
            "the",
            "speeds",
            "of",
            "the",
            "longest",
            "roller",
            "coaster",
            "?"
        ],
        "sql": {
            "from": {
                "table_units": [
                    [
                        "table_unit",
                        0
                    ]
                ],
                "conds": []
            },
            "select": [
                false,
                [
                    [
                        0,
                        [
                            0,
                            [
                                0,
                                7,
                                false
                            ],
                            null
                        ]
                    ]
                ]
            ],
            "where": [],
            "groupBy": [],
            "having": [],
            "orderBy": [
                "desc",
                [
                    [
                        0,
                        [
                            0,
                            5,
                            false
                        ],
                        null
                    ]
                ]
            ],
            "limit": 1,
            "intersect": null,
            "union": null,
            "except": null
        },
        "complexity": "medium",
        "query_len": 10
    },
    {
        "db_id": "roller_coaster",
        "query": "SELECT Park FROM roller_coaster ORDER BY Speed DESC LIMIT 1",
        "query_toks": [
            "SELECT",
            "Park",
            "FROM",
            "roller_coaster",
            "ORDER",
            "BY",
            "Speed",
            "DESC",
            "LIMIT",
            "1"
        ],
        "query_toks_no_value": [
            "select",
            "park",
            "from",
            "roller_coaster",
            "order",
            "by",
            "speed",
            "desc",
            "limit",
            "value"
        ],
        "question": "Show the park of the roller coaster with the highest speed.",
        "question_toks": [
            "Show",
            "the",
            "park",
            "of",
            "the",
            "roller",
            "coaster",
            "with",
            "the",
            "highest",
            "speed",
            "."
        ],
        "sql": {
            "from": {
                "table_units": [
                    [
                        "table_unit",
                        0
                    ]
                ],
                "conds": []
            },
            "select": [
                false,
                [
                    [
                        0,
                        [
                            0,
                            [
                                0,
                                3,
                                false
                            ],
                            null
                        ]
                    ]
                ]
            ],
            "where": [],
            "groupBy": [],
            "having": [],
            "orderBy": [
                "desc",
                [
                    [
                        0,
                        [
                            0,
                            7,
                            false
                        ],
                        null
                    ]
                ]
            ],
            "limit": 1,
            "intersect": null,
            "union": null,
            "except": null
        },
        "complexity": "medium",
        "query_len": 10
    },
    {
        "db_id": "roller_coaster",
        "query": "SELECT Name FROM country WHERE Languages != \"German\"",
        "query_toks": [
            "SELECT",
            "Name",
            "FROM",
            "country",
            "WHERE",
            "Languages",
            "!",
            "=",
            "``",
            "German",
            "''"
        ],
        "query_toks_no_value": [
            "select",
            "name",
            "from",
            "country",
            "where",
            "languages",
            "!",
            "=",
            "value"
        ],
        "question": "List the names of countries whose language is not \"German\".",
        "question_toks": [
            "List",
            "the",
            "names",
            "of",
            "countries",
            "whose",
            "language",
            "is",
            "not",
            "``",
            "German",
            "''",
            "."
        ],
        "sql": {
            "from": {
                "table_units": [
                    [
                        "table_unit",
                        1
                    ]
                ],
                "conds": []
            },
            "select": [
                false,
                [
                    [
                        0,
                        [
                            0,
                            [
                                0,
                                11,
                                false
                            ],
                            null
                        ]
                    ]
                ]
            ],
            "where": [
                [
                    false,
                    7,
                    [
                        0,
                        [
                            0,
                            14,
                            false
                        ],
                        null
                    ],
                    "\"German\"",
                    null
                ]
            ],
            "groupBy": [],
            "having": [],
            "orderBy": [],
            "limit": null,
            "intersect": null,
            "union": null,
            "except": null
        },
        "complexity": "easy",
        "query_len": 11
    },
    {
        "db_id": "roller_coaster",
        "query": "SELECT Status FROM roller_coaster WHERE LENGTH  >  3300 OR Height  >  100",
        "query_toks": [
            "SELECT",
            "Status",
            "FROM",
            "roller_coaster",
            "WHERE",
            "LENGTH",
            ">",
            "3300",
            "OR",
            "Height",
            ">",
            "100"
        ],
        "query_toks_no_value": [
            "select",
            "status",
            "from",
            "roller_coaster",
            "where",
            "length",
            ">",
            "value",
            "or",
            "height",
            ">",
            "value"
        ],
        "question": "Show the statuses of roller coasters longer than 3300 or higher than 100.",
        "question_toks": [
            "Show",
            "the",
            "statuses",
            "of",
            "roller",
            "coasters",
            "longer",
            "than",
            "3300",
            "or",
            "higher",
            "than",
            "100",
            "."
        ],
        "sql": {
            "from": {
                "table_units": [
                    [
                        "table_unit",
                        0
                    ]
                ],
                "conds": []
            },
            "select": [
                false,
                [
                    [
                        0,
                        [
                            0,
                            [
                                0,
                                9,
                                false
                            ],
                            null
                        ]
                    ]
                ]
            ],
            "where": [
                [
                    false,
                    3,
                    [
                        0,
                        [
                            0,
                            5,
                            false
                        ],
                        null
                    ],
                    3300.0,
                    null
                ],
                "or",
                [
                    false,
                    3,
                    [
                        0,
                        [
                            0,
                            6,
                            false
                        ],
                        null
                    ],
                    100.0,
                    null
                ]
            ],
            "groupBy": [],
            "having": [],
            "orderBy": [],
            "limit": null,
            "intersect": null,
            "union": null,
            "except": null
        },
        "complexity": "medium",
        "query_len": 12
    },
    {
        "db_id": "roller_coaster",
        "query": "SELECT Status ,  COUNT(*) FROM roller_coaster GROUP BY Status",
        "query_toks": [
            "SELECT",
            "Status",
            ",",
            "COUNT",
            "(",
            "*",
            ")",
            "FROM",
            "roller_coaster",
            "GROUP",
            "BY",
            "Status"
        ],
        "query_toks_no_value": [
            "select",
            "status",
            ",",
            "count",
            "(",
            "*",
            ")",
            "from",
            "roller_coaster",
            "group",
            "by",
            "status"
        ],
        "question": "Show the different statuses and the numbers of roller coasters for each status.",
        "question_toks": [
            "Show",
            "the",
            "different",
            "statuses",
            "and",
            "the",
            "numbers",
            "of",
            "roller",
            "coasters",
            "for",
            "each",
            "status",
            "."
        ],
        "sql": {
            "from": {
                "table_units": [
                    [
                        "table_unit",
                        0
                    ]
                ],
                "conds": []
            },
            "select": [
                false,
                [
                    [
                        0,
                        [
                            0,
                            [
                                0,
                                9,
                                false
                            ],
                            null
                        ]
                    ],
                    [
                        3,
                        [
                            0,
                            [
                                0,
                                0,
                                false
                            ],
                            null
                        ]
                    ]
                ]
            ],
            "where": [],
            "groupBy": [
                [
                    0,
                    9,
                    false
                ]
            ],
            "having": [],
            "orderBy": [],
            "limit": null,
            "intersect": null,
            "union": null,
            "except": null
        },
        "complexity": "medium",
        "query_len": 12
    },
    {
        "db_id": "roller_coaster",
        "query": "SELECT Status FROM roller_coaster GROUP BY Status HAVING COUNT(*)  >  2",
        "query_toks": [
            "SELECT",
            "Status",
            "FROM",
            "roller_coaster",
            "GROUP",
            "BY",
            "Status",
            "HAVING",
            "COUNT",
            "(",
            "*",
            ")",
            ">",
            "2"
        ],
        "query_toks_no_value": [
            "select",
            "status",
            "from",
            "roller_coaster",
            "group",
            "by",
            "status",
            "having",
            "count",
            "(",
            "*",
            ")",
            ">",
            "value"
        ],
        "question": "List the status shared by more than two roller coaster.",
        "question_toks": [
            "List",
            "the",
            "status",
            "shared",
            "by",
            "more",
            "than",
            "two",
            "roller",
            "coaster",
            "."
        ],
        "sql": {
            "from": {
                "table_units": [
                    [
                        "table_unit",
                        0
                    ]
                ],
                "conds": []
            },
            "select": [
                false,
                [
                    [
                        0,
                        [
                            0,
                            [
                                0,
                                9,
                                false
                            ],
                            null
                        ]
                    ]
                ]
            ],
            "where": [],
            "groupBy": [
                [
                    0,
                    9,
                    false
                ]
            ],
            "having": [
                [
                    false,
                    3,
                    [
                        0,
                        [
                            3,
                            0,
                            false
                        ],
                        null
                    ],
                    2.0,
                    null
                ]
            ],
            "orderBy": [],
            "limit": null,
            "intersect": null,
            "union": null,
            "except": null
        },
        "complexity": "easy",
        "query_len": 14
    },
    {
        "db_id": "roller_coaster",
        "query": "SELECT Status FROM roller_coaster GROUP BY Status ORDER BY COUNT(*) DESC LIMIT 1",
        "query_toks": [
            "SELECT",
            "Status",
            "FROM",
            "roller_coaster",
            "GROUP",
            "BY",
            "Status",
            "ORDER",
            "BY",
            "COUNT",
            "(",
            "*",
            ")",
            "DESC",
            "LIMIT",
            "1"
        ],
        "query_toks_no_value": [
            "select",
            "status",
            "from",
            "roller_coaster",
            "group",
            "by",
            "status",
            "order",
            "by",
            "count",
            "(",
            "*",
            ")",
            "desc",
            "limit",
            "value"
        ],
        "question": "Please show the most common status of roller coasters.",
        "question_toks": [
            "Please",
            "show",
            "the",
            "most",
            "common",
            "status",
            "of",
            "roller",
            "coasters",
            "."
        ],
        "sql": {
            "from": {
                "table_units": [
                    [
                        "table_unit",
                        0
                    ]
                ],
                "conds": []
            },
            "select": [
                false,
                [
                    [
                        0,
                        [
                            0,
                            [
                                0,
                                9,
                                false
                            ],
                            null
                        ]
                    ]
                ]
            ],
            "where": [],
            "groupBy": [
                [
                    0,
                    9,
                    false
                ]
            ],
            "having": [],
            "orderBy": [
                "desc",
                [
                    [
                        0,
                        [
                            3,
                            0,
                            false
                        ],
                        null
                    ]
                ]
            ],
            "limit": 1,
            "intersect": null,
            "union": null,
            "except": null
        },
        "complexity": "hard",
        "query_len": 16
    },
    {
        "db_id": "roller_coaster",
        "query": "SELECT T2.Name ,  T1.Name FROM country AS T1 JOIN roller_coaster AS T2 ON T1.Country_ID  =  T2.Country_ID",
        "query_toks": [
            "SELECT",
            "T2.Name",
            ",",
            "T1.Name",
            "FROM",
            "country",
            "AS",
            "T1",
            "JOIN",
            "roller_coaster",
            "AS",
            "T2",
            "ON",
            "T1.Country_ID",
            "=",
            "T2.Country_ID"
        ],
        "query_toks_no_value": [
            "select",
            "t2",
            ".",
            "name",
            ",",
            "t1",
            ".",
            "name",
            "from",
            "country",
            "as",
            "t1",
            "join",
            "roller_coaster",
            "as",
            "t2",
            "on",
            "t1",
            ".",
            "country_id",
            "=",
            "t2",
            ".",
            "country_id"
        ],
        "question": "Show the names of roller coasters and names of country they are in.",
        "question_toks": [
            "Show",
            "the",
            "names",
            "of",
            "roller",
            "coasters",
            "and",
            "names",
            "of",
            "country",
            "they",
            "are",
            "in",
            "."
        ],
        "sql": {
            "from": {
                "table_units": [
                    [
                        "table_unit",
                        1
                    ],
                    [
                        "table_unit",
                        0
                    ]
                ],
                "conds": [
                    [
                        false,
                        2,
                        [
                            0,
                            [
                                0,
                                10,
                                false
                            ],
                            null
                        ],
                        [
                            0,
                            4,
                            false
                        ],
                        null
                    ]
                ]
            },
            "select": [
                false,
                [
                    [
                        0,
                        [
                            0,
                            [
                                0,
                                2,
                                false
                            ],
                            null
                        ]
                    ],
                    [
                        0,
                        [
                            0,
                            [
                                0,
                                11,
                                false
                            ],
                            null
                        ]
                    ]
                ]
            ],
            "where": [],
            "groupBy": [],
            "having": [],
            "orderBy": [],
            "limit": null,
            "intersect": null,
            "union": null,
            "except": null
        },
        "complexity": "medium",
        "query_len": 16
    },
    {
        "db_id": "roller_coaster",
        "query": "SELECT count(*) FROM country WHERE country_id NOT IN ( SELECT country_id FROM roller_coaster WHERE LENGTH  >  3000 )",
        "query_toks": [
            "SELECT",
            "count",
            "(",
            "*",
            ")",
            "FROM",
            "country",
            "WHERE",
            "country_id",
            "NOT",
            "IN",
            "(",
            "SELECT",
            "country_id",
            "FROM",
            "roller_coaster",
            "WHERE",
            "LENGTH",
            ">",
            "3000",
            ")"
        ],
        "query_toks_no_value": [
            "select",
            "count",
            "(",
            "*",
            ")",
            "from",
            "country",
            "where",
            "country_id",
            "not",
            "in",
            "(",
            "select",
            "country_id",
            "from",
            "roller_coaster",
            "where",
            "length",
            ">",
            "value",
            ")"
        ],
        "question": "How many countries do not have an roller coaster longer than 3000?",
        "question_toks": [
            "How",
            "many",
            "countries",
            "do",
            "not",
            "have",
            "an",
            "roller",
            "coaster",
            "longer",
            "than",
            "3000",
            "?"
        ],
        "sql": {
            "from": {
                "table_units": [
                    [
                        "table_unit",
                        1
                    ]
                ],
                "conds": []
            },
            "select": [
                false,
                [
                    [
                        3,
                        [
                            0,
                            [
                                0,
                                0,
                                false
                            ],
                            null
                        ]
                    ]
                ]
            ],
            "where": [
                [
                    true,
                    8,
                    [
                        0,
                        [
                            0,
                            10,
                            false
                        ],
                        null
                    ],
                    {
                        "from": {
                            "table_units": [
                                [
                                    "table_unit",
                                    0
                                ]
                            ],
                            "conds": []
                        },
                        "select": [
                            false,
                            [
                                [
                                    0,
                                    [
                                        0,
                                        [
                                            0,
                                            4,
                                            false
                                        ],
                                        null
                                    ]
                                ]
                            ]
                        ],
                        "where": [
                            [
                                false,
                                3,
                                [
                                    0,
                                    [
                                        0,
                                        5,
                                        false
                                    ],
                                    null
                                ],
                                3000.0,
                                null
                            ]
                        ],
                        "groupBy": [],
                        "having": [],
                        "orderBy": [],
                        "limit": null,
                        "intersect": null,
                        "union": null,
                        "except": null
                    },
                    null
                ]
            ],
            "groupBy": [],
            "having": [],
            "orderBy": [],
            "limit": null,
            "intersect": null,
            "union": null,
            "except": null
        },
        "complexity": "extra",
        "query_len": 21
    },
    {
        "db_id": "roller_coaster",
        "query": "SELECT T1.Name ,  T1.population FROM country AS T1 JOIN roller_coaster AS T2 ON T1.Country_ID  =  T2.Country_ID ORDER BY T2.Height DESC LIMIT 1",
        "query_toks": [
            "SELECT",
            "T1.Name",
            ",",
            "T1.population",
            "FROM",
            "country",
            "AS",
            "T1",
            "JOIN",
            "roller_coaster",
            "AS",
            "T2",
            "ON",
            "T1.Country_ID",
            "=",
            "T2.Country_ID",
            "ORDER",
            "BY",
            "T2.Height",
            "DESC",
            "LIMIT",
            "1"
        ],
        "query_toks_no_value": [
            "select",
            "t1",
            ".",
            "name",
            ",",
            "t1",
            ".",
            "population",
            "from",
            "country",
            "as",
            "t1",
            "join",
            "roller_coaster",
            "as",
            "t2",
            "on",
            "t1",
            ".",
            "country_id",
            "=",
            "t2",
            ".",
            "country_id",
            "order",
            "by",
            "t2",
            ".",
            "height",
            "desc",
            "limit",
            "value"
        ],
        "question": "Show the name and population of the country that has the highest roller coaster.",
        "question_toks": [
            "Show",
            "the",
            "name",
            "and",
            "population",
            "of",
            "the",
            "country",
            "that",
            "has",
            "the",
            "highest",
            "roller",
            "coaster",
            "."
        ],
        "sql": {
            "from": {
                "table_units": [
                    [
                        "table_unit",
                        1
                    ],
                    [
                        "table_unit",
                        0
                    ]
                ],
                "conds": [
                    [
                        false,
                        2,
                        [
                            0,
                            [
                                0,
                                10,
                                false
                            ],
                            null
                        ],
                        [
                            0,
                            4,
                            false
                        ],
                        null
                    ]
                ]
            },
            "select": [
                false,
                [
                    [
                        0,
                        [
                            0,
                            [
                                0,
                                11,
                                false
                            ],
                            null
                        ]
                    ],
                    [
                        0,
                        [
                            0,
                            [
                                0,
                                12,
                                false
                            ],
                            null
                        ]
                    ]
                ]
            ],
            "where": [],
            "groupBy": [],
            "having": [],
            "orderBy": [
                "desc",
                [
                    [
                        0,
                        [
                            0,
                            6,
                            false
                        ],
                        null
                    ]
                ]
            ],
            "limit": 1,
            "intersect": null,
            "union": null,
            "except": null
        },
        "complexity": "hard",
        "query_len": 22
    },
    {
        "db_id": "roller_coaster",
        "query": "SELECT T1.Name ,  avg(T2.Speed) FROM country AS T1 JOIN roller_coaster AS T2 ON T1.Country_ID  =  T2.Country_ID GROUP BY T1.Name",
        "query_toks": [
            "SELECT",
            "T1.Name",
            ",",
            "avg",
            "(",
            "T2.Speed",
            ")",
            "FROM",
            "country",
            "AS",
            "T1",
            "JOIN",
            "roller_coaster",
            "AS",
            "T2",
            "ON",
            "T1.Country_ID",
            "=",
            "T2.Country_ID",
            "GROUP",
            "BY",
            "T1.Name"
        ],
        "query_toks_no_value": [
            "select",
            "t1",
            ".",
            "name",
            ",",
            "avg",
            "(",
            "t2",
            ".",
            "speed",
            ")",
            "from",
            "country",
            "as",
            "t1",
            "join",
            "roller_coaster",
            "as",
            "t2",
            "on",
            "t1",
            ".",
            "country_id",
            "=",
            "t2",
            ".",
            "country_id",
            "group",
            "by",
            "t1",
            ".",
            "name"
        ],
        "question": "Show the names of countries and the average speed of roller coasters from each country.",
        "question_toks": [
            "Show",
            "the",
            "names",
            "of",
            "countries",
            "and",
            "the",
            "average",
            "speed",
            "of",
            "roller",
            "coasters",
            "from",
            "each",
            "country",
            "."
        ],
        "sql": {
            "from": {
                "table_units": [
                    [
                        "table_unit",
                        1
                    ],
                    [
                        "table_unit",
                        0
                    ]
                ],
                "conds": [
                    [
                        false,
                        2,
                        [
                            0,
                            [
                                0,
                                10,
                                false
                            ],
                            null
                        ],
                        [
                            0,
                            4,
                            false
                        ],
                        null
                    ]
                ]
            },
            "select": [
                false,
                [
                    [
                        0,
                        [
                            0,
                            [
                                0,
                                11,
                                false
                            ],
                            null
                        ]
                    ],
                    [
                        5,
                        [
                            0,
                            [
                                0,
                                7,
                                false
                            ],
                            null
                        ]
                    ]
                ]
            ],
            "where": [],
            "groupBy": [
                [
                    0,
                    11,
                    false
                ]
            ],
            "having": [],
            "orderBy": [],
            "limit": null,
            "intersect": null,
            "union": null,
            "except": null
        },
        "complexity": "medium",
        "query_len": 22
    },
    {
        "db_id": "roller_coaster",
        "query": "SELECT T1.Name FROM country AS T1 JOIN roller_coaster AS T2 ON T1.Country_ID  =  T2.Country_ID GROUP BY T1.Name HAVING COUNT(*)  >  1",
        "query_toks": [
            "SELECT",
            "T1.Name",
            "FROM",
            "country",
            "AS",
            "T1",
            "JOIN",
            "roller_coaster",
            "AS",
            "T2",
            "ON",
            "T1.Country_ID",
            "=",
            "T2.Country_ID",
            "GROUP",
            "BY",
            "T1.Name",
            "HAVING",
            "COUNT",
            "(",
            "*",
            ")",
            ">",
            "1"
        ],
        "query_toks_no_value": [
            "select",
            "t1",
            ".",
            "name",
            "from",
            "country",
            "as",
            "t1",
            "join",
            "roller_coaster",
            "as",
            "t2",
            "on",
            "t1",
            ".",
            "country_id",
            "=",
            "t2",
            ".",
            "country_id",
            "group",
            "by",
            "t1",
            ".",
            "name",
            "having",
            "count",
            "(",
            "*",
            ")",
            ">",
            "value"
        ],
        "question": "Show the names of countries that have more than one roller coaster.",
        "question_toks": [
            "Show",
            "the",
            "names",
            "of",
            "countries",
            "that",
            "have",
            "more",
            "than",
            "one",
            "roller",
            "coaster",
            "."
        ],
        "sql": {
            "from": {
                "table_units": [
                    [
                        "table_unit",
                        1
                    ],
                    [
                        "table_unit",
                        0
                    ]
                ],
                "conds": [
                    [
                        false,
                        2,
                        [
                            0,
                            [
                                0,
                                10,
                                false
                            ],
                            null
                        ],
                        [
                            0,
                            4,
                            false
                        ],
                        null
                    ]
                ]
            },
            "select": [
                false,
                [
                    [
                        0,
                        [
                            0,
                            [
                                0,
                                11,
                                false
                            ],
                            null
                        ]
                    ]
                ]
            ],
            "where": [],
            "groupBy": [
                [
                    0,
                    11,
                    false
                ]
            ],
            "having": [
                [
                    false,
                    3,
                    [
                        0,
                        [
                            3,
                            0,
                            false
                        ],
                        null
                    ],
                    1.0,
                    null
                ]
            ],
            "orderBy": [],
            "limit": null,
            "intersect": null,
            "union": null,
            "except": null
        },
        "complexity": "medium",
        "query_len": 24
    },
    {
        "db_id": "roller_coaster",
        "query": "SELECT T1.name ,  T1.area ,  T1.population FROM country AS T1 JOIN roller_coaster AS T2 ON T1.Country_ID  =  T2.Country_ID WHERE T2.speed  >  60 INTERSECT SELECT T1.name ,  T1.area ,  T1.population FROM country AS T1 JOIN roller_coaster AS T2 ON T1.Country_ID  =  T2.Country_ID WHERE T2.speed  <  55",
        "query_toks": [
            "SELECT",
            "T1.name",
            ",",
            "T1.area",
            ",",
            "T1.population",
            "FROM",
            "country",
            "AS",
            "T1",
            "JOIN",
            "roller_coaster",
            "AS",
            "T2",
            "ON",
            "T1.Country_ID",
            "=",
            "T2.Country_ID",
            "WHERE",
            "T2.speed",
            ">",
            "60",
            "INTERSECT",
            "SELECT",
            "T1.name",
            ",",
            "T1.area",
            ",",
            "T1.population",
            "FROM",
            "country",
            "AS",
            "T1",
            "JOIN",
            "roller_coaster",
            "AS",
            "T2",
            "ON",
            "T1.Country_ID",
            "=",
            "T2.Country_ID",
            "WHERE",
            "T2.speed",
            "<",
            "55"
        ],
        "query_toks_no_value": [
            "select",
            "t1",
            ".",
            "name",
            ",",
            "t1",
            ".",
            "area",
            ",",
            "t1",
            ".",
            "population",
            "from",
            "country",
            "as",
            "t1",
            "join",
            "roller_coaster",
            "as",
            "t2",
            "on",
            "t1",
            ".",
            "country_id",
            "=",
            "t2",
            ".",
            "country_id",
            "where",
            "t2",
            ".",
            "speed",
            ">",
            "value",
            "intersect",
            "select",
            "t1",
            ".",
            "name",
            ",",
            "t1",
            ".",
            "area",
            ",",
            "t1",
            ".",
            "population",
            "from",
            "country",
            "as",
            "t1",
            "join",
            "roller_coaster",
            "as",
            "t2",
            "on",
            "t1",
            ".",
            "country_id",
            "=",
            "t2",
            ".",
            "country_id",
            "where",
            "t2",
            ".",
            "speed",
            "<",
            "value"
        ],
        "question": "What are the country names, area and population which has both roller coasters with speed higher",
        "question_toks": [
            "What",
            "are",
            "the",
            "country",
            "names",
            ",",
            "area",
            "and",
            "population",
            "which",
            "has",
            "both",
            "roller",
            "coasters",
            "with",
            "speed",
            "higher"
        ],
        "sql": {
            "from": {
                "table_units": [
                    [
                        "table_unit",
                        1
                    ],
                    [
                        "table_unit",
                        0
                    ]
                ],
                "conds": [
                    [
                        false,
                        2,
                        [
                            0,
                            [
                                0,
                                10,
                                false
                            ],
                            null
                        ],
                        [
                            0,
                            4,
                            false
                        ],
                        null
                    ]
                ]
            },
            "select": [
                false,
                [
                    [
                        0,
                        [
                            0,
                            [
                                0,
                                11,
                                false
                            ],
                            null
                        ]
                    ],
                    [
                        0,
                        [
                            0,
                            [
                                0,
                                13,
                                false
                            ],
                            null
                        ]
                    ],
                    [
                        0,
                        [
                            0,
                            [
                                0,
                                12,
                                false
                            ],
                            null
                        ]
                    ]
                ]
            ],
            "where": [
                [
                    false,
                    3,
                    [
                        0,
                        [
                            0,
                            7,
                            false
                        ],
                        null
                    ],
                    60.0,
                    null
                ]
            ],
            "groupBy": [],
            "having": [],
            "orderBy": [],
            "limit": null,
            "intersect": {
                "from": {
                    "table_units": [
                        [
                            "table_unit",
                            1
                        ],
                        [
                            "table_unit",
                            0
                        ]
                    ],
                    "conds": [
                        [
                            false,
                            2,
                            [
                                0,
                                [
                                    0,
                                    10,
                                    false
                                ],
                                null
                            ],
                            [
                                0,
                                4,
                                false
                            ],
                            null
                        ]
                    ]
                },
                "select": [
                    false,
                    [
                        [
                            0,
                            [
                                0,
                                [
                                    0,
                                    11,
                                    false
                                ],
                                null
                            ]
                        ],
                        [
                            0,
                            [
                                0,
                                [
                                    0,
                                    13,
                                    false
                                ],
                                null
                            ]
                        ],
                        [
                            0,
                            [
                                0,
                                [
                                    0,
                                    12,
                                    false
                                ],
                                null
                            ]
                        ]
                    ]
                ],
                "where": [
                    [
                        false,
                        4,
                        [
                            0,
                            [
                                0,
                                7,
                                false
                            ],
                            null
                        ],
                        55.0,
                        null
                    ]
                ],
                "groupBy": [],
                "having": [],
                "orderBy": [],
                "limit": null,
                "intersect": null,
                "union": null,
                "except": null
            },
            "union": null,
            "except": null
        },
        "complexity": "extra",
        "query_len": 45
    }
]